-- MySQL dump 10.13  Distrib 9.0.1, for Linux (x86_64)
--
-- Host: loc alhost    Database: db_kenecare
-- ------------------------------------------------------
-- Server version	9.0.1

/*!40101 SET @OLD_CHARACTER_SET_CLIENT=@@CHARACTER_SET_CLIENT */;
/*!40101 SET @OLD_CHARACTER_SET_RESULTS=@@CHARACTER_SET_RESULTS */;
/*!40101 SET @OLD_COLLATION_CONNECTION=@@COLLATION_CONNECTION */;
/*!50503 SET NAMES utf8mb4 */;
/*!40103 SET @OLD_TIME_ZONE=@@TIME_ZONE */;
/*!40103 SET TIME_ZONE='+00:00' */;
/*!40014 SET @OLD_UNIQUE_CHECKS=@@UNIQUE_CHECKS, UNIQUE_CHECKS=0 */;
/*!40014 SET @OLD_FOREIGN_KEY_CHECKS=@@FOREIGN_KEY_CHECKS, FOREIGN_KEY_CHECKS=0 */;
/*!40101 SET @OLD_SQL_MODE=@@SQL_MODE, SQL_MODE='NO_AUTO_VALUE_ON_ZERO' */;
/*!40111 SET @OLD_SQL_NOTES=@@SQL_NOTES, SQL_NOTES=0 */;

--
-- Table structure for table `admins`
--

DROP TABLE IF EXISTS `admins`;
/*!40101 SET @saved_cs_client     = @@character_set_client */;
/*!50503 SET character_set_client = utf8mb4 */;
CREATE TABLE `admins` (
  `admin_id` int NOT NULL AUTO_INCREMENT,
  `fullname` varchar(255) NOT NULL,
  `email` varchar(255) NOT NULL,
  `mobile_number` varchar(50) DEFAULT NULL,
  `password` varchar(255) NOT NULL,
  `is_account_active` tinyint NOT NULL DEFAULT '1',
  `created_at` timestamp NOT NULL DEFAULT CURRENT_TIMESTAMP,
  `updated_at` timestamp NOT NULL DEFAULT CURRENT_TIMESTAMP ON UPDATE CURRENT_TIMESTAMP,
  PRIMARY KEY (`admin_id`),
  UNIQUE KEY `uq_admin_email` (`email`),
  UNIQUE KEY `uq_admin_mobile_number` (`mobile_number`),
  CONSTRAINT `chk_is_account_active` CHECK ((`is_account_active` in (0,1)))
) ENGINE=InnoDB AUTO_INCREMENT=4 DEFAULT CHARSET=utf8mb4 COLLATE=utf8mb4_0900_ai_ci;
/*!40101 SET character_set_client = @saved_cs_client */;

--
-- Dumping data for table `admins`
--

LOCK TABLES `admins` WRITE;
/*!40000 ALTER TABLE `admins` DISABLE KEYS */;
INSERT INTO `admins` VALUES (1,'Chinedum Eke','chinedum.eke@kenecare.com','+23278822683','$2a$10$gZyXrYQY6YrhtMHE9bnjvuRvpsjE7fSpOWlNylrdt1v4J1GFLWaVK',1,'2023-10-14 19:32:16','2023-12-19 19:26:19'),(3,'Administrator','admin@kenecare.com','+23278500300','$2a$10$H2ER195UtdAVURbulL1gAe.8W4bpg4NZCo.Qpx51hq3v/c2BPAW9S',1,'2023-12-19 19:30:16','2023-12-19 19:30:16');
/*!40000 ALTER TABLE `admins` ENABLE KEYS */;
UNLOCK TABLES;

--
-- Table structure for table `appointment_feedbacks`
--

DROP TABLE IF EXISTS `appointment_feedbacks`;
/*!40101 SET @saved_cs_client     = @@character_set_client */;
/*!50503 SET character_set_client = utf8mb4 */;
CREATE TABLE `appointment_feedbacks` (
  `appointment_feedback_id` int NOT NULL AUTO_INCREMENT,
  `appointment_id` int NOT NULL,
  `feedback_content` varchar(1000) NOT NULL,
  `created_at` timestamp NOT NULL DEFAULT CURRENT_TIMESTAMP,
  `updated_at` timestamp NOT NULL DEFAULT CURRENT_TIMESTAMP ON UPDATE CURRENT_TIMESTAMP,
  PRIMARY KEY (`appointment_feedback_id`),
  KEY `fk_feedback_appointment_id` (`appointment_id`),
  CONSTRAINT `fk_appointment_feedback` FOREIGN KEY (`appointment_id`) REFERENCES `medical_appointments` (`appointment_id`) ON DELETE CASCADE ON UPDATE CASCADE
) ENGINE=InnoDB DEFAULT CHARSET=utf8mb4 COLLATE=utf8mb4_0900_ai_ci;
/*!40101 SET character_set_client = @saved_cs_client */;

--
-- Dumping data for table `appointment_feedbacks`
--

LOCK TABLES `appointment_feedbacks` WRITE;
/*!40000 ALTER TABLE `appointment_feedbacks` DISABLE KEYS */;
/*!40000 ALTER TABLE `appointment_feedbacks` ENABLE KEYS */;
UNLOCK TABLES;

--
-- Table structure for table `appointment_followup`
--

DROP TABLE IF EXISTS `appointment_followup`;
/*!40101 SET @saved_cs_client     = @@character_set_client */;
/*!50503 SET character_set_client = utf8mb4 */;
CREATE TABLE `appointment_followup` (
  `followup_id` int NOT NULL AUTO_INCREMENT,
  `appointment_id` int NOT NULL,
  `followup_date` date NOT NULL,
  `followup_time` time NOT NULL,
  `reason` varchar(1000) DEFAULT NULL,
  `followup_status` enum('pending','completed','canceled') DEFAULT 'pending',
  `followup_type` enum('online_consultation','doctor_visit','patient_visit') DEFAULT NULL,
  `meeting_id` int DEFAULT NULL,
  `created_at` timestamp NULL DEFAULT CURRENT_TIMESTAMP,
  `updated_at` timestamp NULL DEFAULT CURRENT_TIMESTAMP ON UPDATE CURRENT_TIMESTAMP,
  `doctor_id` int DEFAULT NULL,
  PRIMARY KEY (`followup_id`),
  KEY `fk_followup_appointment` (`appointment_id`),
  KEY `fk_followup_meeting` (`meeting_id`),
  KEY `fk_followup_doctor` (`doctor_id`),
  CONSTRAINT `fk_followup_appointment` FOREIGN KEY (`appointment_id`) REFERENCES `medical_appointments` (`appointment_id`) ON DELETE CASCADE ON UPDATE CASCADE,
  CONSTRAINT `fk_followup_doctor` FOREIGN KEY (`doctor_id`) REFERENCES `doctors` (`doctor_id`) ON DELETE CASCADE ON UPDATE CASCADE,
  CONSTRAINT `fk_followup_meeting` FOREIGN KEY (`meeting_id`) REFERENCES `zoom_meetings` (`meeting_id`) ON DELETE CASCADE ON UPDATE CASCADE
) ENGINE=InnoDB AUTO_INCREMENT=5 DEFAULT CHARSET=utf8mb4 COLLATE=utf8mb4_0900_ai_ci;
/*!40101 SET character_set_client = @saved_cs_client */;

--
-- Dumping data for table `appointment_followup`
--

LOCK TABLES `appointment_followup` WRITE;
/*!40000 ALTER TABLE `appointment_followup` DISABLE KEYS */;
INSERT INTO `appointment_followup` VALUES (1,225,'2024-12-11','15:40:00','This is a sample reason for the follow up','pending','online_consultation',NULL,'2024-12-09 16:15:42','2024-12-09 16:15:42',2),(2,118,'2024-12-11','20:52:00','test 35','pending','',NULL,'2024-12-09 16:52:33','2024-12-09 16:52:33',2),(3,118,'2024-12-12','15:40:00','This is a sample reason for the follow up 442','pending','online_consultation',NULL,'2024-12-09 16:59:33','2024-12-09 16:59:33',2),(4,118,'2024-12-10','22:08:00','test 12223','pending','online_consultation',NULL,'2024-12-09 17:09:09','2024-12-09 17:09:09',2);
/*!40000 ALTER TABLE `appointment_followup` ENABLE KEYS */;
UNLOCK TABLES;

--
-- Table structure for table `appointment_payments`
--

DROP TABLE IF EXISTS `appointment_payments`;
/*!40101 SET @saved_cs_client     = @@character_set_client */;
/*!50503 SET character_set_client = utf8mb4 */;
CREATE TABLE `appointment_payments` (
  `payment_id` int NOT NULL AUTO_INCREMENT,
  `appointment_id` int NOT NULL,
  `amount_paid` decimal(10,6) NOT NULL,
  `currency` varchar(15) DEFAULT 'SLL',
  `payment_method` varchar(100) NOT NULL,
  `order_id` varchar(255) NOT NULL,
  `transaction_id` varchar(255) DEFAULT NULL,
  `payment_token` varchar(255) DEFAULT NULL,
  `notification_token` varchar(255) DEFAULT NULL,
  `payment_status` varchar(100) NOT NULL DEFAULT 'initiated',
  `created_at` timestamp NOT NULL DEFAULT CURRENT_TIMESTAMP,
  `updated_at` timestamp NOT NULL DEFAULT CURRENT_TIMESTAMP ON UPDATE CURRENT_TIMESTAMP,
  PRIMARY KEY (`payment_id`),
  UNIQUE KEY `uq_appointment_id` (`appointment_id`),
  KEY `fk_payment_appointment_id` (`appointment_id`),
  CONSTRAINT `fk_payment_appointment` FOREIGN KEY (`appointment_id`) REFERENCES `medical_appointments` (`appointment_id`) ON DELETE CASCADE ON UPDATE CASCADE
) ENGINE=InnoDB AUTO_INCREMENT=351 DEFAULT CHARSET=utf8mb4 COLLATE=utf8mb4_0900_ai_ci;
/*!40101 SET character_set_client = @saved_cs_client */;

--
-- Dumping data for table `appointment_payments`
--

LOCK TABLES `appointment_payments` WRITE;
/*!40000 ALTER TABLE `appointment_payments` DISABLE KEYS */;
INSERT INTO `appointment_payments` VALUES (1,1,500.000000,'SLL','ORNAGE MONEY','98c9c151-901b-49cb-b024-4847687c2c5c','MP240301.1638.A02059','v16ms99r0kve6mmsc27vjnnmj2xyvr5uiffaidk5aipep2xg0qcldcm0g96bvnvq','xlqygnjj8thewejem5fo1xvonafgf9q5','success','2024-03-01 15:37:15','2024-03-01 15:38:35'),(6,6,500.000000,'SLL','ORNAGE MONEY','b22f7e9d-3fd4-4088-affd-95b2cfcf61e5','MP240302.1313.A02061','v1ylc2kiuu8r36llswgrif0zjocg8ool4b5zodeaf6jjhtfc4ykk3wsi5trd59r2','ococf7fhqqhplprkqrj1grtq5f70xmoy','success','2024-03-02 12:12:43','2024-03-02 12:13:59'),(96,97,500.000000,'SLL','ORNAGE MONEY','da890e78-f22b-43c1-9f38-6dc4df256ba1','MP240401.1657.A02323','v1znf5nyvw9ex9yakm99vckrx3bn4ios7twdx9twkthea3bh1jnax3md3kegedfd','2yxxaipzafdgo2xdxhrio3d9jzkphhbn','success','2024-04-01 14:57:01','2024-04-01 14:57:58'),(98,99,500.000000,'SLL','ORNAGE MONEY','7905d167-916c-4857-b688-39820ee7f238','MP240401.1701.A02324','v1sah1jzeeyytxxkkmw20eovplkagrppq3kgzldeowyppwlol0yakzz1bva3l1vs','hloiqo0alc9vo87vp2gkzynvzk7sz3e2','success','2024-04-01 15:00:54','2024-04-01 15:01:33'),(101,102,500.000000,'SLL','ORNAGE MONEY','8ef64274-8632-428c-8a2b-70c93d9765f1','MP240415.1851.B02554','v1eudh9qwlg23k3xo8jrncvyssszj41pbgp48hm0pumxrsvaxzlzxeleem7vpdfs','5zruzqogg2a7afwuxnlvvsnnkcnualk1','success','2024-04-15 16:50:31','2024-04-15 16:51:13'),(102,103,500.000000,'SLL','ORNAGE MONEY','422e03c8-7b63-4305-92bd-b62f9497b5b9','FIRST_FREE_APPOINTMENT','FIRST_FREE_APPOINTMENT','FIRST_FREE_APPOINTMENT','success','2024-04-16 17:04:55','2024-04-16 17:04:55'),(108,109,500.000000,'SLL','ORNAGE MONEY','6f8c57bc-db0f-458e-b5a4-f6cd96052a78','FIRST_FREE_APPOINTMENT','FIRST_FREE_APPOINTMENT','FIRST_FREE_APPOINTMENT','success','2024-05-13 11:06:42','2024-05-13 11:06:42'),(111,112,1.000000,'SLL','ORNAGE MONEY','051fc908-1ea7-4395-95cf-3e2b1eb618da','MP240513.1112.B59578','v1eytxttlqsv3k6xu7zz90tj3jszsuaoxmtqaufw9osg0vv9lu6h3ll7tbxaistk','wjtctemh2x0xgdochchet3baaaawrvtd','success','2024-05-13 11:11:30','2024-05-13 11:12:06'),(115,116,1.000000,'SLL','ORNAGE MONEY','25355afc-03a5-472b-8fa8-5e61c7c39d83','MP240513.1122.A55739','v1i2h47ep6ggghmjsmfp40q6jcs5r0ivcssh5bc7mrazct7t9wxics2tcbhodimh','v6j4zirsm5vdc6vmqjq1a7emtwzdsvby','success','2024-05-13 11:21:05','2024-05-13 11:22:33'),(117,118,1.000000,'SLL','ORNAGE MONEY','e09e6999-59e2-4588-80ae-098c8e4a4002','MP240514.1533.B76843','v1rg3fuycpp84lwaogmskmreawcgdjkd1lr9jdf5l1delsd2hjlph7rsdnx5uqwd','wcxufqsl40ag72akznboqfwily4sserl','success','2024-05-14 15:29:18','2024-05-14 15:33:15'),(120,121,250.000000,'SLL','ORNAGE MONEY','55295c08-9faf-4a63-a957-5f020efb583e','FIRST_FREE_APPOINTMENT','FIRST_FREE_APPOINTMENT','FIRST_FREE_APPOINTMENT','success','2024-05-28 12:43:38','2024-05-28 12:43:38'),(127,128,1.000000,'SLL','ORNAGE MONEY','1441b458-a9c8-4d56-94aa-e5fce0548023','MP240627.1622.A45952','v1zed5uigamdldbtx76kormnofvapwrttx5r0myrpulsyqov0ktwsfi1goslmhqr','k2jwzok7rmggiv7qcysxozsvpt9nnhbj','success','2024-06-27 16:21:23','2024-06-27 16:22:02'),(130,131,1.000000,'SLL','ORNAGE MONEY','bb6922d1-124d-48bb-9f65-18d69c0ab2ff','MP240703.1513.B61830','v1iq3hijszqh1kptefjmexfn6hon8qbhst85uch4ouzuvbbnyj2wqownukuicmwu','ycqv37insfuezqdzcjxsy4vfvegivrtv','success','2024-07-03 15:12:37','2024-07-03 15:13:48'),(134,135,1.000000,'SLL','ORNAGE MONEY','8de149d0-1fd5-4baf-82cc-07c654fe58dc','MP240714.1054.B74160','v142ejxhwg0b8ywgl0sh4gme7peapkwxkxpkmghie9drbfgpuoy4e8j9t1xajdsz','qgv0bussloxdoy0tgneswcqlldnjnhen','success','2024-07-14 10:53:35','2024-07-14 10:54:14'),(138,139,1.000000,'SLL','ORNAGE MONEY','00fd328d-524a-43a4-a081-75fac41b8fb5','MP240717.1638.B32863','v1yhxg3j2tljpcyfijtmiui6trkgphd3lmhkgeuptahr7isjlzkb0ceadnhjvl9b','6lek4pjpfupjn2k4cnmzcdrbynpxsdsp','success','2024-07-17 16:37:31','2024-07-17 16:38:06'),(139,140,1.000000,'SLL','ORNAGE MONEY','54940d09-922f-4d72-b0af-4757de2d8378','FIRST_FREE_APPOINTMENT','FIRST_FREE_APPOINTMENT','FIRST_FREE_APPOINTMENT','success','2024-07-25 17:52:30','2024-07-25 17:52:30'),(141,142,1.000000,'SLL','ORNAGE MONEY','f0a611bc-37ef-4c61-9984-d832c67e26a5','MP240729.2119.B13088','v1vkdfftnj9uqyfv3mat5ru95wygvybpy3hif6fxhz6ttquxydp0ya3xohhjhge7','dn0sgcxhfcnaufrzw9yhlrllmcvk8qlg','success','2024-07-29 21:18:22','2024-07-29 21:19:08'),(148,149,200.000000,'SLL','ORNAGE MONEY','92fe3255-53f8-476b-bca1-56a5e4636da6','FIRST_FREE_APPOINTMENT','FIRST_FREE_APPOINTMENT','FIRST_FREE_APPOINTMENT','success','2024-09-08 17:08:54','2024-09-08 17:08:54'),(151,152,1.000000,'SLL','ORANGE MONEY','b845ba4c-ef24-4030-af10-d092466b11e5','MP240909.1228.A12272','v1zayajypu7uhnzadc1xjdh7mbne1rvo1bwt3pphhyphna442ozyv6aoxctyufmg','3hqlz4ghhiebcvotcytbogcubt2c9smp','success','2024-09-09 12:27:07','2024-09-09 12:28:23'),(153,154,1.000000,'SLL','ORANGE MONEY','29023343-fa90-496e-bbda-105bfd22ee2b','MP240926.1306.B16469','v111r9gku4ka9enm0chvoq4sdpywpnh3dz2bvnn3csmvrg2tei1ycwcikm4pxypk','4g7rihksi9kumfxggpckodigggtkehzi','success','2024-09-26 13:00:31','2024-09-26 13:06:23'),(154,155,1.000000,'SLL','ORNAGE MONEY','3110ea21-b597-4294-bcc8-e4b096aed8f4','FIRST_FREE_APPOINTMENT','FIRST_FREE_APPOINTMENT','FIRST_FREE_APPOINTMENT','success','2024-09-27 12:52:49','2024-09-27 12:52:49'),(157,158,1.000000,'SLL','ORANGE MONEY','6841af46-15db-4f34-80f9-86b19d45e0b6','MP241014.1114.A46687','v14yorg9npk4iruoxibx3o7hxmbijf4cfhsogbps0wdjxa0bkbwnhy8fgujqcbnm','d2eu6oenl7ku25ua4aqnl3axcdzdd2na','success','2024-10-14 11:13:12','2024-10-14 11:14:57'),(158,159,1.000000,'SLL','ORANGE MONEY','ade3f88c-fe5f-4d3c-8c96-f266636fe274','MP241014.1138.B49935','v1qidqtxqy8sk0sxxk56zcdt9nqdnki5a022hhjkepb6p4m9j8hrxeksugggo5xi','ihw5zwyeoxxlmlrj3yd7cxrkpkts0w1n','success','2024-10-14 11:36:06','2024-10-14 11:38:19'),(159,160,1.000000,'SLL','ORANGE MONEY','36d9dce7-55fc-4c99-b095-da456cdd8bc1','MP241025.1343.A69815','v1qn0kaweko4xhoznpnh58t1aqbf90jscoagejpmlipxzmf8y7wyfpbu49tztayv','l9hbjqtmuw82k9znhtpweeczr3opkydx','success','2024-10-25 13:41:56','2024-10-25 13:43:12'),(166,167,1.000000,'SLL','ORANGE MONEY','001bbfda-f912-4f31-a590-c1abbdb70792','MP241126.1439.B66146','v1uk8wuxg8xnidkerbxesysmms83klmixfew8pxugttb7wczgmraco5lzn00btot','hae0mov9dck5rmajzjkoqrshvdra4y80','success','2024-11-26 14:38:49','2024-11-26 14:39:57'),(169,170,1.000000,'SLL','ORNAGE MONEY','6f559956-6b01-4367-b1ac-27172863a62f','FIRST_FREE_APPOINTMENT','FIRST_FREE_APPOINTMENT','FIRST_FREE_APPOINTMENT','success','2024-11-28 14:35:37','2024-11-28 14:35:37'),(171,172,1.000000,'SLL','ORNAGE MONEY','1c56237a-df8f-428b-86fa-b9315dce1df9','FIRST_FREE_APPOINTMENT','FIRST_FREE_APPOINTMENT','FIRST_FREE_APPOINTMENT','success','2024-11-28 14:45:35','2024-11-28 14:45:35'),(172,173,1.000000,'SLL','ORANGE MONEY','b6b65dd8-6b4f-43b4-9d80-d8c8e9aeec96','MP241128.1451.B84787','v1djvr5eqixmhzufjr7yzx8gtgprtmfxakhgz7ry6qzqyoq4221ghm9vi0evdadt','hrsfy9hwztfodnzb64zmtwfepnfwuvyz','success','2024-11-28 14:47:32','2024-11-28 14:51:24'),(173,174,1.000000,'SLL','ORANGE MONEY','57527163-133f-4970-94e9-f89322165996','MP241128.1501.B85759','v1im5cswqijl0guuxawfkwcyy0kdomkwldf9rnikbzfjc732fkbeul9ircc6brtx','vqj4krsbw5mm0yzzto8i0axxxwgra8i7','success','2024-11-28 14:59:47','2024-11-28 15:01:19'),(174,175,1.000000,'SLL','ORNAGE MONEY','32b17868-ec83-41ac-b32f-fddf98ebfd39','FIRST_FREE_APPOINTMENT','FIRST_FREE_APPOINTMENT','FIRST_FREE_APPOINTMENT','success','2024-11-28 15:00:15','2024-11-28 15:00:15'),(177,178,1.000000,'SLL','ORNAGE MONEY','941ca0b0-d90c-48c3-b57d-f273f2cd0590','FIRST_FREE_APPOINTMENT','FIRST_FREE_APPOINTMENT','FIRST_FREE_APPOINTMENT','success','2024-12-02 15:45:58','2024-12-02 15:45:58'),(179,180,1.000000,'SLL','ORNAGE MONEY','a27bdbeb-d789-4b56-a7e5-130f76d93b67','FIRST_FREE_APPOINTMENT','FIRST_FREE_APPOINTMENT','FIRST_FREE_APPOINTMENT','success','2024-12-03 13:55:06','2024-12-03 13:55:06'),(180,181,1.000000,'SLL','ORNAGE MONEY','c85301f2-2246-4f85-b919-8d50b048ce20','FIRST_FREE_APPOINTMENT','FIRST_FREE_APPOINTMENT','FIRST_FREE_APPOINTMENT','success','2024-12-03 13:56:10','2024-12-03 13:56:10'),(181,182,1.000000,'SLL','ORANGE MONEY','b20a22d7-4d0c-4573-8ab0-c24952fe828f','MP241203.1405.B20037','v13cx5syybow2rdox41uw1yrvlqttswpiqfksfulbexa3i5onw29womzemezakxy','ndlpgwuhifcnxswcbeasgbp2m1ofvrwy','success','2024-12-03 14:01:48','2024-12-03 14:05:03'),(182,183,1.000000,'SLL','ORNAGE MONEY','f8b10e9b-82f9-47ae-8ff0-a7b83127cd66','FIRST_FREE_APPOINTMENT','FIRST_FREE_APPOINTMENT','FIRST_FREE_APPOINTMENT','success','2024-12-03 14:03:57','2024-12-03 14:03:57'),(183,184,1.000000,'SLL','ORNAGE MONEY','a6629e8f-3201-487c-b351-c9495e9e660b','FIRST_FREE_APPOINTMENT','FIRST_FREE_APPOINTMENT','FIRST_FREE_APPOINTMENT','success','2024-12-03 14:04:05','2024-12-03 14:04:05'),(184,185,1.000000,'SLL','ORNAGE MONEY','b62fa794-48e7-43c6-9d36-5f6f38e792e2','FIRST_FREE_APPOINTMENT','FIRST_FREE_APPOINTMENT','FIRST_FREE_APPOINTMENT','success','2024-12-03 14:04:23','2024-12-03 14:04:23'),(185,186,1.000000,'SLL','ORNAGE MONEY','27408539-79d4-4310-a370-89158fa467e8','FIRST_FREE_APPOINTMENT','FIRST_FREE_APPOINTMENT','FIRST_FREE_APPOINTMENT','success','2024-12-03 14:04:55','2024-12-03 14:04:55'),(186,187,1.000000,'SLL','ORNAGE MONEY','734cab79-0208-40af-b065-f4b6de715213','FIRST_FREE_APPOINTMENT','FIRST_FREE_APPOINTMENT','FIRST_FREE_APPOINTMENT','success','2024-12-03 14:37:23','2024-12-03 14:37:23'),(187,188,1.000000,'SLL','ORANGE MONEY','7142cc54-d118-4d82-8b64-c4c2a6c579de','MP241203.1454.B24997','v1tuyvf1m75q3kqncwhecqqmcijzm4ktwsi738euiokomdjpphmpwxzgkml4d5qh','ycnwskecpuaakrvwjmjqbaqww1p2jirh','success','2024-12-03 14:53:45','2024-12-03 14:54:43'),(188,189,200.000000,'SLL','ORNAGE MONEY','71e9b7f2-d0f9-49d4-815f-531641423603','FIRST_FREE_APPOINTMENT','FIRST_FREE_APPOINTMENT','FIRST_FREE_APPOINTMENT','success','2024-12-03 22:52:20','2024-12-03 22:52:20'),(191,192,1.000000,'SLL','ORNAGE MONEY','fb946fd2-d68c-4d1f-a381-0ccb5d187edb','FIRST_FREE_APPOINTMENT','FIRST_FREE_APPOINTMENT','FIRST_FREE_APPOINTMENT','success','2024-12-04 17:00:10','2024-12-04 17:00:10'),(192,193,1.000000,'SLL','ORNAGE MONEY','348df038-d90f-485e-b934-4dce7375052a','FIRST_FREE_APPOINTMENT','FIRST_FREE_APPOINTMENT','FIRST_FREE_APPOINTMENT','success','2024-12-04 23:06:55','2024-12-04 23:06:55'),(193,194,1.000000,'SLL','ORNAGE MONEY','2f8c340f-732a-43a7-b3f5-fcbdf93cb8ff','FIRST_FREE_APPOINTMENT','FIRST_FREE_APPOINTMENT','FIRST_FREE_APPOINTMENT','success','2024-12-04 23:44:52','2024-12-04 23:44:52'),(194,195,200.000000,'SLL','ORNAGE MONEY','fdc086db-2c89-43cb-8f5d-a706019e52ec','FIRST_FREE_APPOINTMENT','FIRST_FREE_APPOINTMENT','FIRST_FREE_APPOINTMENT','success','2024-12-04 23:54:50','2024-12-04 23:54:50'),(201,202,1.000000,'SLL','ORNAGE MONEY','51a76a4e-5bbf-4124-9bc7-a60ea32f3bf5','FIRST_FREE_APPOINTMENT','FIRST_FREE_APPOINTMENT','FIRST_FREE_APPOINTMENT','success','2024-12-05 00:54:12','2024-12-05 00:54:12'),(208,209,1.000000,'SLL','ORNAGE MONEY','8ec3a319-83d8-464c-ad09-ea10138b3aec','FIRST_FREE_APPOINTMENT','FIRST_FREE_APPOINTMENT','FIRST_FREE_APPOINTMENT','success','2024-12-06 10:55:47','2024-12-06 10:55:47'),(211,212,1.000000,'SLL','ORNAGE MONEY','8afea17d-c50a-4bd3-b18b-ffb192fa3819','FIRST_FREE_APPOINTMENT','FIRST_FREE_APPOINTMENT','FIRST_FREE_APPOINTMENT','success','2024-12-07 12:06:52','2024-12-07 12:06:52'),(212,213,1.000000,'SLL','ORNAGE MONEY','85531196-b135-4bae-8b59-4e1e940ded96','FIRST_FREE_APPOINTMENT','FIRST_FREE_APPOINTMENT','FIRST_FREE_APPOINTMENT','success','2024-12-07 17:35:04','2024-12-07 17:35:04'),(213,214,1.000000,'SLL','ORNAGE MONEY','e39b691d-5e09-4268-b5e9-d88926818bb6','FIRST_FREE_APPOINTMENT','FIRST_FREE_APPOINTMENT','FIRST_FREE_APPOINTMENT','success','2024-12-07 20:33:47','2024-12-07 20:33:47'),(214,215,1.000000,'SLL','ORNAGE MONEY','ca32037d-bfaf-407a-813e-e2b253af6629','FIRST_FREE_APPOINTMENT','FIRST_FREE_APPOINTMENT','FIRST_FREE_APPOINTMENT','success','2024-12-07 20:37:19','2024-12-07 20:37:19'),(216,217,1.000000,'SLL','ORNAGE MONEY','001021f6-eb8a-41c0-a6a5-16ca938a2abe','FIRST_FREE_APPOINTMENT','FIRST_FREE_APPOINTMENT','FIRST_FREE_APPOINTMENT','success','2024-12-07 21:02:31','2024-12-07 21:02:31'),(219,220,1.000000,'SLL','ORANGE MONEY','9418ed5d-e7d8-473c-b618-824a6be02e96','MP241207.2108.B23972','v1tdpdatwkgs37tylzzqg9pjge3owxq0sbsospm0jdfud7na6kciadgj68fjupa1','otqvemedaxmj9u9xi59wstxdfnrg9bez','success','2024-12-07 21:07:42','2024-12-07 21:08:28'),(220,221,1.000000,'SLL','ORANGE MONEY','e045b2e9-50f0-49a7-8160-beeaedd84620','MP241207.2114.A25242','v14lj0azuo1lk939qybzpuhkyd3vgkdcujhmepg8nijlp9ptnokk4mtsspa6ntor','oofnaodhropjjzxjfvbarzr9had75vze','success','2024-12-07 21:14:18','2024-12-07 21:14:46'),(224,225,1.000000,'SLL','ORNAGE MONEY','d101267d-40cc-4804-b847-0019c36d0b0a','FIRST_FREE_APPOINTMENT','FIRST_FREE_APPOINTMENT','FIRST_FREE_APPOINTMENT','success','2024-12-08 16:55:53','2024-12-08 16:55:53'),(226,227,1.000000,'SLL','ORANGE MONEY','642d3ed0-f841-42a0-9e8f-2954335389d2','FIRST_FREE_APPOINTMENT','FIRST_FREE_APPOINTMENT','FIRST_FREE_APPOINTMENT','success','2024-12-09 17:04:46','2024-12-09 17:04:46'),(232,233,1.000000,'SLL','ORANGE MONEY','ae9e93d9-ff12-41d3-92af-d81c7228ee60','MP250108.1750.B91829','v1vaitwmbbjfxg5dhh6pmfkeaoz5spttmqcdd16ux3kdqlfkcrnwo6vzowwtl1jk','jjxno95a8u96akr3myb10al8vq7wbuxx','success','2025-01-08 17:49:39','2025-01-08 17:50:28'),(237,238,1.000000,'SLL','ORANGE MONEY','1c64afd2-12a1-4cbb-a449-4d512740dd49','MP250113.0642.B70598','v1ldd8li2wph6xgelmydmqdzxf64vfw5o4f7nafpm9ktlrlliue6vgh3e2segat0','kd4sjq0znnaexdcs3plojjiuqxsewzfl','success','2025-01-13 06:41:28','2025-01-13 06:42:05'),(239,240,1.000000,'SLL','ORANGE MONEY','ec6ce19c-84bc-4af0-b5b9-58525e863594','FIRST_FREE_APPOINTMENT','FIRST_FREE_APPOINTMENT','FIRST_FREE_APPOINTMENT','success','2025-01-14 12:26:16','2025-01-14 12:26:16'),(240,241,1.000000,'SLL','ORANGE MONEY','1d0b939c-d741-4bd4-be42-b388de018906','FIRST_FREE_APPOINTMENT','FIRST_FREE_APPOINTMENT','FIRST_FREE_APPOINTMENT','success','2025-01-17 09:08:09','2025-01-17 09:08:09'),(241,242,1.000000,'SLL','ORANGE MONEY','4164de54-2df1-4f02-b834-544634650a31',NULL,'v1wmmqkckod9eda1cckbruffdxfdmifonrtrb2tetstqbwuxo0oluoszvcjfrgzd','cgx376exi9jpmaevsewozfo6ufabab6x','initiated','2025-01-20 11:41:18','2025-01-20 11:41:18'),(242,243,1.000000,'SLL','ORANGE MONEY','959c506f-4489-4a76-a29d-b7cdbe77e173',NULL,'v1653cq8g1dxye51dxelnvegzsmb8qfhnd4uaxtnzuecwvb1f9a4qcg0dubdf1ob','00qy6sxm2whs6aoqcnjtvekmftolikox','initiated','2025-01-20 17:25:33','2025-01-20 17:25:33'),(243,244,1.000000,'SLL','ORANGE MONEY','89fb0ead-ec89-4838-a25c-5f1d5f6fff53',NULL,'v1rqblcsxslrxkzlce5r91ttiub8q4viviuefeal3zkbb01d9xxifttpo3hstfre','osrcfrij2o12sy4jqmdp4haspmzenj8e','initiated','2025-01-24 04:53:10','2025-01-24 04:53:10'),(244,245,1.000000,'SLL','ORANGE MONEY','1a208d94-2d1e-40b5-83d4-92d437da0d95',NULL,'v1nf6uslwab8creppks8izbl0xjrhjyrkuuxtu1xwjudvntwvss4jkwhov99fudd','o0qqc1j8yx5v6j26hq5feuwmm6cvivpn','initiated','2025-01-24 15:11:37','2025-01-24 15:11:37'),(245,246,1.000000,'SLL','ORANGE MONEY','dd9d62b4-97f2-4530-8e37-7b493520e58f',NULL,'v1jenudzyqzn2tzwrmrdhdbngdqokdw5a3weebjzdxw3gvml1t6q1cmxid7uszya','7dohvlczz3lbhp0dl3hjcrwabybktkf9','initiated','2025-01-24 15:21:59','2025-01-24 15:21:59'),(246,247,1.000000,'SLL','ORANGE MONEY','62d87304-043b-43e0-b360-a71f1b6654b8',NULL,'v1pqtxixjafco7yojhpkos75xwgayzxeiidqkjlghxojhm6pk0ds5xtcvfzgnerd','3os6bsompnbpiskmpcq4zu6osommnttj','initiated','2025-01-24 15:37:30','2025-01-24 15:37:30'),(247,248,1.000000,'SLL','ORANGE MONEY','86454ea3-e824-4488-84ea-eb5ac3f90ba7',NULL,'v14un0cybq3vuwbgytik97owqbxib31fguns0pdd3kvjz17uwc25tyudgsgnqsy2','zlhdifl82n7eyhfyehvwo74fdcpl9025','initiated','2025-01-24 15:38:52','2025-01-24 15:38:52'),(248,249,1.000000,'SLL','ORANGE MONEY','ab3c2a03-4018-4316-a905-19dd3da1d37e',NULL,'v1hfnmvtwa7rovdxkkjf5hiw1rvwde7wzget8qrst97ysfeb1clja3w0lpazg1iu','hls1ggs35oz2qkrdq4icic9scj88o351','initiated','2025-01-26 16:46:29','2025-01-26 16:46:29'),(249,250,1.000000,'SLL','ORANGE MONEY','d29ac148-b8d6-4606-8c6c-076f91225385','FIRST_FREE_APPOINTMENT','FIRST_FREE_APPOINTMENT','FIRST_FREE_APPOINTMENT','success','2025-01-26 19:49:42','2025-01-26 19:49:42'),(250,251,250.000000,'SLL','ORANGE MONEY','36db28a0-8dcc-48dc-8445-51b00115790b',NULL,'v1udhgunafmdvyggimjxpdqxh0gxbsb9ipwg5xwo9zllthj1adyjcsymn6n904jr','avhfxzo67a6aluowvhd0ccudafriptyo','initiated','2025-01-27 01:30:54','2025-01-27 01:30:54'),(251,252,1.000000,'SLL','ORANGE MONEY','d6a6a622-6469-42fb-a9cf-99aee7676bc4','FIRST_FREE_APPOINTMENT','FIRST_FREE_APPOINTMENT','FIRST_FREE_APPOINTMENT','success','2025-01-28 12:52:50','2025-01-28 12:52:50'),(252,253,1.000000,'SLL','','82ae89b0-af70-42ce-93ef-d02b847f66e5','pmc-d69aAdh4FRzacxvCeokBqjAEMNb','*715*1*0090053180#','6a0b9f53-e866-46f2-aa0d-bf54a1a28576','initiated','2025-01-29 16:08:07','2025-01-29 16:08:07'),(253,254,1.000000,'SLL','','f03e6997-1d98-4bd4-853c-7e186d0b6866','pmc-d69aBe6WqzeyMEyvjzzTeHR3FE8','*715*1*4339524872#','bbf61976-ef08-496e-a834-3d080f60a21f','success','2025-01-29 16:21:20','2025-01-29 16:21:49'),(254,255,1.000000,'SLL','','f13c2c43-cbd9-4320-a23f-2b2b618dff6a','pmc-d69aC9SmNCBm5nZRXiBfrkiQ7kJ','*715*1*7367195065#','5ab353e9-923d-42b6-af14-f108421d213f','success','2025-01-29 16:27:59','2025-01-29 16:29:11'),(260,261,250.000000,'SLL','FIRST_FREE_APPOINTMENT','c3cf31e1-3b47-4135-873f-887557f3aca4','FIRST_FREE_APPOINTMENT','FIRST_FREE_APPOINTMENT','FIRST_FREE_APPOINTMENT','success','2025-02-02 12:11:59','2025-02-02 12:11:59'),(277,278,200.000000,'SLL','FIRST_FREE_APPOINTMENT','fa55011c-0688-4e1d-b56a-aac7bb81c111','FIRST_FREE_APPOINTMENT','FIRST_FREE_APPOINTMENT','FIRST_FREE_APPOINTMENT','success','2025-02-04 15:52:10','2025-02-04 15:52:10'),(285,286,1.000000,'SLL','FIRST_FREE_APPOINTMENT','f5aaf339-e3c2-4230-bde1-f83cb7e49e02','FIRST_FREE_APPOINTMENT','FIRST_FREE_APPOINTMENT','FIRST_FREE_APPOINTMENT','success','2025-02-06 10:30:48','2025-02-06 10:30:48'),(295,296,1.000000,'SLL','','cecb91fd-007b-495f-b240-ebecbd2979c4','pmc-d69px1VGAoonsfyf7xS2H2uZGMg','*715*1*3234397640#','c0ec5815-6c82-4e8c-a96a-f8bda85df74f','initiated','2025-02-06 11:48:34','2025-02-06 11:48:34'),(321,322,250.000000,'SLL','','2528add0-37e6-4050-af6c-00d0ef78cc1f','pmc-d69q7T9KPw9eTUCaHH734NPWwBR','*715*1*3505944848#','f6454740-8f8b-4102-beab-a4490ddb48d5','initiated','2025-02-06 13:52:35','2025-02-06 13:52:35'),(349,350,1.000000,'SLL','','dd84c149-0c69-413c-9b8c-c28ce35474d7','pmc-d6A4CbE8zZtzaXkFDpVjtgotoDG','*715*1*9854807543#','001c2327-93a1-44aa-860a-33ae7b77718a','success','2025-02-13 12:02:51','2025-02-13 12:03:06'),(350,351,1.000000,'SLL','','d2dff7b4-ff36-488a-b61e-096afb9c5156','pmc-d6AKGUJt5Sj9ieP4cksLSMGd3cS','*715*1*8641558606#','56b0fddb-d912-4381-86e0-d177562c58f5','success','2025-02-21 11:20:05','2025-02-21 11:20:47');
/*!40000 ALTER TABLE `appointment_payments` ENABLE KEYS */;
UNLOCK TABLES;

--
-- Table structure for table `appointment_prescriptions`
--

DROP TABLE IF EXISTS `appointment_prescriptions`;
/*!40101 SET @saved_cs_client     = @@character_set_client */;
/*!50503 SET character_set_client = utf8mb4 */;
CREATE TABLE `appointment_prescriptions` (
  `prescription_id` int NOT NULL AUTO_INCREMENT,
  `appointment_id` int NOT NULL,
  `diagnosis` varchar(1000) DEFAULT NULL,
  `medicines` text NOT NULL,
  `pharmacy_id` int DEFAULT NULL,
  `date_dispensed` date DEFAULT NULL,
  `pharmacist_name` varchar(200) DEFAULT NULL,
  `paharmacy_name` varchar(500) DEFAULT NULL,
  `pharmacy_contact` varchar(50) DEFAULT NULL,
  `doctors_comment` varchar(500) DEFAULT NULL,
  `access_token` varchar(10) DEFAULT NULL,
  `access_jwt` varchar(150) DEFAULT NULL,
  `created_at` timestamp NULL DEFAULT CURRENT_TIMESTAMP,
  `updated_at` timestamp NULL DEFAULT CURRENT_TIMESTAMP ON UPDATE CURRENT_TIMESTAMP,
  PRIMARY KEY (`prescription_id`),
  KEY `fk_prescription_appointment` (`appointment_id`),
  CONSTRAINT `fk_prescription_appointment` FOREIGN KEY (`appointment_id`) REFERENCES `medical_appointments` (`appointment_id`) ON DELETE CASCADE ON UPDATE CASCADE
) ENGINE=InnoDB AUTO_INCREMENT=60 DEFAULT CHARSET=utf8mb4 COLLATE=utf8mb4_0900_ai_ci;
/*!40101 SET character_set_client = @saved_cs_client */;

--
-- Dumping data for table `appointment_prescriptions`
--

LOCK TABLES `appointment_prescriptions` WRITE;
/*!40000 ALTER TABLE `appointment_prescriptions` DISABLE KEYS */;
INSERT INTO `appointment_prescriptions` VALUES (1,102,'This is just a diagnosis','[{\"medicineName\":\"test meds\",\"strength\":\"500mg\",\"dosage\":\"1-0-1\",\"treatmentDuration\":\"3 months\",\"comment\":\"\"},{\"medicineName\":\"metforminss\",\"strength\":\"500mg\",\"dosage\":\"1-0-1\",\"treatmentDuration\":\"3 months\",\"comment\":\"\"}]',NULL,NULL,NULL,NULL,NULL,'Comment',NULL,NULL,'2024-04-16 12:07:34','2024-04-16 12:14:56'),(2,103,'Test Diagnosis for this appointment, please ensure to follow your daily dosage routine','[{\"medicineName\":\"test medsss\",\"strength\":\"500mg\",\"dosage\":\"1-0-2\",\"treatmentDuration\":\"3 months\",\"comment\":\"\"},{\"medicineName\":\"metforminss\",\"strength\":\"500mg\",\"dosage\":\"1-0-1\",\"treatmentDuration\":\"3 months\",\"comment\":\"\"}]',NULL,NULL,NULL,NULL,NULL,'This is just a comment on how u should take the drugs',NULL,NULL,'2024-04-29 13:06:50','2024-04-29 13:06:50'),(3,103,'Test Diagnosis for this appointment, please ensure to follow your daily dosage routine','[{\"medicineName\":\"test medsssasda\",\"strength\":\"500mg\",\"dosage\":\"1-0-2\",\"treatmentDuration\":\"3 months\",\"comment\":\"\"},{\"medicineName\":\"metforminss\",\"strength\":\"500mg\",\"dosage\":\"1-0-1\",\"treatmentDuration\":\"3 months\",\"comment\":\"\"}]',NULL,NULL,NULL,NULL,NULL,'This is just a comment on how u should take the drugs',NULL,NULL,'2024-04-29 13:49:06','2024-04-29 13:49:06'),(4,99,'vgufugiho','[{\"medicineName\":\"test 3\",\"strength\":\"500gm\",\"dosage\":\"1-3\",\"treatmentDuration\":\"2 days\"}]',NULL,NULL,NULL,NULL,NULL,'oihigfufugig',NULL,NULL,'2024-05-07 13:42:19','2024-05-07 13:42:19'),(5,99,'hhhhjj','[{\"medicineName\":\"test 3\",\"strength\":\"500gm\",\"dosage\":\"1-3\",\"treatmentDuration\":\"2 days\"}]',NULL,NULL,NULL,NULL,NULL,'hnjhhhjhlkj',NULL,NULL,'2024-05-07 13:46:01','2024-05-07 13:46:01'),(6,99,'uvuvibijjo','[{\"medicineName\":\"test 3\",\"strength\":\"500gm\",\"dosage\":\"1-3\",\"treatmentDuration\":\"2 days\"}]',NULL,NULL,NULL,NULL,NULL,'ouygigi',NULL,NULL,'2024-05-07 13:52:09','2024-05-07 13:52:09'),(7,99,'bjhohojpjp','[{\"medicineName\":\"test 3\",\"strength\":\"500gm\",\"dosage\":\"1-3\",\"treatmentDuration\":\"2 days\"}]',NULL,NULL,NULL,NULL,NULL,'hghkjhjhk',NULL,NULL,'2024-05-07 13:55:28','2024-05-07 13:55:28'),(8,99,'ioohihi','[{\"medicineName\":\"test 3\",\"strength\":\"500gm\",\"dosage\":\"1-3\",\"treatmentDuration\":\"2 days\"}]',NULL,NULL,NULL,NULL,NULL,'huogfufufgig',NULL,NULL,'2024-05-07 13:56:49','2024-05-07 13:56:49'),(9,103,'Test Diagnosis for this appointment, please ensure to follow your daily dosage routine','[{\"medicineName\":\"testrr\",\"strength\":\"500mg\",\"dosage\":\"1-0-2\",\"treatmentDuration\":\"3 months\",\"comment\":\"\"},{\"medicineName\":\"metforminss\",\"strength\":\"500mg\",\"dosage\":\"1-0-1\",\"treatmentDuration\":\"3 months\",\"comment\":\"\"}]',NULL,NULL,NULL,NULL,NULL,'This is just a comment on how u should take the drugs',NULL,NULL,'2024-05-07 13:58:33','2024-05-07 13:58:33'),(10,99,'hohhooho','[{\"medicineName\":\"test 3\",\"strength\":\"500gm\",\"dosage\":\"1-3\",\"treatmentDuration\":\"2 days\"}]',NULL,NULL,NULL,NULL,NULL,'hiohohohgiugig',NULL,NULL,'2024-05-07 13:59:39','2024-05-07 13:59:39'),(11,99,'ugugigugu','[{\"medicineName\":\"test 3\",\"strength\":\"500gm\",\"dosage\":\"1-3\",\"treatmentDuration\":\"2 days\"}]',NULL,NULL,NULL,NULL,NULL,'hohooh',NULL,NULL,'2024-05-07 14:02:06','2024-05-07 14:02:06'),(12,99,'jhlllklkh','[{\"medicineName\":\"test 3\",\"strength\":\"500gm\",\"dosage\":\"1-3\",\"treatmentDuration\":\"2 days\"}]',NULL,NULL,NULL,NULL,NULL,'bgkjkh',NULL,NULL,'2024-05-07 14:03:21','2024-05-07 14:03:21'),(13,99,'hdhdhdh','[{\"medicineName\":\"test 3\",\"strength\":\"500gm\",\"dosage\":\"1-3\",\"treatmentDuration\":\"2 days\"}]',NULL,NULL,NULL,NULL,NULL,'hdhdxhh',NULL,NULL,'2024-05-07 14:10:47','2024-05-07 14:10:47'),(14,99,'test','[{\"medicineName\":\"test 3\",\"strength\":\"500gm\",\"dosage\":\"1-3\",\"treatmentDuration\":\"2 days\"}]',NULL,NULL,NULL,NULL,NULL,'jfhfh',NULL,NULL,'2024-05-07 14:54:43','2024-05-07 14:54:43'),(15,99,'test','[{\"medicineName\":\"ddd\",\"strength\":\"fff\",\"dosage\":\"ee\",\"treatmentDuration\":\"1 days\"},{\"medicineName\":\"fr\",\"strength\":\"ref\",\"dosage\":\"sff\",\"treatmentDuration\":\"3 days\"},{\"medicineName\":\"e\",\"strength\":\"fr\",\"dosage\":\"ee\",\"treatmentDuration\":\"2 days\"}]',NULL,NULL,NULL,NULL,NULL,'fdfdvf',NULL,NULL,'2024-05-07 16:16:28','2024-05-07 16:16:28'),(16,99,'test','[{\"medicineName\":\"ss\",\"strength\":\"sss\",\"dosage\":\"sss\",\"treatmentDuration\":\"1 days\"}]',NULL,NULL,NULL,NULL,NULL,'ww',NULL,NULL,'2024-05-07 16:21:27','2024-05-07 16:21:27'),(17,99,'test','[{\"medicineName\":\"dd\",\"strength\":\"ff\",\"dosage\":\"ww\",\"treatmentDuration\":\"1 days\"}]',NULL,NULL,NULL,NULL,NULL,'dfff',NULL,NULL,'2024-05-07 16:25:44','2024-05-07 16:25:44'),(18,99,'gayyy','[{\"medicineName\":\"test 3\",\"strength\":\"500gm\",\"dosage\":\"1-3\",\"treatmentDuration\":\"1 days\"}]',NULL,NULL,NULL,NULL,NULL,'ddddd',NULL,NULL,'2024-05-07 16:26:58','2024-05-07 16:26:58'),(19,112,'8c502b2f85a8c4503a538bd9f2add5e7','a5502f2e1dad5ec304089704b77570819ded7f73fadc4a8981412c3563cc1a8b44c283720835546b612695f26daa29d91e43ac0b47b6e2a8bac521ab3025d608dc6252abd3ec9244f85edbd547ab2ba63a22c3ce2a3f3becd1a980e1d4b98a97',NULL,NULL,NULL,NULL,NULL,'a5502f2e1dad5ec304089704b77570819ded7f73fadc4a8981412c3563cc1a8b44c283720835546b612695f26daa29d91e43ac0b47b6e2a8bac521ab3025d608dc6252abd3ec9244f85edbd547ab2ba63a22c3ce2a3f3becd1a980e1d4b98a97',NULL,'$2a$10$Lg/8wofsR3zu/lilADF/mO/9PTqPVcoSZKndnY7g.lVaJ2GsnTCEG','2024-05-13 12:07:10','2024-05-13 12:07:10'),(20,116,'323ccc18858295597695a0c858979d71','5974d81c71d7d35b60ed4510cf7b07f2399e090da0baf95a846cd7bccd0d00e148e52432d318c80c629f118f2122da4b99dd83cdb3acd419abcf2f0df66668e9909c6412125427e78b8db720ab7006e7569965ab0f03f673b0e146944d4936cdeceb93711568f00dd079b58b4e040f64b4c7061ccac4853384419e2f21a4765ba88d3733f42ac9c617767429698913d77524345e3e201c35e09e034b94e7bc894e91756bb3e9a67dfca6fd7b04233bef',NULL,NULL,NULL,NULL,NULL,'5974d81c71d7d35b60ed4510cf7b07f2399e090da0baf95a846cd7bccd0d00e148e52432d318c80c629f118f2122da4b99dd83cdb3acd419abcf2f0df66668e9909c6412125427e78b8db720ab7006e7569965ab0f03f673b0e146944d4936cdeceb93711568f00dd079b58b4e040f64b4c7061ccac4853384419e2f21a4765ba88d3733f42ac9c617767429698913d77524345e3e201c35e09e034b94e7bc894e91756bb3e9a67dfca6fd7b04233bef',NULL,'$2a$10$Vr1TS5Dd78kR8Cz4Y3R6p.Wh5vOHV2DE.M7HcAvj1GvRHURhf1ZAG','2024-05-13 12:13:26','2024-05-13 12:13:26'),(21,116,'72fd972140baa8122632ef5755916154','fa1f7eab3aaeac450daa541dac125a4203a827792580b6fdb3aecfb5af1fa357b05c6f1effd867ac9eeed5c84f1442be650479c6ae9b4015b11b3edd087fe6679ed5b1a5d595fa57e9dec08722fb39650ae81b67a3228d049b7918f5893cb55ad902944888b8fff66fa6b548aa30e43e9aa32b258dc29439b94d0ff600264afd05b000460895b21d40b9fb1dd27d293d953c869799a1ffa64b169f32dd3e079ec3c4d5d1dbd8e3950f89edad1e9bd50f',NULL,NULL,NULL,NULL,NULL,'fa1f7eab3aaeac450daa541dac125a4203a827792580b6fdb3aecfb5af1fa357b05c6f1effd867ac9eeed5c84f1442be650479c6ae9b4015b11b3edd087fe6679ed5b1a5d595fa57e9dec08722fb39650ae81b67a3228d049b7918f5893cb55ad902944888b8fff66fa6b548aa30e43e9aa32b258dc29439b94d0ff600264afd05b000460895b21d40b9fb1dd27d293d953c869799a1ffa64b169f32dd3e079ec3c4d5d1dbd8e3950f89edad1e9bd50f',NULL,'$2a$10$kkJ.xzhyPENc5JxJRPHjF.5RLMY4xQrW6GpEjW9vLxI9n0gSZkcCG','2024-05-13 12:15:43','2024-05-13 12:15:43'),(22,116,'0e38029dcad2040c19c93bb117b89177','d5bd71324717e5270f4e99b114963e1232f5952a4ac765c78b08d4ac289e83f50b9c0cb0e022154caee48d5d5c51d525542b773e3c889755288f9cabb683a2e8c0da16ec4f6345251fcadf81c5c16187358ac4ff8a4d7161e6b0b7d557eebeba',NULL,NULL,NULL,NULL,NULL,'d5bd71324717e5270f4e99b114963e1232f5952a4ac765c78b08d4ac289e83f50b9c0cb0e022154caee48d5d5c51d525542b773e3c889755288f9cabb683a2e8c0da16ec4f6345251fcadf81c5c16187358ac4ff8a4d7161e6b0b7d557eebeba',NULL,'$2a$10$KVQ7n8avfthhGTTUUiyaKusAXkyOG9ZmSJOJ.cSItbQKFaJ6QVlYC','2024-05-13 12:37:17','2024-05-13 12:37:17'),(23,118,'2a2be98e63bba574e4f27c6707d5f63ff5aae47d5fd37a384922672bb1b6d6aad8b316e8ca0de8ee181a3717cf02ad6a859b89aa2b29209d46fb452830ec74029b124c0bc26e491059c53d3f74705732b6a355fadf4ac01fc8d5fca6d47580b7','0ebea1d11bb4597f24cff734ae06ee1145053744436b073560cd952b9376d8006e852008f07b61f803e40e78dccb2d5a29cb373fc0d854119a08e9a82f8cc8693e53b92cc95b72509a309c989235efce0d7f195de5bceea67eff3b42956f481ad320dbfc1792cfdcbb6b3e63161536c4994a5a9ec79458ceabeed86bea292df9fe34a408f6e658cc850cca831119b81b39c92c7cbb45819faeda6987e361614bfbe48c4db1b594ee2f1e3b9e919c5b85bd6e291706d0c0ad2b9a15e57360e1ee2127d77e31d3ee8172abf9e59e93d4779df80e5576caa245462ef947397ac1a479cdb177046a0e80fc1e1689513fbcb3a019138b090ed67414528b7ecf80b2b08a019a082972f1105a3cc43e48a87bdafd9b088bd07249845b0bdde69286c18f78fff0bb31f6715b9b133a15baa4605dffc7a7cb76024f904672b6e957025b87d20649b598c3dc05e269023e13ec97de',NULL,NULL,NULL,NULL,NULL,'0ebea1d11bb4597f24cff734ae06ee1145053744436b073560cd952b9376d8006e852008f07b61f803e40e78dccb2d5a29cb373fc0d854119a08e9a82f8cc8693e53b92cc95b72509a309c989235efce0d7f195de5bceea67eff3b42956f481ad320dbfc1792cfdcbb6b3e63161536c4994a5a9ec79458ceabeed86bea292df9fe34a408f6e658cc850cca831119b81b39c92c7cbb45819faeda6987e361614bfbe48c4db1b594ee2f1e3b9e919c5b85bd6e291706d0c0ad2b9a15e57360e1ee2127d77e31d3ee8172abf9e59e93d4779df80e5576caa245462ef947397ac1a479cdb177046a0e80fc1e1689513fbcb3a019138b090ed6741452',NULL,'$2a$10$Wyo/sbH5bqTYNA7s9iHvhucztBb/XCtMHIkHWfQwiiWvrCVFLHrCK','2024-05-17 16:32:39','2024-05-17 16:32:39'),(24,118,'fdf87317b5b8ecf7d99dd119183a8a16b565e95bdf1880add281d1783c15e88e4c3c6a6caacd2590a63cc22167e72ca7c2918c16c4d58bc82f384c4cbb8c5ec0a871b56db2d923f2631031289e5491128d88578c26a96703e26a6f1ecca3b9ea','54dc40d4275bfc5725cf18460737d1a3e4cefba194959f2681f23315429556c63db4abaf82351cfe1481320f001281920635d5a1ee003e5ddde5b2b4b1c9acb3f299d4f9f78bd4946f390304ba1bc37a5e22af3e57041109273467282236668f532a9aae7e4086a525d7890a1ceaae7d822a85eae51d7302e91bded93e3a144bc911e78434807a275a027df0bcc7c2b74f7508c2b2a6413e27964b76c76801a8dc63302b348a05bdf58e8b5e0766dc46962264acbc3647170188dad609da9feae1e767e8a0e8ed2382e97c30f1680933c848d4f8ff88e5a1f8aa661ece9140a40743939663a0dbb2279b34235d542c288cf6572a25525bca1c64599128b86fd760e1fed2ad92221393229b735cf31303a0d53a34c9fb98574d0e5aadcee9ff7d88f6fd7f0441ddb79a283954b6b930d61e65e4ddea766b6311a0d3e3d2bc0c18e40331cd0e6336ace2a44e77953caa96',NULL,NULL,NULL,NULL,NULL,'54dc40d4275bfc5725cf18460737d1a3e4cefba194959f2681f23315429556c63db4abaf82351cfe1481320f001281920635d5a1ee003e5ddde5b2b4b1c9acb3f299d4f9f78bd4946f390304ba1bc37a5e22af3e57041109273467282236668f532a9aae7e4086a525d7890a1ceaae7d822a85eae51d7302e91bded93e3a144bc911e78434807a275a027df0bcc7c2b74f7508c2b2a6413e27964b76c76801a8dc63302b348a05bdf58e8b5e0766dc46962264acbc3647170188dad609da9feae1e767e8a0e8ed2382e97c30f1680933c848d4f8ff88e5a1f8aa661ece9140a40743939663a0dbb2279b34235d542c288cf6572a25525bca1c64',NULL,'$2a$10$g57.1Dgrw1Vj7LLcHjTKseZCWsNboJaDAt/nsPz618mf9pyA1qVv.','2024-05-17 16:33:08','2024-05-17 16:33:08'),(25,116,'c3e330716c916dcfc82b28036b80fa96bb891ab3357dc1afbb166f2abee8e133aada672bb2273d67dc3dbf72fae8995941636f8fcbe21c7421a12e0efda53c0be3f11664461b8ab2fe359083759c09ef7ab6303abbf49da0dea84940efab6c19','efa06ae7d7ffae45f043b805d9977491dd5bffb4ba052888a4ac35ba58e8fa644538ad0863d34a4d7345414591fb233c045a9e792a4d4a91f61e8652fc4c172fa7e1fe91171bba0b3174edb593f31d39bb62a40fed12284f83e51d61cecf972e9d15ce35b96280ca23740ccb669a51e971fb1e7e1f68c13b0780f1b154ed57ddb3fb39284ae6a5b75860f156fddea73571c8d36b0a1c659fa50ea568a12ce20988db4ccad983bb0117ed46f2c320973961ef23a58c61941620d38cb195241bfdb0cd9a3818810d9439b61ce2ca593ccb025bc7c0a522ba2444e5c5e7dd14c8497765afb6bd62350e9cdf3e6799a17934c2727ce17b9e19c5ae1679e4b5a9485df7588b1a9efca78020f7cc6a1006a3ff91760acfd9f57c5ad62074689f5dd4badcf55d7641182e9d12ee1b8e0a3f69f3241cfce7f0124f50803f361e16254f9cbc595bb35d222f875e77c9d53dc2c844',NULL,NULL,NULL,NULL,NULL,'95eaa344bea295495758cad431a2a96f8c070734bf99207ae06d0382e03f5499c7d7b40358d1d24c5d24f068b1627c36d8ae04567553b49e9fe298fe9811caf91bc5b7a06aed327c69346a5046777787',NULL,'$2a$10$DGBKbQ2RleXO1M6iTEzsX./Lr/cl92sWvYA59XpJumx.C.Rg.xrvq','2024-05-22 22:55:33','2024-05-22 22:55:33'),(26,118,'47651fdfe94db87c9a690bbb44ba28c523bf029389a1568dfe58b84b4e26c225','855181a675607b90e8e01e646565d010e3cfab05b1f3b2953d418fd33320a41fd9e670998b6c9be2521f63d916c01057cdf08028578df6ea4046b600946c48077df56148acfc6db2ad20d4980c821ef7706215649aa821023fed7fc0c5a0aa2f0d4beac46594e7bf0cca04649861419a1343fbae862a2954382f891838b28cf1bd117b2b1e4b567697dbe3a2dfe318a9e819cff8e11a25b54ec047ad33b1dbf6',NULL,NULL,NULL,NULL,NULL,'6d04cf52af3d95a1f681b98f3222ba5ab055df73ccfb660b755a867655fd31c3',NULL,'$2a$10$0p3VqO0tMbBiL7WvHEEkfu9z0UfR8xLsH16lBmm/W6G6MM7F8rv4a','2024-05-22 23:02:37','2024-05-22 23:02:37'),(27,116,'85905519743632ba3beb067a7ed4b1f1f47ddc9a5e1f1fc4fffd730325a65d12','4f9a2d2e31d77a66ba1136433d24a0e2b62fde44adc2c9f355ef60de8f749cbb52fa5461350d7d84107d2bc1919cff2274d7ed93289e0c181c865d79138d9862f59ac419e2095462006cfa9d3c61af8f3bf20c764ee380b7dcb741887dd0881793f1b6c79289b6e878baa53e14c954db0fc3c8dd3324d4790662ac18f77a1441',NULL,NULL,NULL,NULL,NULL,'f4e174168766f8e9ff91e1cfba7181bff95e082c2bb4241412625fb3c9d04532',NULL,'$2a$10$kV7d0.bYkShysfr29VsFRuYSQMWZkv80hSbN1/wG613j35kUZcnI2','2024-05-22 23:08:44','2024-05-22 23:08:44'),(28,116,'11f134c28eb06ad94c19627d9154f46342dbbc87aee9627a6647cf69d2047de0','4c7304edfc568a75c2fb9503ad315cbc99fb89400a27745984c1717b233c89006a2ff15a58f83a8462d88fc01ac4254eba8ef3db0cc9e596b09473c677617452468b7157630f4c32d243f4d93f347620ea2e32010e9d6e8102a6886d42496df3091e2179ebdb0eb680def19a57a63332453b4246b0d2b056b24568f1933313bd',NULL,NULL,NULL,NULL,NULL,'acc9b62719f324963728a92fc1a888fc7a548f41c72092fd4d5083a2d6552d2f',NULL,'$2a$10$BLd3IsEBM8TIcnVMtmXdeuJsDMuX7RY81QCNEFbtk/EwnIE2DsQoS','2024-05-22 23:09:38','2024-05-22 23:09:38'),(29,116,'1b9d97956bb0192655d156a082fa39c0d430dc46d85cd4b8dfc84e2a4101c1b9','a9d1ad249eb743746d50b841c7966a00d16020512c66a50ed83cce197c377a60d4f1b8aedb0d63b370bd21ae1efa01870bd91aa944097744041b0655b600bbec2edfa3a4e9b75d9297b5841db049755cf5ec9e9cf485c649393eb28faaf3cca5602ab577cc3dbb1c39bfc81db9b3c6a577d8f1b2988000eacabe510df91aee16',NULL,NULL,NULL,NULL,NULL,'b43524889ab2c43c513e5091fa0e7387d7f5a7d48d17ef6ec35a2c883f9523cf',NULL,'$2a$10$XaxZPx06DmjFMaeYVzTQmOkZLyytxBFUln2BvJLYxIsyqbb7AAu2O','2024-05-22 23:11:00','2024-05-22 23:11:00'),(30,112,'172dd99c38c464a903e80eca32fbeec8','6a64e3df9f00a8475c85f043831a23a01542258b1ebb27f4761603908ada23861e82f42d6819ada4b6eecf16f38ed13b210da3a13b7bf164114dcf47cea34b4839bacc2aacac453698514403eec4d6e9c4a16f7d964e1415e91e317cc74e0a517d0ff98d545d33ef227be8836acf33eb9e514cbb75ddb22a24079da869d5eba09d391f43c520ae9bfeef2d47caaebeba0d5b9641f9d6ee8851589770aee74b01abedcf4c4e393035157a3af0676ddd11',NULL,NULL,NULL,NULL,NULL,'19700317b991fa312f91daeeea9ff39f',NULL,'$2a$10$piL5x2BjdwhUuvP2LNw3/uLNfe6u.2pNFq6lOdNRka8c79een9wPG','2024-05-29 08:03:42','2024-05-29 08:03:42'),(31,128,'395c6ea329cda70f356c491dd51c9c42','a6229ac98ff5867a1d48f503c4ed325a5575f6698474af507a7ac06e9c28d5997dffaa512d8d2d55d059c8b911bfff9237fe8026f9024349e7382b5231d6c23eab7a40a4919c540c520cdbb99d18635247438b9f88cfe44d817e32598c8d8dd641578fa55af0c9955d57574af0380670e218b564c0d6cb4fbbbcbe6f0968f5fe7fa200ee7a34ca0401c788010666e3c67452b7610b298a95e05aabf48df4c79b197a724422da098224e2b3527c5b2c80740b162e9bf2e0ba5d2b2e45ea457a1ca3f3728965268a91aa860eab40ac1b3b',NULL,NULL,NULL,NULL,NULL,'1f0b006bae0837af6960d7576be6d355',NULL,'$2a$10$5ZqOTTzwv7jVggpcDEz7TuF9IgGV/9.uvT/13dUfyQq/sg74kd6w6','2024-07-02 13:04:25','2024-07-02 13:04:25'),(32,128,'acbccec86bb54dddd2348b43416cf014','f5f17adaeef730208beb8b0dd025332f478dd5d8e9f44be91c77665073b6328cd3fc4fcc695057253d86b7ada65edaf5a37fea1735d83c44097244d806057fab0b2273ddf6adcf9ed955ff52af8ef798fabc1d23c8c94909b043922ddb93c2f2d19d28dee9a4af59660bb12b7b62b58e',NULL,NULL,NULL,NULL,NULL,'79b943fa7b597ac6d1922276c96977ba',NULL,'$2a$10$AGlcS.NS/dmccyVB9oJop.ezzOiPbBMYJVt0jwUiiWujatVpuLGpe','2024-07-02 15:17:13','2024-07-02 15:17:13'),(33,139,'3864d54a9c6fc4fdf26b6a350ee42fe1','cc5f6d78c0a5001efcfcab084b9b47edff905736adf2dd8828e9b83e10644b32bf6006a146dfff4234cd4c163694a4072bc89aa660270b6cdd24f906b442d14ef245ee9b99683a26592c4942a962fa900a805c091c1ab22cc0336ad2efa8219b2cc936753bf3046a35acba9494b2f2125e4ffa723a125584e79757e7a430cb51719c1e65e3dcc56f78865fd9bf2c1da65b3ff93b5b8d08bead2961c6a6ad48616ea48b2924794ebd2c6dbc605ea285cedd870f8f940247b93546de2ee32734b71ff0b90de9d6792b90f6f434eda94e4972197978e4d3d1379717d411a5beed09939d49e4b80d712c09b5dcfb1dc32443',NULL,NULL,NULL,NULL,NULL,'f55d62d0bbed174b8f2d7021a62176ce',NULL,'$2a$10$.hdCgzPRXdvjnHqXWXubZeKuhCWNojAHL/Ys5017O1VdQvYzT8yz.','2024-07-27 12:37:22','2024-07-27 12:37:22'),(34,140,'60579e0911d7900ed018c6cdf3a80cb841963753f26cc96b550236cd1bc244d024db4f9f764a8789a89cd2bd89c01889','2f453b66c31fd9ee7c644a3b9184909a9282e2f4c9e8218b87b9868e03c7508786198b08bee9207ffacdc1843ac63f61b2a65d81ca34c98f30e1557e9016df55069d06953f98e1b89752412b242ed7f4ffcd0835ffdd3f34b6da2ef24b39e21edb732a50afb84d19e5f8c4300c3ea3354ed9738056902ff489e477353d9d6de9eee6289ab8420d0ee8e64f042098a69b',NULL,NULL,NULL,NULL,NULL,'7960c9f00267bef91df0f25b9861cf7fdf9e3f7775643e3ae182d30d277de6a3',NULL,'$2a$10$trKw6MYLzCXZCtKMxAU4F.Ol76Vehc8P520yRrkm4KP7w/0y6bQza','2024-07-29 16:27:12','2024-07-29 16:27:12'),(35,140,'4a4638b380465bf2826b3d547babbcf58c6dadc6c7b681f5941a779fb21085c3','087c4c1090fde25dfbab0bcbb8b4bccef9800c36c3e6454b8bce575bb70ac243b438cefa52384df92bb118c4e789b866b9779041fcebbd672f7f512a9bf56f33e76c0c393591913adc68684f79b64f197d4c25dffe5068c0fc3007c9368bf26d7bd32ff9924e70c4d97a4c5b19995b1427e4706208dac4f97161cdd35a3de3f00f33c2ef2a2edbc05326bb0e5e5971bd',NULL,NULL,NULL,NULL,NULL,'7965f3ba4f1400d6056d8307abfc3fa95ab15e8c9f44a702e496d2541e6137f5e70709c35580796fe7dbac364c68f8ce',NULL,'$2a$10$Qu8aLlZSJlKVWkhOHpzkQu8WaL70uPazyi53wkh4ATF8evIzUcGBG','2024-07-30 16:52:22','2024-07-30 16:52:22'),(36,140,'b5f867e75ce9cec2b05a8730d4893e41','ada9b723ef3608825e7c960da665309524e48ec8280784fafa02d9327708cba88bb6f6a074e9528d3f09e9407f88bc0c465c4f6a0bbcb88e8606f6f0d973028e1e16cf8e59e3dbd06de242f6d0ecac768f5f802e1250d93ab79b4c55be8da14fac7f3386b9eb547f239dc718348ba247905d141cb03f90ba1a8e2c3d8569568f34d9aae775804f723eee58e82381433d1b3e20550af32e4b3ba7303793748260b7a2a2933928bd1d250ed4de2bb01860a8538a49cc0acdafaf5e4d1aacd35b01cd71d0d83959de1cd4ef8dce2e7f9b391f3d81dab0e5483c7f3c6c947de8d22043cffade4460522af079eac0b01798efb36231593ed06a71f76e7f8d70c414ed956fd57379c5718df60a9159a538c5d9',NULL,NULL,NULL,NULL,NULL,'0099ed7fb9e0ea89ce0fa3e41d5374cbce484dc90fa4b44b1138630c942e53e3',NULL,'$2a$10$VjlliOmG04jzMMFZ9Z98aOj9KSAYXPPPpqInzkcWhdQe.05PdAzA6','2024-07-30 16:55:04','2024-07-30 16:55:04'),(37,154,'f5ae9412244d15536f973f836aeaa54e7a45aa240243694730d70902ac7620f6','92c115a96d769f8cf023701cbfed65c53b2de8cba60e157619d83fcdaceec79f237fd44fe88465c2c9b23368b598cf1fa1887e25eb13af25eb638c1f86b368f1ca1da57235f618c8ecf6975213399bab0e2f765f25aaf561a9127b4d5b3a26c24b9e85bb4a41892efac8fd9c480a12504bfd3ad88c8b2aa7f6b18e4bccf03444',NULL,NULL,NULL,NULL,NULL,'e5fb1aa17a14b80a7fab08df3c3dada7',NULL,'$2a$10$j2kMTvHBKtSTbDo/R6.tcOAcN9k74AcPhM5H1UnahOA.NeH6S2kvy','2024-09-26 13:48:55','2024-09-26 13:48:55'),(38,118,'72a2bc755453c032e1480687995dec23','ebe939d012c89a4220ddd7a9de23cad3d29a135ea12fdf8dc53695b058ff28c4fc445d18df9f9fd1f65287d61519b7a4edfc0794b5e5afe84676ca358c93fadd87aa2cd789c77ef4649846ed440d08c4b482c1664e2e5c86331eeef4a817533f',NULL,NULL,NULL,NULL,NULL,'985ad3b5d6bad3c1121f0f74e29a26088843d381fc5f0b57ba02dc00c7233f37',NULL,'$2a$10$rd0S/ez1Z3sLaSaS3N/Z2u5RVpBWLUVYmErUEQ5rDt3pAzR1405l2','2024-11-29 12:43:25','2024-11-29 12:43:25'),(39,118,'9e5824c508e375c3eba5bcf429fbcbf3','dd940635756129a64866bc2742b1b65122f9e9c53c412a0fd56c96e351ab952fc36f067c96b6fc8c0b3b9707671060e477a11aa4ac5684dca4b082278cfd8db69c6e4ffb69045195881667bab610388c27d1ce4f27cd225fdb4e757fc32b3fac',NULL,NULL,NULL,NULL,NULL,'c955a47b02899efb178463902a584c03',NULL,'$2a$10$3J9oQ9ofT.k1fvqQMjwCwOyzq5Dnz/ASTKdQ5id8taBv1VdJAWv4q','2024-11-29 12:45:40','2024-11-29 12:45:40'),(40,118,'0b3c9542ef5ee3ed6f6681005a7bdba9','f36e87d6d20236075f285c74fd85d2623ba341c8fc0a2712749f53a51d178885f382e912e7c66ab786e2ff26bdb1e8005dfe6a335842f8c9f2ed7681956c2374a5890078c4163309a61ec9669f070f1a1f839621810df320ebe8d231f76a2d8b',NULL,NULL,NULL,NULL,NULL,'0b3c9542ef5ee3ed6f6681005a7bdba9',NULL,'$2a$10$6.anboiga8SXrLWKor6k8eBPT0FWyyBxQSD/Q9c4IwOn2zzgnlG.2','2024-11-29 12:50:51','2024-11-29 12:50:51'),(41,118,'0ede672dccb05f75b1394d2b4bbbd321','0a18e58592a86f6e26eea6141f480e0cdfc42d83346c099c9c5e852c09db1437230ff360f8652f3a059e54b426b555f3f902ae067b67fd22a4ccb5fc714e2f884aa10c2c7884a0009b86218c6f3cb458db669548812e284da8df86e8a8bd53da',NULL,NULL,NULL,NULL,NULL,'0ede672dccb05f75b1394d2b4bbbd321',NULL,'$2a$10$g9tPxMrALIHGA3jZPRoJ0OBT9.zG3Hmbi1BfEQIMmOQhuEkEW55PK','2024-11-29 12:50:59','2024-11-29 12:50:59'),(42,118,'151231c7f49de7b1dfd69722f784cffc','06875e533f15c43f10c45c91f87814464fb25149975e75d213457398b578a59b036d771750512fec2bc204670cb677bb3c05ec77eb681af681b46870f11a7aa6b47c3cf09623f11ad8a6dd9dd8aeed5044f649a4ed167d0926c9257b0b6a4a36',NULL,NULL,NULL,NULL,NULL,'151231c7f49de7b1dfd69722f784cffc',NULL,'$2a$10$/xTlDe3m.15qjZxG2gzdQuJQN9TcVUkKi/RlzkWu76v4CeQB2qhXS','2024-11-29 12:51:22','2024-11-29 12:51:22'),(43,118,'dd317fc507c9ac6496f2549a1fa57d2b','8bf35d814578324f7e996e06e6410cb0ffcdb03b2cfde22307381c9b7f33b0499683fb955b88588b19c797ba0da3b6d1b75e0e18bbe3cac243963feb1d0a980ddd901304ebd7710a668ba539c169425bc231d5b8efcb3513cb3a419d2cd1b7de',NULL,NULL,NULL,NULL,NULL,'dd317fc507c9ac6496f2549a1fa57d2b',NULL,'$2a$10$0TQ/zYAEoj2Gkbq6F7av0e3bV0UgwJMAzlcdFAt9hDLtIlQcjh1d2','2024-11-29 12:52:40','2024-11-29 12:52:40'),(44,118,'ab965508cc064fc0b44bf0a363e82b16','dbe78257c1cea9888ee0901d81fd0d3d2566f2d9cb7f0fd75beb650da3f126d137d43419bec40b66b378270ae8a971d187d8561988ee8c40ef4d73b8a48398b890ca4410fa62a42e5e377ebfc123f1a793d0063636682b40716ac004021d2ccb',NULL,NULL,NULL,NULL,NULL,'ab965508cc064fc0b44bf0a363e82b16',NULL,'$2a$10$De1HIPVMfA1y5qiPWmc7M..5cYrg0UO9ISixx/E8HKaboQ.OyI2Mi','2024-11-29 12:52:52','2024-11-29 12:52:52'),(45,118,'4f4a330b7dcdf61e86782d338bb3eee8','b82d12c33f3819bc8b9166ba3c9383ebebf55850fedf298148b286a601a207dfb905fac909b0bc6c02b2536c331d4e116225016ecdf39b0374f28372e019a6cff8c3057f3ba3722e05e171686552fb9f37f0ae9d626d4ae28d73ba6933bfa33c',NULL,NULL,NULL,NULL,NULL,'4f4a330b7dcdf61e86782d338bb3eee8',NULL,'$2a$10$bVyDkNSWsjH2lsZEirM0DOLO91PfV76D6mpzKHTJRgwZc7ra/FjJy','2024-11-29 12:56:47','2024-11-29 12:56:47'),(46,118,'330174748f9cf3487753ab9abdd824f5','f61a33493e0b6a1bf97f4efc3419faf0f2e8f5cf7775b8d3341b2b9583d735b16667d76b9e33e4fe0df2553a897e816b901b7da26509aed27d042bd21bcff5ff707e336f26bea52c17b763847dd7786ce140d3fc6cdc50cbb763dd65bee078fd',NULL,NULL,NULL,NULL,NULL,'330174748f9cf3487753ab9abdd824f5',NULL,'$2a$10$6a.Y2k1WJkUO9BugtoXYA.ak5Jkuf7OVDCDuw5oqc2cKnJ/C8TJ3C','2024-11-29 12:59:31','2024-11-29 12:59:31'),(47,175,'525a413e532e3dd993e79aaaecaae543','4cb59748a4fa1bf7db0d9019739d63e39556ed40587f588553d544af646516a3649d3034d391e6d0f7c071013e518953d437405c2c6a2021d42b35b39d8111aa4ca0d4b1b793dfdaeba1a1a0b21a8d4543114d1ee21f9d86f1264bdd681fec1a',NULL,NULL,NULL,NULL,NULL,'525a413e532e3dd993e79aaaecaae543',NULL,'$2a$10$/.7q0GOwtj7w5fBQzLbgb.GbB39kN8S2kqcSNrHhejJCfVjuplu3e','2024-11-29 13:13:56','2024-11-29 13:13:56'),(48,118,'7f064080a3fef87795287d8e11d8d5f9','934ffb96cf540168b68bc2394d2456f52a2d9ce6974a3a2d53babb800731ccb33103c620b14d63b03895f2899e3af4f9132851ad99d484b35cc9389fe9f4f5ec8780bd418cf7de5b3db07cea40b3d9705f4dc7aaf30893ab61007c6a4f79313021902a705b97d6691ba4f0dff60949234646d8b66e145d93bf7b8197c4ae0e8984588b06f70f5900fe4d4959f0ed948860d87d7b3e0efba427911659639cd2be1e9d5b0f3183e2a531688935f93da7dc2b89902d44a6da8b326890c5bc4d8a8eda3cf41ba7cf454fbb1ea5362ffed7d4173712c346d8462a1752f3347853aa12',NULL,NULL,NULL,NULL,NULL,'0f11fd9b1b8012502f14be76414fadf926f54c65216d09426609a31689ed3191',NULL,'$2a$10$7Oy4KvLrnoeauKXZRTa7Te.DNppidUIMoVKkTLu/C/YSqmfnJPIWi','2024-11-30 20:41:52','2024-11-30 20:41:52'),(49,118,'d3357c76795866b06d68d6c6c7ed58d1','e2151dc5db091894001494404ebba48065f0495126792d42dc0ebcf4175c433c057196b50b5ded4b2a051b619dd89e5e68638771569c97701b61e886840178a29d5cef3d53603a29c63a18fb72fb818510a58648666d01ae71aa66c779812a306a1811c72c5bb252cea2569aa3e56cb6',NULL,NULL,NULL,NULL,NULL,'23dfcd04d983cdbb6ac8878cd433cd2af9f15454fb16719d53bdea7efd2c8adb',NULL,'$2a$10$GQvG5yKnBZGTxkoh5JnWwuxMFHlBjlCZMdRz4YmmWuWOTTqFu5rNq','2024-11-30 20:43:05','2024-11-30 20:43:05'),(50,118,'2e1c46c51ea2694acba8bddc84848a14','d42b5c94ef021c84667de3f2a63ffbb45975024ac7af681d6ed721d49cf00132aed870825e7f54644f689039b421e84dca8738f08624df949663a992a7c05149da08cf803b2c2b7ec3f140cee8d2b62d50f27c30839d8392eca6ed6c58308f2d26d698f3427e91f0c1ac8e7dcfadfe02',NULL,NULL,NULL,NULL,NULL,'bd13c9b2adc42b5a5e50e25302674428c75a6b46311cb11dc885188248e34ea9',NULL,'$2a$10$87sit/q28NGe4OdkJqtnouSIRrr0MTLs3Bv4H7PD4lKTHN454oY3C','2024-11-30 20:47:19','2024-11-30 20:47:19'),(51,118,'a34735127083e737060bbd58ac0707a6','2b30aeff2661a17a5c5ce5b631e275ef3801f0b6e3015a2eac95bc677a683438f46740784c0a8321ab7b9731d60a89ad7c1cd73922a93ac2a39b0554e3dfca0c881e2e596086055c8240dae7223e7e8cdded4e0479cc01117804a3ba8095028d6c6fe6c674a771d90180c3b3decd399d',NULL,NULL,NULL,NULL,NULL,'6dfb1a3770e946e4410e0980fd5e7616906060fd327f25d45b7c34f34032d143',NULL,'$2a$10$pgjdso/PBcKtnsXNPziqY.Tjs31nVBQCHI/Ckm0oHiXnf.DJ9KAD.','2024-11-30 20:48:06','2024-11-30 20:48:06'),(52,118,'e72de791bcdc361cf8230c36458a91ea','be0a05f609c5d59bbb6c37ac9e40884835ec7b3c60678c79ea238b8aa2457d3a0c5569854e8b4250eb2578b8895abbc7a8863973c27eccf20320e070cb29186f0a89f1e871e9c8b7c64d6612311cae2eb7d8c391cdb93824eda47a8999a5fd13b0faaafa4b58c1f7afa39aef42961df5',NULL,NULL,NULL,NULL,NULL,'f6a63b39c00e2b88d232d8d84beed09bb5327ad19bd6f79e4bc35a16448441b0',NULL,'$2a$10$UVaaRugyTHU8pgq03XtRyeJ9PMJZlmB.uSYchPbUNLMgjaSOEXGDq','2024-11-30 20:51:26','2024-11-30 20:51:26'),(53,118,'b07b089f85d92b5a8e652f1982d8f79bdb351828e33f08b021b9f3ba707c86fd69e2a7a749dfe376a599c3fd40f5659d8933e3711b1a3873c07e5b0486b81861233998b95c33f9229b6f72aaa9d717c41c9f98a3079f179aee72f36f0a8ef8f0','b71e857c7ee4176df9676b44bc111866585a6c2ac63b59fbfbd5a0338afdb8811b6e11c5d9670fa62bc12d0911758f7d8e6ce6e9e15a80406f523673c428397f32732f8db9c0a4e63d3ae3606625f1915365bfc51d392b06aa2c52baa833ce9c2d7cc7a66c8a750c584bf19f68f30eb737fb985813cc52010f3669e307c4fc3b174511f91c7490ed5b6dbedcb9f6b87ab6e3d32cffb79321c9f752ae7756faa453a9d7b477203399e5c999765be3da6cae051f9cfe32232b42492a6e806a5cb386975f1e5ef175f605cb65ba64480d432413b27d30e5231660d22b4bb13a99a0095d82026848c0fcac0b35f7e346c70f62b4828df661f504ec0c4a670a664efd5cb253dca1d70a3335c3f70b464ae5ab5edb8c03800353b1f930e58acae721e3226496e12ed08e49146210094c2499953a530a9c0489b34c8ea10db617ac39baeec89b782fc448f623ca90b2abef4d9a',NULL,NULL,NULL,NULL,NULL,'ccd720cc243505ad5d652703e0934123032579419f949bddd2dadebf8de534bac855de005b4833cd6e46f991bac5a1cb6817b76249aa98f254b3f1c6725a27da277b0828b80ec143d77f06bfc69df983',NULL,'$2a$10$iM0XZWgV5rLlZVaRL/XDSO8xgummfIiKmEJlczfk52DWi1OJ.tCQu','2024-11-30 20:52:35','2024-11-30 20:52:35'),(54,118,'d10cdaf475ef31260ffe2529247474ef6483b98c94c1f3aba56cef9b6f94de9982619b9bfdd90d0336ce431b3f31b64ab9e0b1969657bf0a9a15404695c5e9d7a4521f47ca849aa52c661b0d311edc70e48a3218e515fdc569b5926f3e8dfa35','eacdf1c24cc6f11de97be0d1b99c5fbaac833b7dbdef246afc54a46d55d64ad9a2e93b743a42d3407372e8fef2e600bae2c29050b54b989c85ce1c67abb151aa1be2981570de8bafa1b97b8a630ba05b48d10ff331af070a633b13807a0b7570e3e5fad7df4e4f4f87d49c594cd2f9cd51f5edd5acc1124140f46ec9b1d79130e915ac356298cd20755295c0ba3b8ee4bb566e5368ef1ff373d9a4fe3c284ae95cab701e52c42dd84c517556f22b12ce00910ce0f5382a2e1dee374dd2a6d287a7c5ce9ce1ae7070be8c74262e75479a839547db0a37d1f1d1ae21a2d75e6022828f9f69a5ceb26bfcfd83eeb81c708587443f3af78a0ddffb49ea97ea7bd90233212d04387900bc0687b6460127da6072b637d5f5cfb2d854e5a9318a0f286ca786c678a1c2b7a267c20641d122cb573d0567114453058b102f641f74316c3d799f51b221a61711dcc084837cd81791',NULL,NULL,NULL,NULL,NULL,'dbe773f97bfb8e1290387902e658fc06e0b992e3e1a704fd45bef81020da242d7ca2d38fe33d9e1c6fd127ce7b2975ae5a82a6db4b5eb658e2594660b5e126e74f4ce01f3fa23b0023d464ab22f26955',NULL,'$2a$10$owMd5MzybdwoONidqNlmvuI16buQvkFfdPbTs7cPsTBtSsInqiAYq','2024-11-30 21:00:50','2024-11-30 21:00:50'),(55,118,'a3a8ae69b0976bab710723d6102722cd','cdb7b9d5bfe282f8fa7717d75bc8af15301cd8b810a49814164d771024127f88191f64c8f6e3d0fe9a0012c74fae18e657769d4df6ccbe20ea9419728e98821368a5dd25f57eef8e9bf50bc59f518ae65a22fa923d117f541e61508aff1da5aaaa24f0e51bd56d52ceb40a1dbf89abac',NULL,NULL,NULL,NULL,NULL,'0c009da2e32ef9324dbd59a4e1d166414ff3fe6cc401d4fa284bd209068a4eab',NULL,'$2a$10$X6KQ06vxl2paYDMVFIcunOB9NQgQUYzghQ8LGIYrJUjowHRl40Syu','2024-11-30 21:03:08','2024-11-30 21:03:08'),(56,118,'5c798c84c59010f83bcb9efd50701105','3f3a5c6b20ecc7859d25c945727a5ce695a3591663552b85a1fbf4e399a7da541dab0c0b5c3de24f43cb3e7f1b2ea8a4d79f9ebeac701d263fbd6762ea73745c88b204cbed343c73d9e668f27bd18244bb6ba00577fecbd26a16c89b6e4936f0dbf8cbf56053b2929bc34dafd4fe4048',NULL,NULL,NULL,NULL,NULL,'0c2884c29bad1f418145e4b64dc31c4be190f74bd562672d9dde6e3263b28fc3',NULL,'$2a$10$GPnuyiHIE0jOPl6wD.MPLevBA8OKO2WCQFCyw0CRO/W8CF1H57eMW','2024-11-30 21:06:37','2024-11-30 21:06:37'),(57,118,'d8e3b82b3b2dd9531f5d259c3e39bfcc','ce4a8f28d4c031de4dab6d6d94d54aae2811935df6703c55f0b62ea551e2f6386296eacc0e7a9b942003c26485eb2422ab39f8f19c72ef38c6f8fe3894f3dc5f8899ffaeb4669c17745c4af1a6ba2728dc7c5015cbf001c695ad084a3b4791368e0eeec96b42e26773dca2a0fdd7e3f87d1e8fea6e43857f426c5180ca6172e9',NULL,NULL,NULL,NULL,NULL,'daac58801e18397c3a3960e371613561a035dde08208cb1ff2c87851b11d6661',NULL,'$2a$10$nJkbWC4gQCtF4fP8fL3NZOOXw9j/aEsMmyT6B23LJrWKi2QXB84Wi','2024-11-30 21:10:12','2024-11-30 21:10:12'),(58,178,'1108a09d009dcffd4859bf5dcaff2400','bd3a1e7a900cb04cc800044813ccacb3b1a375d59228f6185fb8cc10ed39cbfee57c7c11f98d1b88e5f2fb1248905855a62b2e61d5b1ef3b5380e4e81d45b55d67d6dab7ab9ccfafd7ba2d679da54d89f110dc2924e009b58131079f2e397bbe591ced3b637ef003836d4146bf12dbcb',NULL,NULL,NULL,NULL,NULL,'53d2fb503dbaac893bbddafec61deffae915008892e84c43965a96d38f25cdb7',NULL,'$2a$10$zP0uCzARsC0AsqGZjEPmGuFcHeGUpukE/vo0Vp5CXKEB4DEsuNXlK','2024-12-09 10:34:10','2024-12-09 10:34:10'),(59,220,'bd7b6db434a32056062d125f31a940b2','05feaaf247df29a792340cc338fdbb69ebc570d079e663208e73ac923de397555258c6e15050e651a06da29a67791dd7c486b37d1f70e1044a89296f2cb330c0b8d7af7653032cb63518813a3667b06e6c7ed8b08c5f26a28b08a88e4a3438003d55e6d3c991af506dd75b14a883da090e840fb359233581d8b0eb02a9636df7',NULL,NULL,NULL,NULL,NULL,'6f7275aff427de20537429fd7f23fd504069a3c8cf515fe822a0d27f9fef6dd6',NULL,'$2a$10$Dn4f2ovWZAmbsatxQIgIHO2Gbf/BeBRb3hB5JjMnTNDW5KFDDnWJW','2024-12-22 00:13:33','2024-12-22 00:13:33');
/*!40000 ALTER TABLE `appointment_prescriptions` ENABLE KEYS */;
UNLOCK TABLES;

--
-- Table structure for table `appointment_types`
--

DROP TABLE IF EXISTS `appointment_types`;
/*!40101 SET @saved_cs_client     = @@character_set_client */;
/*!50503 SET character_set_client = utf8mb4 */;
CREATE TABLE `appointment_types` (
  `appointment_type_id` int NOT NULL AUTO_INCREMENT,
  `appointment_type_name` varchar(255) NOT NULL,
  `inputted_by` int NOT NULL,
  `is_active` tinyint NOT NULL DEFAULT '1',
  `created_at` timestamp NOT NULL DEFAULT CURRENT_TIMESTAMP,
  `updated_at` timestamp NOT NULL DEFAULT CURRENT_TIMESTAMP ON UPDATE CURRENT_TIMESTAMP,
  PRIMARY KEY (`appointment_type_id`),
  UNIQUE KEY `uq_appointment_name` (`appointment_type_name`),
  KEY `fk_appointment_type_inputted_by` (`inputted_by`),
  CONSTRAINT `fk_appointment_type_inputted_by` FOREIGN KEY (`inputted_by`) REFERENCES `admins` (`admin_id`) ON UPDATE CASCADE,
  CONSTRAINT `chk_is_appointment_type_active` CHECK ((`is_active` in (0,1)))
) ENGINE=InnoDB DEFAULT CHARSET=utf8mb4 COLLATE=utf8mb4_0900_ai_ci;
/*!40101 SET character_set_client = @saved_cs_client */;

--
-- Dumping data for table `appointment_types`
--

LOCK TABLES `appointment_types` WRITE;
/*!40000 ALTER TABLE `appointment_types` DISABLE KEYS */;
/*!40000 ALTER TABLE `appointment_types` ENABLE KEYS */;
UNLOCK TABLES;

--
-- Table structure for table `blog_categories`
--

DROP TABLE IF EXISTS `blog_categories`;
/*!40101 SET @saved_cs_client     = @@character_set_client */;
/*!50503 SET character_set_client = utf8mb4 */;
CREATE TABLE `blog_categories` (
  `category_id` int NOT NULL AUTO_INCREMENT,
  `category_name` varchar(255) NOT NULL,
  `inputted_by` int NOT NULL,
  `is_active` int NOT NULL DEFAULT '1' COMMENT '0 - False , 1 - True',
  `created_at` timestamp NOT NULL DEFAULT CURRENT_TIMESTAMP,
  `updated_at` timestamp NOT NULL DEFAULT CURRENT_TIMESTAMP ON UPDATE CURRENT_TIMESTAMP,
  PRIMARY KEY (`category_id`),
  KEY `fk_category_admin_id` (`inputted_by`),
  CONSTRAINT `fk_category_admin_id` FOREIGN KEY (`inputted_by`) REFERENCES `admins` (`admin_id`) ON UPDATE CASCADE
) ENGINE=InnoDB AUTO_INCREMENT=26 DEFAULT CHARSET=utf8mb4 COLLATE=utf8mb4_0900_ai_ci;
/*!40101 SET character_set_client = @saved_cs_client */;

--
-- Dumping data for table `blog_categories`
--

LOCK TABLES `blog_categories` WRITE;
/*!40000 ALTER TABLE `blog_categories` DISABLE KEYS */;
INSERT INTO `blog_categories` VALUES (3,'breast cancer',1,1,'2024-01-17 13:54:51','2024-01-17 13:54:51'),(4,'sexually transmitted diseases',1,1,'2024-01-17 13:55:04','2024-01-17 13:55:04'),(5,'food and nutrition',1,1,'2024-01-17 13:55:16','2024-01-17 13:55:16'),(6,'pregnancy',1,1,'2024-01-17 13:55:31','2024-01-17 13:55:31'),(7,'lung diseases',1,1,'2024-01-17 13:55:43','2024-01-17 13:55:43'),(8,'drug abuse',1,1,'2024-01-17 13:55:57','2024-04-08 12:49:28'),(23,'mental health',1,1,'2024-04-08 12:50:35','2024-04-08 12:50:35');
/*!40000 ALTER TABLE `blog_categories` ENABLE KEYS */;
UNLOCK TABLES;

--
-- Table structure for table `blogs`
--

DROP TABLE IF EXISTS `blogs`;
/*!40101 SET @saved_cs_client     = @@character_set_client */;
/*!50503 SET character_set_client = utf8mb4 */;
CREATE TABLE `blogs` (
  `blog_id` int NOT NULL AUTO_INCREMENT,
  `blog_category_id` int NOT NULL,
  `title` varchar(255) NOT NULL,
  `description` text NOT NULL,
  `image` varchar(255) NOT NULL,
  `tags` text,
  `disclaimer` varchar(1000) DEFAULT 'This content is for informational purposes only. Please consult your healthcare provider for personalized advice.',
  `inputted_by` int NOT NULL,
  `is_active` tinyint NOT NULL DEFAULT '1' COMMENT '0 - False , 1 - True',
  `is_featured` tinyint NOT NULL DEFAULT '0' COMMENT '0 - False , 1 - True',
  `created_at` timestamp NOT NULL DEFAULT CURRENT_TIMESTAMP,
  `updated_at` timestamp NOT NULL DEFAULT CURRENT_TIMESTAMP ON UPDATE CURRENT_TIMESTAMP,
  PRIMARY KEY (`blog_id`),
  KEY `fk_blog_category_id` (`blog_category_id`),
  KEY `fk_blog_admin_id` (`inputted_by`),
  CONSTRAINT `fk_blog_admin` FOREIGN KEY (`inputted_by`) REFERENCES `admins` (`admin_id`) ON DELETE CASCADE ON UPDATE CASCADE,
  CONSTRAINT `fk_blog_category_id` FOREIGN KEY (`blog_category_id`) REFERENCES `blog_categories` (`category_id`) ON UPDATE CASCADE
) ENGINE=InnoDB AUTO_INCREMENT=4 DEFAULT CHARSET=utf8mb4 COLLATE=utf8mb4_0900_ai_ci;
/*!40101 SET character_set_client = @saved_cs_client */;

--
-- Dumping data for table `blogs`
--

LOCK TABLES `blogs` WRITE;
/*!40000 ALTER TABLE `blogs` DISABLE KEYS */;
INSERT INTO `blogs` VALUES (1,23,'Nurturing Mental Health: A Journey of Self-Discovery and Healing\n','In the hustle and bustle of our daily lives, amidst the deadlines, responsibilities, and the constant buzz of notifications, it\'s easy to overlook one of the most crucial aspects of our well-being: mental health. Yet, just like physical health, mental health requires attention, care, and nurturing. In this fast-paced world, where stress and anxiety often take center stage, it\'s essential to pause, reflect, and prioritize our mental well-being.\n \n Understanding Mental Health\n \n Mental health encompasses our emotional, psychological, and social well-being. It affects how we think, feel, and act, influencing every aspect of our lives. From our relationships and work performance to our ability to cope with challenges, mental health plays a pivotal role.\n \n Contrary to common misconceptions, mental health isn\'t just about the absence of mental illness. It\'s about cultivating resilience, self-awareness, and healthy coping mechanisms to navigate life\'s ups and downs effectively.\n \n The Stigma Surrounding Mental Health\n \n Despite the growing awareness of mental health issues, stigma persists, casting a shadow of shame and silence. Many individuals hesitate to seek help due to fear of judgment or societal pressure to appear strong and self-sufficient. However, acknowledging and addressing mental health challenges is a sign of strength, not weakness.\n \n Breaking the stigma requires open conversations, empathy, and understanding. By sharing our experiences and supporting one another, we create a safe space where individuals feel empowered to seek the help they need without fear of stigma or discrimination.\n \n Practical Steps for Nurturing Mental Health\n \n Self-Care: Prioritize self-care by engaging in activities that bring joy and relaxation. Whether it\'s practicing mindfulness, spending time in nature, or pursuing hobbies, carving out moments for self-care is essential for replenishing mental and emotional reserves.\n \n Healthy Boundaries: Establishing healthy boundaries is crucial for preserving mental well-being. Learn to say no to commitments that overwhelm you and set limits on technology use to prevent burnout and maintain balance.\n \n Seek Support: Don\'t hesitate to reach out for support when needed. Whether it\'s confiding in a trusted friend, seeking guidance from a therapist, or joining a support group, connecting with others can provide validation, perspective, and comfort.\n \n Mindful Practices: Incorporate mindfulness practices into your daily routine to cultivate awareness and reduce stress. Techniques such as meditation, deep breathing exercises, and yoga can help calm the mind and promote emotional resilience.\n \n Healthy Lifestyle: prioritize physical health by adopting a balanced diet, getting regular exercise, and prioritizing sleep. Physical well-being is closely intertwined with mental health, and taking care of your body can have profound effects on your overall well-being.\n\n\n Conclusion\n \n Nurturing mental health is an ongoing journey, requiring patience, self-compassion, and dedication. By prioritizing self-care, fostering supportive relationships, and seeking help when needed, we can cultivate resilience and thrive amidst life\'s challenges.\n \n Let\'s break the silence, challenge stigma, and embrace mental health as an integral part of our well-being. Together, let\'s create a world where mental health is nurtured, celebrated, and prioritized for all. Remember, you are not alone, and there is hope and healing on this journey of self-discovery and growth.\n','a9d92d99c48bf07202c5b118c17cb29f.png','\"mental-health, awareness, kenecare, ptsd, anxiety\"','This content is for informational purposes only. Please consult your healthcare provider for personalized advice.',3,1,1,'2024-04-08 12:53:32','2024-04-08 12:53:32'),(2,6,'Preparing for Parenthood: A Guide to Pre-Pregnancy Health and Wellness','Bringing a new life into the world is an extraordinary journey, filled with anticipation, joy, and countless decisions. Preparing for pregnancy is an essential step in this journey, as it sets the foundation for a healthy pregnancy and the well-being of both the mother and the baby. In this blog post, we\'ll explore the importance of pre-pregnancy health, practical tips for preparing your body for pregnancy, and the significance of preconception care.\n \n Why Pre-Pregnancy Health Matters\n \n Pre-pregnancy health plays a crucial role in ensuring a smooth pregnancy, reducing the risk of complications, and promoting the optimal development of the baby. By focusing on preconception health, individuals can address any underlying medical conditions, optimize their nutritional status, and adopt healthy lifestyle habits to support fertility and reproductive health.\n \n Practical Tips for Preparing for Pregnancy\n \n Schedule a Preconception Check-Up: Before trying to conceive, schedule a preconception check-up with your healthcare provider. During this visit, your doctor can assess your overall health, review your medical history, and provide personalized recommendations based on your individual needs.\n \n Address Existing Health Conditions: If you have any chronic health conditions such as diabetes, hypertension, or thyroid disorders, work with your healthcare provider to manage these conditions effectively before pregnancy. Optimal control of pre-existing health conditions can help reduce the risk of complications during pregnancy.\n \n Focus on Nutrition: A balanced diet rich in nutrients is essential for fertility and pre-pregnancy health. Aim to consume a variety of fruits, vegetables, whole grains, lean proteins, and healthy fats to ensure you\'re getting essential vitamins and minerals such as folic acid, iron, and calcium.\n \n Maintain a Healthy Weight: Achieving a healthy weight before pregnancy can improve fertility and reduce the risk of complications such as gestational diabetes and pre-eclampsia. Aim for a body mass index (BMI) within the healthy range and engage in regular physical activity to support overall health and well-being.\n Avoid Harmful Substances: Minimize or eliminate exposure to harmful substances such as tobacco, alcohol, and recreational drugs, as these can negatively impact fertility and increase the risk of birth defects and pregnancy complications.\n \n Manage Stress: Prioritize stress management techniques such as mindfulness, meditation, yoga, or relaxation exercises to reduce stress levels and promote emotional well-being. Chronic stress can affect fertility and reproductive health, so finding healthy ways to cope with stress is essential.\n \n Conclusion\n \n Preparing for pregnancy is an exciting and transformative journey that begins long before conception. By prioritizing pre-pregnancy health, addressing any existing health concerns, and adopting healthy lifestyle habits, individuals can optimize their chances of conception, support a healthy pregnancy, and lay the groundwork for a lifetime of wellness for both parent and child.\n \n Remember, preconception care is about empowering yourself with knowledge, making informed choices, and nurturing your body to create the best possible environment for your future family.\n','e5ec2a09d23e5bb6196f4826fecfb48b.jpg','\"prepregnancy, preconceptionhealth, fertility, pregnancyplanning , healthypregnancy , wellnessjourney , parenthoodprep , healthylifestyle, kenecare\"','This content is for informational purposes only. Please consult your healthcare provider for personalized advice.',3,1,1,'2024-04-08 13:01:09','2024-04-08 13:01:09'),(3,7,'Breathing Easy: Understanding Lung Diseases and How to Protect Respiratory Health','Our lungs are incredible organs, tirelessly working to supply oxygen to every cell in our body. However, lung diseases can significantly impact our ability to breathe freely and lead to serious health complications. In this blog post, we\'ll explore common lung diseases, their causes, symptoms, and preventive measures to help you breathe easy and protect your respiratory health.\n \n Understanding Lung Diseases\n \n Lung diseases encompass a wide range of conditions that affect the lungs and respiratory system. These diseases can affect anyone, regardless of age, gender, or lifestyle, and may range from mild to life-threatening. Some common lung diseases include:\n \n Chronic Obstructive Pulmonary Disease (COPD): COPD is a progressive lung disease characterized by airflow obstruction, making it difficult to breathe. It includes conditions such as emphysema and chronic bronchitis, often caused by long-term exposure to cigarette smoke, air pollution, or occupational hazards.\n \n Asthma: Asthma is a chronic inflammatory condition of the airways, resulting in recurrent episodes of wheezing, breathlessness, chest tightness, and coughing. Triggers for asthma attacks may include allergens, air pollution, exercise, or respiratory infections.\n \n Pneumonia: Pneumonia is an infection that inflames the air sacs in one or both lungs, causing symptoms such as fever, cough, shortness of breath, and chest pain. It can be caused by bacteria, viruses, or fungi and may range from mild to severe.\n \n Lung Cancer: Lung cancer occurs when abnormal cells grow uncontrollably in the lungs, often leading to the formation of tumors. Smoking is the leading cause of lung cancer, although exposure to secondhand smoke, radon, asbestos, and other carcinogens can also increase the risk.\n \n Pulmonary Fibrosis: Pulmonary fibrosis is a progressive lung disease characterized by scarring of the lung tissue, making it difficult for oxygen to pass into the bloodstream. The cause of pulmonary fibrosis may be idiopathic (unknown) or related to factors such as environmental exposures, autoimmune diseases, or genetics.\n \n Protecting Respiratory Health\n \n While some lung diseases are unavoidable, there are steps you can take to protect your respiratory health and reduce the risk of developing lung conditions:\n \n Avoid Tobacco Smoke: Quit smoking and avoid exposure to secondhand smoke, which is a significant risk factor for lung diseases such as COPD, lung cancer, and asthma.\n \n Reduce Exposure to Air Pollution: Minimize exposure to outdoor air pollution by staying indoors on high pollution days, using air purifiers, and avoiding areas with heavy traffic or industrial emissions.\n \n Practice Good Hygiene: Wash your hands frequently, especially during cold and flu season, to reduce the risk of respiratory infections such as pneumonia.\n \n Maintain a Healthy Lifestyle: Eat a balanced diet, exercise regularly, and maintain a healthy weight to support overall lung health and immunity.\n \n Protect Against Occupational Hazards: If you work in an environment with airborne pollutants or respiratory hazards, use protective equipment such as masks or respirators to reduce exposure.\n\nConclusion\n \n Our lungs are invaluable organs that deserve our care and attention. By understanding common lung diseases, recognizing their symptoms, and taking proactive steps to protect respiratory health, we can breathe easy and enjoy a life filled with vitality and well-being.\n \n Remember, your lungs are your lifelinenurture them, protect them, and prioritize your respiratory health for a brighter, healthier future.','358e4386eb1e9d59a2612fdba9513aca.jpg','\"lungdiseases , kenecare, respiratoryhealth ,asthmaawareness , COPDawareness , lungcancerawareness , pulmonaryfibrosis , healthylungs ,  lunghealth, breatheeasy\"','This content is for informational purposes only. Please consult your healthcare provider for personalized advice.',3,1,1,'2024-04-08 13:05:36','2024-04-08 13:06:08');
/*!40000 ALTER TABLE `blogs` ENABLE KEYS */;
UNLOCK TABLES;

--
-- Table structure for table `cities`
--

DROP TABLE IF EXISTS `cities`;
/*!40101 SET @saved_cs_client     = @@character_set_client */;
/*!50503 SET character_set_client = utf8mb4 */;
CREATE TABLE `cities` (
  `city_id` int NOT NULL AUTO_INCREMENT,
  `city_name` varchar(255) CHARACTER SET utf8mb4 COLLATE utf8mb4_unicode_ci NOT NULL,
  `latitude` decimal(10,6) DEFAULT NULL,
  `longitude` decimal(10,6) DEFAULT NULL,
  `is_active` tinyint NOT NULL DEFAULT '1',
  `inputted_by` int NOT NULL,
  `created_at` timestamp NOT NULL DEFAULT CURRENT_TIMESTAMP,
  `updated_at` timestamp NOT NULL DEFAULT CURRENT_TIMESTAMP ON UPDATE CURRENT_TIMESTAMP,
  PRIMARY KEY (`city_id`),
  UNIQUE KEY `uq_city_name` (`city_name`),
  KEY `fk_city_admin_id` (`inputted_by`),
  CONSTRAINT `fk_city_admin_id` FOREIGN KEY (`inputted_by`) REFERENCES `admins` (`admin_id`) ON UPDATE CASCADE
) ENGINE=InnoDB AUTO_INCREMENT=34 DEFAULT CHARSET=utf8mb4 COLLATE=utf8mb4_unicode_ci;
/*!40101 SET character_set_client = @saved_cs_client */;

--
-- Dumping data for table `cities`
--

LOCK TABLES `cities` WRITE;
/*!40000 ALTER TABLE `cities` DISABLE KEYS */;
INSERT INTO `cities` VALUES (1,'freetown',7.864100,-11.197301,1,1,'2023-10-15 02:31:10','2024-07-05 15:54:20'),(3,'kenema',NULL,NULL,1,1,'2023-10-16 15:04:18','2023-10-16 15:04:18'),(15,'bonthe',7.864100,-11.197301,1,1,'2024-02-15 00:29:40','2024-03-27 11:50:57'),(17,'pujehun',0.000000,0.000000,1,1,'2024-03-13 10:43:50','2024-03-13 10:43:50');
/*!40000 ALTER TABLE `cities` ENABLE KEYS */;
UNLOCK TABLES;

--
-- Table structure for table `common_symptoms`
--

DROP TABLE IF EXISTS `common_symptoms`;
/*!40101 SET @saved_cs_client     = @@character_set_client */;
/*!50503 SET character_set_client = utf8mb4 */;
CREATE TABLE `common_symptoms` (
  `symptom_id` int NOT NULL AUTO_INCREMENT,
  `symptom_name` varchar(255) NOT NULL,
  `symptom_descriptions` text NOT NULL,
  `speciality_id` int NOT NULL,
  `image_url` varchar(255) NOT NULL,
  `general_consultation_fee` int NOT NULL DEFAULT '1',
  `tags` longtext,
  `is_active` tinyint NOT NULL DEFAULT '1',
  `inputted_by` int NOT NULL,
  `created_at` timestamp NOT NULL DEFAULT CURRENT_TIMESTAMP,
  `updated_at` timestamp NOT NULL DEFAULT CURRENT_TIMESTAMP ON UPDATE CURRENT_TIMESTAMP,
  PRIMARY KEY (`symptom_id`),
  KEY `fk_common_symptom_admin_id` (`inputted_by`),
  KEY `fk_common_symptom_speciality` (`speciality_id`),
  CONSTRAINT `fk_common_symptom_admin_id` FOREIGN KEY (`inputted_by`) REFERENCES `admins` (`admin_id`) ON UPDATE CASCADE,
  CONSTRAINT `fk_common_symptom_speciality` FOREIGN KEY (`speciality_id`) REFERENCES `medical_specialities` (`speciality_id`) ON UPDATE CASCADE,
  CONSTRAINT `general_consultation_fee` CHECK ((`general_consultation_fee` <> 0))
) ENGINE=InnoDB AUTO_INCREMENT=4 DEFAULT CHARSET=utf8mb4 COLLATE=utf8mb4_0900_ai_ci;
/*!40101 SET character_set_client = @saved_cs_client */;

--
-- Dumping data for table `common_symptoms`
--

LOCK TABLES `common_symptoms` WRITE;
/*!40000 ALTER TABLE `common_symptoms` DISABLE KEYS */;
INSERT INTO `common_symptoms` VALUES (1,'influenza (flu)','signs and symptoms: fever, chills, cough, sore throat, muscle aches, fatigue, headache, nasal congestion, and sometimes gastrointestinal symptoms like nausea and vomiting.\n\nadditional information: influenza is caused by the influenza virus and can spread easily from person to person, especially during flu seasons. vaccination is recommended annually to prevent infection.',1,'symptom_9b16405b0557ed073710cda2e12274ac.jpg',150,'Fever, chills, cough, sore throat, muscle aches, fatigue, headache, nasal congestion',1,3,'2024-04-16 11:51:13','2024-04-16 11:51:13'),(2,'hypertension (high blood pressure)','signs and symptoms: often asymptomatic, but symptoms can include headaches, shortness of breath, nosebleeds, and dizziness.\n\nadditional information: hypertension is a chronic condition characterized by elevated blood pressure in the arteries. it can lead to serious health complications such as heart disease, stroke, and kidney damage if left untreated.',5,'symptom_d49addf845831958fb134d95987b4dbb.png',200,'headaches, shortness of breath, nosebleeds, and dizziness',1,3,'2024-04-16 11:57:43','2024-04-16 11:57:43'),(3,'common cold updated','The common cold is an infection of your nose, sinuses, throat and windpipe. Colds spread easily, especially within homes, classrooms and workplaces. More than 200 different viruses can cause colds. Theres no cure for a common cold, but it usually goes away within a week to 10 days. If you dont feel better in 10 days, see a healthcare provider.',1,'symptom_27055bed8f823b804ccb559a1cbd2e14.jpg',200,'sneezing, runny nose, stuffy nose, cough, headaches, fatigue',1,3,'2024-04-16 12:00:57','2024-12-11 12:12:33');
/*!40000 ALTER TABLE `common_symptoms` ENABLE KEYS */;
UNLOCK TABLES;

--
-- Table structure for table `doctor_available_days`
--

DROP TABLE IF EXISTS `doctor_available_days`;
/*!40101 SET @saved_cs_client     = @@character_set_client */;
/*!50503 SET character_set_client = utf8mb4 */;
CREATE TABLE `doctor_available_days` (
  `day_slot_id` int NOT NULL AUTO_INCREMENT,
  `doctor_id` int NOT NULL,
  `day_of_week` enum('monday','tuesday','wednesday','thursday','friday','saturday','sunday') NOT NULL,
  `day_start_time` time DEFAULT NULL,
  `day_end_time` time DEFAULT NULL,
  `is_available` tinyint DEFAULT '1',
  `created_at` timestamp NOT NULL DEFAULT CURRENT_TIMESTAMP,
  `updated_at` timestamp NOT NULL DEFAULT CURRENT_TIMESTAMP ON UPDATE CURRENT_TIMESTAMP,
  PRIMARY KEY (`day_slot_id`),
  UNIQUE KEY `uqc_doctor_day` (`doctor_id`,`day_of_week`),
  CONSTRAINT `fk_day_doctor` FOREIGN KEY (`doctor_id`) REFERENCES `doctors` (`doctor_id`) ON DELETE CASCADE ON UPDATE CASCADE
) ENGINE=InnoDB AUTO_INCREMENT=9 DEFAULT CHARSET=utf8mb4 COLLATE=utf8mb4_0900_ai_ci;
/*!40101 SET character_set_client = @saved_cs_client */;

--
-- Dumping data for table `doctor_available_days`
--

LOCK TABLES `doctor_available_days` WRITE;
/*!40000 ALTER TABLE `doctor_available_days` DISABLE KEYS */;
/*!40000 ALTER TABLE `doctor_available_days` ENABLE KEYS */;
UNLOCK TABLES;

--
-- Table structure for table `doctor_faqs`
--

DROP TABLE IF EXISTS `doctor_faqs`;
/*!40101 SET @saved_cs_client     = @@character_set_client */;
/*!50503 SET character_set_client = utf8mb4 */;
CREATE TABLE `doctor_faqs` (
  `faq_id` int NOT NULL AUTO_INCREMENT,
  `doctor_id` int NOT NULL,
  `question` varchar(255) DEFAULT NULL,
  `answer` varchar(1000) DEFAULT NULL,
  `is_active` tinyint NOT NULL DEFAULT '1' COMMENT '0 - inactive, 1 - active',
  `created_at` timestamp NOT NULL DEFAULT CURRENT_TIMESTAMP,
  `updated_at` timestamp NOT NULL DEFAULT CURRENT_TIMESTAMP ON UPDATE CURRENT_TIMESTAMP,
  PRIMARY KEY (`faq_id`),
  KEY `fk_faq_doctor_id` (`doctor_id`),
  CONSTRAINT `fk_faq_doctor` FOREIGN KEY (`doctor_id`) REFERENCES `doctors` (`doctor_id`) ON DELETE CASCADE ON UPDATE CASCADE,
  CONSTRAINT `chk_is_faq_active` CHECK ((`is_active` in (0,1)))
) ENGINE=InnoDB DEFAULT CHARSET=utf8mb4 COLLATE=utf8mb4_0900_ai_ci;
/*!40101 SET character_set_client = @saved_cs_client */;

--
-- Dumping data for table `doctor_faqs`
--

LOCK TABLES `doctor_faqs` WRITE;
/*!40000 ALTER TABLE `doctor_faqs` DISABLE KEYS */;
/*!40000 ALTER TABLE `doctor_faqs` ENABLE KEYS */;
UNLOCK TABLES;

--
-- Table structure for table `doctor_feedbacks`
--

DROP TABLE IF EXISTS `doctor_feedbacks`;
/*!40101 SET @saved_cs_client     = @@character_set_client */;
/*!50503 SET character_set_client = utf8mb4 */;
CREATE TABLE `doctor_feedbacks` (
  `feedback_id` int NOT NULL AUTO_INCREMENT,
  `doctor_id` int NOT NULL,
  `patient_id` int NOT NULL,
  `feedback_content` varchar(1000) NOT NULL,
  `is_feedback_approved` tinyint NOT NULL DEFAULT '0',
  `created_at` timestamp NOT NULL DEFAULT CURRENT_TIMESTAMP,
  `updated_at` timestamp NOT NULL DEFAULT CURRENT_TIMESTAMP ON UPDATE CURRENT_TIMESTAMP,
  PRIMARY KEY (`feedback_id`),
  KEY `fk_feedback_doctor_id` (`doctor_id`),
  KEY `fk_feedback_patient_id` (`patient_id`),
  CONSTRAINT `fk_feedback_doctor` FOREIGN KEY (`doctor_id`) REFERENCES `doctors` (`doctor_id`) ON DELETE CASCADE ON UPDATE CASCADE,
  CONSTRAINT `fk_feedback_patient_id` FOREIGN KEY (`patient_id`) REFERENCES `patients` (`patient_id`) ON UPDATE CASCADE,
  CONSTRAINT `chk_is_feedback_approved` CHECK ((`is_feedback_approved` in (0,1)))
) ENGINE=InnoDB DEFAULT CHARSET=utf8mb4 COLLATE=utf8mb4_0900_ai_ci;
/*!40101 SET character_set_client = @saved_cs_client */;

--
-- Dumping data for table `doctor_feedbacks`
--

LOCK TABLES `doctor_feedbacks` WRITE;
/*!40000 ALTER TABLE `doctor_feedbacks` DISABLE KEYS */;
/*!40000 ALTER TABLE `doctor_feedbacks` ENABLE KEYS */;
UNLOCK TABLES;

--
-- Table structure for table `doctor_time_slots`
--

DROP TABLE IF EXISTS `doctor_time_slots`;
/*!40101 SET @saved_cs_client     = @@character_set_client */;
/*!50503 SET character_set_client = utf8mb4 */;
CREATE TABLE `doctor_time_slots` (
  `time_slot_id` int NOT NULL AUTO_INCREMENT,
  `doctor_id` int NOT NULL,
  `day_slot_id` int NOT NULL,
  `slot_start_time` time NOT NULL,
  `slot_end_time` time NOT NULL,
  `is_slot_available` tinyint NOT NULL DEFAULT '1' COMMENT '0 - False | 1 - True',
  `created_at` timestamp NOT NULL DEFAULT CURRENT_TIMESTAMP,
  `updated_at` timestamp NOT NULL DEFAULT CURRENT_TIMESTAMP ON UPDATE CURRENT_TIMESTAMP,
  PRIMARY KEY (`time_slot_id`),
  KEY `fk_time_slot_doctor_id` (`doctor_id`),
  KEY `fk_time_slot_day_id` (`day_slot_id`),
  CONSTRAINT `fk_slot_doctor` FOREIGN KEY (`doctor_id`) REFERENCES `doctors` (`doctor_id`) ON DELETE CASCADE ON UPDATE CASCADE,
  CONSTRAINT `fk_time_slot_day_id` FOREIGN KEY (`day_slot_id`) REFERENCES `doctor_available_days` (`day_slot_id`) ON DELETE CASCADE ON UPDATE CASCADE,
  CONSTRAINT `chk_is_slot_available` CHECK ((`is_slot_available` in (0,1)))
) ENGINE=InnoDB AUTO_INCREMENT=9 DEFAULT CHARSET=utf8mb4 COLLATE=utf8mb4_0900_ai_ci;
/*!40101 SET character_set_client = @saved_cs_client */;

--
-- Dumping data for table `doctor_time_slots`
--

LOCK TABLES `doctor_time_slots` WRITE;
/*!40000 ALTER TABLE `doctor_time_slots` DISABLE KEYS */;
/*!40000 ALTER TABLE `doctor_time_slots` ENABLE KEYS */;
UNLOCK TABLES;

--
-- Table structure for table `doctors`
--

DROP TABLE IF EXISTS `doctors`;
/*!40101 SET @saved_cs_client     = @@character_set_client */;
/*!50503 SET character_set_client = utf8mb4 */;
CREATE TABLE `doctors` (
  `doctor_id` int NOT NULL AUTO_INCREMENT,
  `user_id` int NOT NULL,
  `title` varchar(50) DEFAULT NULL,
  `first_name` varchar(255) NOT NULL,
  `middle_name` varchar(255) DEFAULT NULL,
  `last_name` varchar(255) NOT NULL,
  `gender` enum('male','female') NOT NULL,
  `professional_summary` varchar(1000) DEFAULT NULL,
  `profile_pic_url` varchar(255) DEFAULT NULL,
  `specialization_id` int NOT NULL,
  `qualifications` varchar(1000) DEFAULT NULL,
  `consultation_fee` decimal(10,2) NOT NULL,
  `hospital_id` int DEFAULT NULL,
  `city_id` int NOT NULL,
  `years_of_experience` int NOT NULL DEFAULT '1',
  `is_profile_approved` tinyint NOT NULL DEFAULT '0' COMMENT '0 - False | 1 - True',
  `approved_by` int DEFAULT NULL,
  `created_at` timestamp NOT NULL DEFAULT CURRENT_TIMESTAMP,
  `updated_at` timestamp NOT NULL DEFAULT CURRENT_TIMESTAMP ON UPDATE CURRENT_TIMESTAMP,
  PRIMARY KEY (`doctor_id`),
  KEY `fk_doctor_user_id` (`user_id`),
  KEY `fk_doctor_city_id` (`city_id`),
  KEY `fk_doctor_specialization` (`specialization_id`),
  KEY `fk_doctor_approved_by` (`approved_by`),
  CONSTRAINT `fk_doctor_approved_by` FOREIGN KEY (`approved_by`) REFERENCES `admins` (`admin_id`) ON UPDATE CASCADE,
  CONSTRAINT `fk_doctor_city_id` FOREIGN KEY (`city_id`) REFERENCES `cities` (`city_id`) ON UPDATE CASCADE,
  CONSTRAINT `fk_doctor_specialty` FOREIGN KEY (`specialization_id`) REFERENCES `medical_specialities` (`speciality_id`),
  CONSTRAINT `fk_doctor_user` FOREIGN KEY (`user_id`) REFERENCES `users` (`user_id`) ON DELETE CASCADE ON UPDATE CASCADE
) ENGINE=InnoDB AUTO_INCREMENT=23 DEFAULT CHARSET=utf8mb4 COLLATE=utf8mb4_0900_ai_ci;
/*!40101 SET character_set_client = @saved_cs_client */;

--
-- Dumping data for table `doctors`
--

LOCK TABLES `doctors` WRITE;
/*!40000 ALTER TABLE `doctors` DISABLE KEYS */;
INSERT INTO `doctors` VALUES (2,11,'Dr.','Nyalema','Victoria','Moiwa','female','With over a decade of dedicated service in the medical field, Nyalema is a seasoned heart surgeon renowned for her expertise and compassionate patient care. Having traversed both governmental and non-governmental spheres, she brings a wealth of experience and a diverse perspective to her practice.\n\nNyalema\'s journey in healthcare has been marked by over 50 successful heart surgeries, each a testament to her precision, skill, and unwavering commitment to excellence. Her journey has evolved to include the establishment of her own private medical center, where she continues to provide cutting-edge treatments and personalized care to her patients.\n\nBeyond her clinical practice, Nyalema is a passionate advocate for child health, recognizing the importance of early intervention and preventive measures in shaping healthier futures. Her collaboration with esteemed organizations such as the World Health Organization (WHO) reflects her dedication to advancing global health initiatives and addres','1fec5e146395499c9dfba21cb60a3f37.png',1,'Heart Surgeon | Healthcare Advocate',1.00,NULL,1,12,1,3,'2024-03-01 11:36:30','2024-05-13 11:09:57'),(11,56,'Dr.','Nathaniel','Ainajoko','Williams','male','A medical officer with years of experience in both clinical and administrative fields','b9efd764e570bcfac1c0f9c9deba2cdb.jpeg',2,'MBChB',250.00,NULL,1,9,1,3,'2024-05-08 14:44:34','2024-05-08 16:28:21'),(12,67,'Nur','Amarachi','Josephine','Eke','male','My name is Chinedum Roland and I am a very professional doctor\n','59c8b0e3b69a6f5d438313e8fdfb930d.JPG',1,'Mba Nursing',1.00,NULL,1,5,1,3,'2024-05-28 16:54:42','2024-11-28 13:46:16'),(13,71,'Dr.','Haja','Safiyatu','Sovula','female','To be changed ','f9da2601c15b87694f03c5ea3d17f83e.jpeg',1,'Mb.Ch.B, MPH, Pgdip.Child Health, Pgdip.Neonatology, MWACP',200.00,NULL,1,8,1,3,'2024-06-18 10:45:14','2024-06-18 15:18:37'),(14,73,'Dr.','Peter','','Mac-Jajua','male','.','bf3d21c0b45672c0c09caa71e32e1fd2.jpeg',7,'MB.ChB',400.00,NULL,1,4,1,3,'2024-06-21 12:12:27','2024-06-24 12:48:04'),(15,74,'Dr.','Amara','','Conteh','male','.','3aa0b9afa7175d860403b710e90403c5.png',1,'Registrar Grade 11',300.00,NULL,1,5,1,3,'2024-06-21 14:03:14','2024-06-24 12:39:04'),(18,281,'Dr.','Isha','','Kanawah','female','Isha kanawah. Since 2015 to date. State Enrolled Community Health Nurse.\nPediatricians\nLe 100.00\n\n\n',NULL,1,'State Enrolled Community Health Nurse',100.00,NULL,1,15,0,NULL,'2025-01-20 11:25:38','2025-01-20 11:25:38'),(19,632,'Dr.','Ibrahim','','Bangura','male','Ibrahim Bangura. Specialized in internal medicine. He has five years experience in the field. \nConsultation fee: 100',NULL,9,'Clinical Officer',100.00,NULL,1,5,0,NULL,'2025-02-10 17:29:37','2025-02-10 17:29:37'),(20,691,'Dr.','Sahr','Laurence','Ngaujah','male','A medical officer who has been in practice for over 3 years and has done rotations in the major disciplines of medicine (Paediatrics, Obstetrics, Gynaecology, Internal Medicine, and General Surgery).  ',NULL,10,'MbCHB',150.00,NULL,1,3,1,3,'2025-02-14 22:22:30','2025-02-14 22:31:50'),(21,715,'Dr.','Victoria','Ebun','Kobba','female','I am a qualified Medical Doctor, well-trained from the College of Medicine and Allied Health Sciences. Graduated with a Bachelors Degree in Medicine and Surgery Complete House Manship','61956b97c62d1fe7fd32b6fae2f885c3.JPG',10,'MBChB',250.00,NULL,1,3,1,3,'2025-02-18 11:24:33','2025-02-18 11:33:06'),(22,731,'Dr.','Rosaline','','Fornah','female','A young Doctor who is hardworking, friendly, smart with many skills and knowledgeable in many tropical disease With Bachelor in Medicine and Surgery.',NULL,9,'MBCHB',250.00,NULL,1,2,0,NULL,'2025-02-18 19:42:08','2025-02-18 19:42:08');
/*!40000 ALTER TABLE `doctors` ENABLE KEYS */;
UNLOCK TABLES;

--
-- Table structure for table `doctors_council_registration`
--

DROP TABLE IF EXISTS `doctors_council_registration`;
/*!40101 SET @saved_cs_client     = @@character_set_client */;
/*!50503 SET character_set_client = utf8mb4 */;
CREATE TABLE `doctors_council_registration` (
  `council_registration_id` int NOT NULL AUTO_INCREMENT,
  `doctor_id` int NOT NULL,
  `medical_council_id` int NOT NULL,
  `registration_number` varchar(255) NOT NULL,
  `registration_year` varchar(6) DEFAULT NULL,
  `registration_document_url` varchar(255) DEFAULT NULL,
  `certificate_issued_date` date NOT NULL,
  `certificate_expiry_date` date NOT NULL,
  `registration_status` enum('pending','approved','rejected') NOT NULL DEFAULT 'pending',
  `rejection_reason` text,
  `verified_by` int DEFAULT NULL,
  `created_at` timestamp NOT NULL DEFAULT CURRENT_TIMESTAMP,
  `updated_at` timestamp NOT NULL DEFAULT CURRENT_TIMESTAMP ON UPDATE CURRENT_TIMESTAMP,
  PRIMARY KEY (`council_registration_id`),
  KEY `fk_doctor_id` (`doctor_id`),
  KEY `fk_doctor_registration_council_id` (`medical_council_id`),
  KEY `fk_doctor_registration_admin_id` (`verified_by`),
  CONSTRAINT `fk_councilReg_doctor` FOREIGN KEY (`doctor_id`) REFERENCES `doctors` (`doctor_id`) ON DELETE CASCADE ON UPDATE CASCADE,
  CONSTRAINT `fk_doctor_registration_admin_id` FOREIGN KEY (`verified_by`) REFERENCES `admins` (`admin_id`) ON UPDATE CASCADE,
  CONSTRAINT `fk_doctor_registration_council_id` FOREIGN KEY (`medical_council_id`) REFERENCES `medical_councils` (`council_id`) ON UPDATE CASCADE
) ENGINE=InnoDB AUTO_INCREMENT=17 DEFAULT CHARSET=utf8mb4 COLLATE=utf8mb4_0900_ai_ci;
/*!40101 SET character_set_client = @saved_cs_client */;

--
-- Dumping data for table `doctors_council_registration`
--

LOCK TABLES `doctors_council_registration` WRITE;
/*!40000 ALTER TABLE `doctors_council_registration` DISABLE KEYS */;
INSERT INTO `doctors_council_registration` VALUES (8,11,1,'672','2016','council_cert_f388bc248ee5e1cf34cfb4f49cd77da4.jpeg','2024-04-16','2024-12-31','approved',NULL,3,'2024-05-08 14:46:09','2024-05-08 16:29:06'),(10,13,1,'PM 755','2016','council_cert_67316992370a979fd271ea01620a197f.jpeg','2019-12-19','2025-12-19','approved',NULL,3,'2024-06-18 13:00:15','2024-06-24 12:51:47'),(11,14,1,'ER2343','2018','council_cert_eefd1da51de87bdee6bbd7641ca31a70.jpg','2024-06-13','2024-07-06','pending',NULL,NULL,'2024-06-21 12:21:43','2024-06-21 12:21:43'),(12,15,1,'23234','2018','council_cert_d86f6d40368ebcc60cd9f9dbe7850a8a.jpg','2024-06-05','2024-06-22','pending',NULL,NULL,'2024-06-22 00:17:04','2024-06-22 00:17:04'),(15,20,1,'PM. 1099','2025','council_cert_afe766d422691d3f84c111000aa1804c.jpg','2025-01-01','2025-12-31','approved',NULL,3,'2025-02-14 22:24:02','2025-02-14 22:33:04'),(16,21,1,'PM. 1089','2024','council_cert_8b5b22be604f3dbc89d778e39f045ac8.jpg','2025-01-01','2025-12-31','approved',NULL,3,'2025-02-18 11:28:30','2025-02-18 11:33:51');
/*!40000 ALTER TABLE `doctors_council_registration` ENABLE KEYS */;
UNLOCK TABLES;

--
-- Table structure for table `doctors_educational_background`
--

DROP TABLE IF EXISTS `doctors_educational_background`;
/*!40101 SET @saved_cs_client     = @@character_set_client */;
/*!50503 SET character_set_client = utf8mb4 */;
CREATE TABLE `doctors_educational_background` (
  `education_id` int NOT NULL AUTO_INCREMENT,
  `doctor_id` int NOT NULL,
  `institution_name` varchar(255) NOT NULL,
  `year_started` varchar(6) DEFAULT NULL,
  `year_completed` varchar(6) DEFAULT NULL,
  `degree_attained` varchar(255) NOT NULL,
  `created_at` timestamp NOT NULL DEFAULT CURRENT_TIMESTAMP,
  `updated_at` timestamp NOT NULL DEFAULT CURRENT_TIMESTAMP ON UPDATE CURRENT_TIMESTAMP,
  PRIMARY KEY (`education_id`),
  KEY `fk_education_doctor_id` (`doctor_id`),
  CONSTRAINT `fk_education_doctor` FOREIGN KEY (`doctor_id`) REFERENCES `doctors` (`doctor_id`) ON DELETE CASCADE ON UPDATE CASCADE
) ENGINE=InnoDB DEFAULT CHARSET=utf8mb4 COLLATE=utf8mb4_0900_ai_ci;
/*!40101 SET character_set_client = @saved_cs_client */;

--
-- Dumping data for table `doctors_educational_background`
--

LOCK TABLES `doctors_educational_background` WRITE;
/*!40000 ALTER TABLE `doctors_educational_background` DISABLE KEYS */;
/*!40000 ALTER TABLE `doctors_educational_background` ENABLE KEYS */;
UNLOCK TABLES;

--
-- Table structure for table `doctors_wallet`
--

DROP TABLE IF EXISTS `doctors_wallet`;
/*!40101 SET @saved_cs_client     = @@character_set_client */;
/*!50503 SET character_set_client = utf8mb4 */;
CREATE TABLE `doctors_wallet` (
  `wallet_id` int NOT NULL AUTO_INCREMENT,
  `doctor_id` int NOT NULL,
  `balance` decimal(10,2) DEFAULT '0.00',
  `wallet_pin` varchar(100) DEFAULT '$2a$10$vP7hZi0rsfGzGlI44aKkKOFGpn8pTc5y04dvzXydBBjmfxrA18iD.',
  `created_at` timestamp NULL DEFAULT CURRENT_TIMESTAMP,
  `updated_at` timestamp NULL DEFAULT CURRENT_TIMESTAMP ON UPDATE CURRENT_TIMESTAMP,
  PRIMARY KEY (`wallet_id`),
  KEY `fk_wallet_doctor` (`doctor_id`),
  CONSTRAINT `fk_wallet_doctor` FOREIGN KEY (`doctor_id`) REFERENCES `doctors` (`doctor_id`) ON DELETE CASCADE ON UPDATE CASCADE
) ENGINE=InnoDB AUTO_INCREMENT=20 DEFAULT CHARSET=utf8mb4 COLLATE=utf8mb4_0900_ai_ci;
/*!40101 SET character_set_client = @saved_cs_client */;

--
-- Dumping data for table `doctors_wallet`
--

LOCK TABLES `doctors_wallet` WRITE;
/*!40000 ALTER TABLE `doctors_wallet` DISABLE KEYS */;
INSERT INTO `doctors_wallet` VALUES (6,11,0.00,'$2a$10$zVi/lralQKnaDapsshQ2PeF1jFk8UE2QxUipXp60Xo08KRRTlNEvi','2024-05-08 14:44:35','2024-05-08 14:44:35'),(8,13,0.00,'$2a$10$yPIJlo1FIfVR/9zDeGC8IuRiqgYq74qmERAVIpTgwbPHmif4hAjLO','2024-06-18 10:45:14','2024-06-18 10:45:14'),(9,14,0.00,'$2a$10$BMFPekZiyH3XSRhuc9Z6auOkgeypWJRWEH/OGPuN3weW82uvbro2e','2024-06-21 12:12:27','2024-06-21 12:12:27'),(10,15,0.00,'$2a$10$wAt.ON0vR5yscBZHCmW9nOTbbZjhVn51X9ZP9xM7jtDEG85Od2N2m','2024-06-21 14:03:14','2024-06-21 14:03:14'),(13,12,2.55,'$2a$10$gtZNTZ6kmWIBiUa.PcAtfOFVn619B.LGAuG/3DrY5KK7gelvEuImG','2025-01-12 16:02:24','2025-01-29 16:29:11'),(14,2,1.70,'$2a$10$rGYHUHDjgE.xVLdXrv6./eACRtiZZhyqd2nMOIdZ4WoYyaPZXxK.W','2025-01-14 12:07:00','2025-02-21 11:20:47'),(15,18,0.00,'$2a$10$FlpCTnPl6cxMQHpQqmIZ3uxSFc7u5PW.A36uo3mAxdQejzQumcsK6','2025-01-20 11:25:38','2025-01-20 11:25:38'),(16,19,0.00,'$2a$10$Chq4ELkTirBCW0/ROy2CY.WCjpchNCkTirUI7BAeNwu9c/ZPfijtC','2025-02-10 17:29:37','2025-02-10 17:29:37'),(17,20,0.00,'$2a$10$lFPusAiGFwWumU0RtF8dxuJpI4yf7gblA1jgtvw8nSc2fQ1Q0rA5S','2025-02-14 22:22:31','2025-02-14 22:22:31'),(18,21,0.00,'$2a$10$mnByg/FrfYlgEuH6eVrDzuc2aQ/M43VWZD7cMr0Z8lfCl2LVFBIvO','2025-02-18 11:24:33','2025-02-18 11:24:33'),(19,22,0.00,'$2a$10$LwTi9pC.AVXrlMprfVulNO7t4ljiC85jusSmVbbLt94a92836poxK','2025-02-18 19:42:09','2025-02-18 19:42:09');
/*!40000 ALTER TABLE `doctors_wallet` ENABLE KEYS */;
UNLOCK TABLES;

--
-- Table structure for table `marketers`
--

DROP TABLE IF EXISTS `marketers`;
/*!40101 SET @saved_cs_client     = @@character_set_client */;
/*!50503 SET character_set_client = utf8mb4 */;
CREATE TABLE `marketers` (
  `marketer_id` int NOT NULL AUTO_INCREMENT,
  `marketer_uuid` varchar(100) NOT NULL,
  `referral_code` varchar(20) NOT NULL,
  `first_name` varchar(150) NOT NULL,
  `middle_name` varchar(150) DEFAULT NULL,
  `last_name` varchar(150) NOT NULL,
  `gender` enum('male','female') NOT NULL,
  `dob` date DEFAULT NULL,
  `phone_number` varchar(50) NOT NULL,
  `phone_verification_token` varchar(10) DEFAULT NULL,
  `is_phone_verified` tinyint(1) DEFAULT '0',
  `phone_verified_at` timestamp NULL DEFAULT NULL,
  `email` varchar(150) DEFAULT NULL,
  `email_verification_token` varchar(255) DEFAULT NULL,
  `is_email_verified` tinyint(1) DEFAULT '0',
  `email_verified_at` timestamp NULL DEFAULT NULL,
  `home_address` varchar(255) NOT NULL,
  `id_document_type` enum('passport','drivers_license','national_id') NOT NULL,
  `id_document_number` varchar(50) NOT NULL,
  `id_document_uuid` varchar(255) DEFAULT NULL,
  `nin` varchar(50) DEFAULT NULL,
  `emergency_contact_name_1` varchar(150) NOT NULL,
  `emergency_contact_phone_1` varchar(50) NOT NULL,
  `emergency_contact_address_1` varchar(255) NOT NULL,
  `emergency_contact_name_2` varchar(150) NOT NULL,
  `emergency_contact_phone_2` varchar(50) NOT NULL,
  `emergency_contact_address_2` varchar(255) NOT NULL,
  `created_at` datetime DEFAULT CURRENT_TIMESTAMP,
  `updated_at` datetime DEFAULT CURRENT_TIMESTAMP,
  PRIMARY KEY (`marketer_id`),
  UNIQUE KEY `uq_marketer_referral_code` (`referral_code`)
) ENGINE=InnoDB AUTO_INCREMENT=13 DEFAULT CHARSET=utf8mb4 COLLATE=utf8mb4_0900_ai_ci;
/*!40101 SET character_set_client = @saved_cs_client */;

--
-- Dumping data for table `marketers`
--

LOCK TABLES `marketers` WRITE;
/*!40000 ALTER TABLE `marketers` DISABLE KEYS */;
INSERT INTO `marketers` VALUES (3,'594852da-8bef-4106-a6e3-b8fccb2cf9d4','KC-CHIEKE921','Chinedum','Roland','Eke','male','1995-06-01','+23299822683',NULL,1,'2024-12-07 16:18:49','rolandeke49@gmail.com',NULL,1,'2024-12-07 16:17:56','88 Pademba Road, Freetown','passport','WH86F0IW','marketer_id_292bf9630212f2fa4bc9bc5830120992.png','WH86F0IW','Alex Kamara','+23278121212','1B Main Street','Porsh Eke','+23275454578','1C Main Street','2024-12-07 16:17:39','2024-12-07 16:17:39'),(4,'23387145-8b89-4be9-ac65-fda7dec2dc78','KC-DAUKAM729','Dauda','','Kamara','male','1996-08-27','+23280349371',NULL,1,'2024-12-23 08:44:15','kamaratejandauda360@gmail.com',NULL,1,'2024-12-23 08:48:28','10 Conteh Street, Off Grafton','passport','SLR010387','marketer_id_69fafffe4eb2346e1ed5d62713506b00.png','','Hawa Mansaray','+23274786869','15 Taylor Street, Off Wellington','Adama Deen','+23277718100','2 Fisher Street, Off Kissy','2024-12-23 08:40:08','2024-12-23 08:40:08'),(5,'be5832bc-d433-4af3-84f2-4a7b6b6e2fb3','KC-REBCON550','Rebecca','Faith','Conteh','female','1999-10-09','+23272874044',NULL,1,'2024-12-23 08:57:17','contehr98@gmail.com',NULL,1,'2024-12-23 09:00:27','D4 Police Barracks, Kangama Kingtom','national_id','4115535','marketer_id_991df165d63ef0fb55f80bde81dcc056.png','N&#X2F;A','Mrs. Hawanatu Conteh','+23278739087','D4 Police Barracks, Kangama Kingtom','Rebecca Faith Conteh','+447551253725','D4 Police Barracks, Kangama Kingtom','2024-12-23 08:53:21','2024-12-23 08:53:21'),(6,'c103d7ac-88ed-407d-baa1-ec10d560a545','KC-MOHCON497','Mohamed','Kho','Conteh','male','1994-11-07','+23288952253',NULL,1,'2024-12-23 09:11:56','mkhoconteh@gmail.com',NULL,1,'2024-12-23 09:12:47','5F Magazine Cut, Grass Field, Kissy','national_id','VCF61PM8','marketer_id_63931417d746a038221676f32db70145.png','VCF61PM8','Mr. Abu Bakarr Bangura','+23230698678','5F Magazine Cut, Grass Field, Kissy','Miss Khonatu Conteh','+23275112963','13 Robert Lane, Jui','2024-12-23 09:11:06','2024-12-23 09:11:06'),(7,'2be11201-a572-49aa-acc4-54a83d7b16f3','KC-MARKAL971','Mariama','Manjula','Kallay','female','1997-11-30','+23288288413',NULL,1,'2024-12-23 09:25:54','kallaymariama88@gmail.com',NULL,1,'2024-12-23 09:30:19','5# Jalloh Lane Rokel CheckPoint, Waterloo Highway','national_id','4622825','marketer_id_1067a59b6662c77b289e80f2cb0ca4d2.png','4622825','Samuel Kamara','+23288586214','5# Jalloh Lane Rokel CheckPoint, Waterloo Highway','David Olu Coker','+23277270984','41 Cantonment Road, Red Pump','2024-12-23 09:23:12','2024-12-23 09:23:12'),(8,'a9796615-f96d-4d84-be21-4820870df3f5','KC-CLEKAM426','Clementina','Kadiatu','Kamara','female','1995-11-10','+23288161727',NULL,1,'2024-12-23 12:13:29','clementinakamara5@gmail.com','',1,'2024-12-25 10:03:19','Fullah Street Waterloo, Bassa Town','national_id','3554287','marketer_id_7bb429677bc38801a5063cf72716a58a.png','3554287','Edward Musa','+23276744952','Kwama Masiaka Highway','Ishmeal Kamara','+23277737639','Kwama Masiaka Highway','2024-12-23 12:10:39','2024-12-23 12:10:39'),(9,'fb492b1a-1e91-4767-85ba-aa8e58da1023','KC-UMUBAH686','Umu','','Bah','female','2000-12-25','+23233587652',NULL,1,'2025-01-08 09:03:33','ubah55141@gmail.com',NULL,1,'2025-01-08 09:03:47','5 Syke Stree, Congo Town','national_id','014G8FGS','marketer_id_619bdfde063922e10872fc196b22cdcc.png','014G8FGS','Asmaru Barrie','+23234940612','King Street, Freetown','Abdulai Barrie','+23274940612','Mends Street, Pademba Road','2025-01-08 09:01:41','2025-01-08 09:01:41'),(10,'0ef61f09-227a-4268-b3cd-db804e0a33f5','KC-ISAKOR525','Isatu','','Koroma','female','1998-06-02','+23288110565',NULL,1,'2025-01-08 09:12:09','isatu976@gmail.com',NULL,1,'2025-01-08 09:12:22','24 Corton Street Pickup Farm Wellington','national_id','1057467','marketer_id_7f7f2960c4163068571a00a0b49e01a4.png','1057467','ZACK ALLEN','+23280795188','5 BANGALI STREET PEPEL','TAMBA METZGER KENDEMA','+23230686098','24 CORTON STREET PICK UP FARM WELLINGTON','2025-01-08 09:11:45','2025-01-08 09:11:45'),(12,'04f204b1-914e-4019-b929-7cb8c5bdcecf','KC-PAUTAR660','Paulina','Adizer','Tarawallie','female','2004-05-18','+23288454969',NULL,1,'2025-01-08 19:01:30','tarawallieadizer@gmail.com',NULL,1,'2025-01-08 19:01:46','19a Signal Hill Off Congo Cross, Freetown','national_id','4417321','marketer_id_317089f5c91b7720d0e9a56bb726dc1a.jpg','4417321','Adama Tommy','074083042','19a Signal Hill Off Congo Cross, Freetown','Hannah Bakarr','079333370','19a Signal Hill Off Congo Cross, Freetown','2025-01-08 18:57:07','2025-01-08 18:57:07');
/*!40000 ALTER TABLE `marketers` ENABLE KEYS */;
UNLOCK TABLES;

--
-- Table structure for table `medical_appointments`
--

DROP TABLE IF EXISTS `medical_appointments`;
/*!40101 SET @saved_cs_client     = @@character_set_client */;
/*!50503 SET character_set_client = utf8mb4 */;
CREATE TABLE `medical_appointments` (
  `appointment_id` int NOT NULL AUTO_INCREMENT,
  `appointment_uuid` varchar(150) NOT NULL,
  `patient_id` int NOT NULL,
  `doctor_id` int NOT NULL,
  `appointment_type` enum('online_consultation','doctor_visit','patient_visit') NOT NULL DEFAULT 'online_consultation',
  `patient_name_on_prescription` varchar(255) NOT NULL,
  `patient_mobile_number` varchar(50) NOT NULL,
  `speciality_id` int NOT NULL,
  `patient_symptoms` text NOT NULL,
  `consultation_fee` decimal(10,6) NOT NULL,
  `appointment_date` date NOT NULL,
  `appointment_time` time NOT NULL,
  `time_slot_id` int DEFAULT NULL,
  `meeting_id` int DEFAULT NULL,
  `start_time` time DEFAULT NULL,
  `end_time` time DEFAULT NULL,
  `appointment_status` enum('approved','pending','started','completed','canceled','postponed','referred') DEFAULT 'pending',
  `cancelled_reason` text,
  `cancelled_at` timestamp NULL DEFAULT NULL,
  `canceled_by` enum('patient','doctor') DEFAULT NULL,
  `postponed_reason` text,
  `postponed_date` date DEFAULT NULL,
  `postponed_by` enum('patient','doctor') DEFAULT NULL,
  `created_at` timestamp NOT NULL DEFAULT CURRENT_TIMESTAMP,
  `updated_at` timestamp NOT NULL DEFAULT CURRENT_TIMESTAMP ON UPDATE CURRENT_TIMESTAMP,
  PRIMARY KEY (`appointment_id`),
  KEY `fk_appointment_patient_id` (`patient_id`),
  KEY `fk_appointment_doctor_id` (`doctor_id`),
  KEY `fK_appointment_speciality_id` (`speciality_id`),
  KEY `fk_appointment_time_slot_id` (`time_slot_id`),
  KEY `fk_appoinment_zoom_id` (`meeting_id`),
  CONSTRAINT `fk_appointment_doctor` FOREIGN KEY (`doctor_id`) REFERENCES `doctors` (`doctor_id`) ON DELETE CASCADE ON UPDATE CASCADE,
  CONSTRAINT `fk_appointment_patient` FOREIGN KEY (`patient_id`) REFERENCES `patients` (`patient_id`) ON DELETE CASCADE ON UPDATE CASCADE,
  CONSTRAINT `fK_appointment_speciality_id` FOREIGN KEY (`speciality_id`) REFERENCES `medical_specialities` (`speciality_id`) ON UPDATE CASCADE,
  CONSTRAINT `fk_appointment_time_slot_id` FOREIGN KEY (`time_slot_id`) REFERENCES `doctor_time_slots` (`time_slot_id`) ON UPDATE CASCADE
) ENGINE=InnoDB AUTO_INCREMENT=352 DEFAULT CHARSET=utf8mb4 COLLATE=utf8mb4_0900_ai_ci;
/*!40101 SET character_set_client = @saved_cs_client */;

--
-- Dumping data for table `medical_appointments`
--

LOCK TABLES `medical_appointments` WRITE;
/*!40000 ALTER TABLE `medical_appointments` DISABLE KEYS */;
INSERT INTO `medical_appointments` VALUES (1,'98c9c151-901b-49cb-b024-4847687c2c5c',5,2,'online_consultation','manso sesay','34444',1,'headache',500.000000,'2024-03-08','18:42:00',NULL,22,NULL,NULL,'approved',NULL,NULL,NULL,NULL,NULL,NULL,'2024-03-01 15:37:14','2024-04-01 14:27:59'),(3,'9e852785-dc26-41aa-97e4-51268a6bf001',10,2,'online_consultation','fatmata','+23279149126',1,'head ache',500.000000,'2024-03-03','17:19:00',NULL,NULL,NULL,NULL,'pending',NULL,NULL,NULL,NULL,NULL,NULL,'2024-03-01 17:20:11','2024-03-01 17:20:11'),(4,'c4c48479-9ccd-4178-be74-59395bad49f4',10,2,'online_consultation','fatmata','+23279149126',1,'head ache',500.000000,'2024-03-01','17:26:00',NULL,NULL,NULL,NULL,'pending',NULL,NULL,NULL,NULL,NULL,NULL,'2024-03-01 17:27:21','2024-03-01 17:27:21'),(5,'3c48f00c-d31c-498e-ab7f-6d7641453487',10,2,'online_consultation','fatmata','+23279149126',1,'head ache',500.000000,'2024-03-01','17:26:00',NULL,NULL,NULL,NULL,'pending',NULL,NULL,NULL,NULL,NULL,NULL,'2024-03-01 17:27:22','2024-03-01 17:27:22'),(6,'b22f7e9d-3fd4-4088-affd-95b2cfcf61e5',5,2,'online_consultation','manso sesay','34444',1,'test 1',500.000000,'2024-03-02','16:16:00',NULL,18,NULL,NULL,'approved',NULL,NULL,NULL,NULL,NULL,NULL,'2024-03-02 12:12:41','2024-04-01 14:27:33'),(7,'0e666979-6cf9-41e9-84e7-59c07c915656',5,2,'online_consultation','manso sesay','34444',1,'headache, cold',500.000000,'2024-03-03','12:23:00',NULL,NULL,NULL,NULL,'pending',NULL,NULL,NULL,NULL,NULL,NULL,'2024-03-02 12:21:27','2024-03-02 12:21:27'),(8,'a81a41f7-ef16-4ad2-aed3-751561b8305f',5,2,'online_consultation','samuel sesay','34444',1,'headache, cold',500.000000,'2024-03-05','10:39:00',NULL,NULL,NULL,NULL,'pending',NULL,NULL,NULL,NULL,NULL,NULL,'2024-03-03 10:35:43','2024-03-03 10:35:43'),(93,'3b98239b-8336-49eb-bd29-4764b93852aa',20,2,'online_consultation','mustapha fofanah','+23276614608',1,'fever',500.000000,'2024-03-20','04:38:00',NULL,NULL,NULL,NULL,'pending',NULL,NULL,NULL,NULL,NULL,NULL,'2024-03-20 08:41:04','2024-03-20 08:41:04'),(97,'da890e78-f22b-43c1-9f38-6dc4df256ba1',5,2,'online_consultation','manso moiwa','34444',1,'test 1',500.000000,'2024-04-10','18:59:00',NULL,23,NULL,NULL,'approved',NULL,NULL,NULL,NULL,NULL,NULL,'2024-04-01 14:56:59','2024-04-01 15:02:29'),(98,'46ba2354-7116-4eb7-8372-2d348815dafa',5,2,'online_consultation','samuel sesay','34444',1,'test 1',500.000000,'2024-04-01','18:03:00',NULL,NULL,NULL,NULL,'pending',NULL,NULL,NULL,NULL,NULL,NULL,'2024-04-01 14:59:12','2024-04-01 14:59:12'),(99,'7905d167-916c-4857-b688-39820ee7f238',5,2,'online_consultation','hassan moiwa','34444',1,'test 1',500.000000,'2024-04-01','18:05:00',NULL,24,NULL,NULL,'approved',NULL,NULL,NULL,NULL,NULL,NULL,'2024-04-01 15:00:53','2024-04-03 13:42:22'),(102,'8ef64274-8632-428c-8a2b-70c93d9765f1',5,2,'online_consultation','manso sesay','34444',1,'hdhgdgd',500.000000,'2024-04-17','20:50:00',NULL,NULL,NULL,NULL,'pending',NULL,NULL,NULL,NULL,NULL,NULL,'2024-04-15 16:50:31','2024-04-15 16:50:31'),(103,'422e03c8-7b63-4305-92bd-b62f9497b5b9',5,2,'online_consultation','manso sesay','34444',1,'hkcgjfuuyi',500.000000,'2024-04-17','07:00:00',NULL,NULL,NULL,NULL,'approved',NULL,NULL,NULL,NULL,NULL,NULL,'2024-04-16 17:04:55','2024-09-03 16:57:37'),(104,'04ebb5d1-3450-4ee9-8e4a-b927986e6d97',5,2,'online_consultation','manso sesay','34444',1,'hkcgjfuuyi',500.000000,'2024-04-17','08:00:00',NULL,NULL,NULL,NULL,'pending',NULL,NULL,NULL,NULL,NULL,NULL,'2024-04-16 17:05:59','2024-04-16 17:05:59'),(105,'3b298bcb-7bb0-4b3e-a231-7d059adfddcf',5,2,'online_consultation','manso sesay','34444',1,'odhgcigdii',500.000000,'2024-04-17','07:30:00',NULL,NULL,NULL,NULL,'pending',NULL,NULL,NULL,NULL,NULL,NULL,'2024-04-16 17:08:02','2024-04-16 17:08:02'),(107,'a5c0e736-51aa-4104-9046-f90da3bbe815',5,11,'online_consultation','manso sesay','+23279356563',2,'headache, cold',250.000000,'2024-05-13','15:00:00',NULL,NULL,NULL,NULL,'pending',NULL,NULL,NULL,NULL,NULL,NULL,'2024-05-13 10:53:55','2024-05-13 10:53:55'),(108,'b9ef7969-a863-4110-a1e0-38ed1a0b5707',5,11,'online_consultation','hassan moiwa','+23279356563',2,'headache, cold',250.000000,'2024-05-14','15:00:00',NULL,NULL,NULL,NULL,'pending',NULL,NULL,NULL,NULL,NULL,NULL,'2024-05-13 10:55:30','2024-05-13 10:55:30'),(109,'6f8c57bc-db0f-458e-b5a4-f6cd96052a78',36,2,'online_consultation','chinedum','+23278822683',1,'headache',500.000000,'2024-05-22','12:30:00',NULL,NULL,NULL,NULL,'pending',NULL,NULL,NULL,NULL,NULL,NULL,'2024-05-13 11:06:42','2024-05-13 11:06:42'),(110,'4f1877e5-7446-4aba-8a3f-97d22952a415',36,2,'online_consultation','chinedum roland eke','+23278822683',1,'nausea',500.000000,'2024-05-23','14:00:00',NULL,NULL,NULL,NULL,'pending',NULL,NULL,NULL,NULL,NULL,NULL,'2024-05-13 11:07:53','2024-05-13 11:07:53'),(111,'67e4d006-7094-44f4-a0d8-c6ef0dcdf0be',5,11,'online_consultation','gfgh','0987654',2,'dfgh',250.000000,'2024-05-13','13:30:00',NULL,NULL,NULL,NULL,'pending',NULL,NULL,NULL,NULL,NULL,NULL,'2024-05-13 11:09:24','2024-05-13 11:09:24'),(112,'051fc908-1ea7-4395-95cf-3e2b1eb618da',36,2,'online_consultation','chinedum roland eke','+23278822683',1,'fever, runny nose',1.000000,'2024-05-15','13:00:00',NULL,NULL,NULL,NULL,'pending',NULL,NULL,NULL,NULL,NULL,NULL,'2024-05-13 11:11:29','2024-05-13 11:11:29'),(113,'80ef549d-b40e-48bb-b2ee-cf375c83b9fb',5,2,'online_consultation','gfgh','0987654',1,'dfgh',1.000000,'2024-05-14','11:00:00',NULL,NULL,NULL,NULL,'pending',NULL,NULL,NULL,NULL,NULL,NULL,'2024-05-13 11:12:28','2024-05-13 11:12:28'),(114,'dd9751a8-05dc-448c-b140-5d0d7ea3d203',5,2,'online_consultation','gfgh','0987654',1,'dfgh',1.000000,'2024-05-13','17:00:00',NULL,NULL,NULL,NULL,'pending',NULL,NULL,NULL,NULL,NULL,NULL,'2024-05-13 11:16:14','2024-05-13 11:16:14'),(115,'a6e49eb0-f4c9-4486-976f-181b8b7c909c',5,2,'online_consultation','gfgh','0987654',1,'dfgh',1.000000,'2024-05-31','08:00:00',NULL,NULL,NULL,NULL,'pending',NULL,NULL,NULL,NULL,NULL,NULL,'2024-05-13 11:18:22','2024-05-13 11:18:22'),(116,'25355afc-03a5-472b-8fa8-5e61c7c39d83',5,2,'online_consultation','gf','0987654',1,'dfgh',1.000000,'2024-07-25','14:36:00',NULL,26,NULL,NULL,'postponed',NULL,NULL,NULL,'I would be traveling on the 23rd of May so I wont be around','2024-07-25','doctor','2024-05-13 11:21:05','2024-07-25 16:33:19'),(117,'6f3021c6-a932-41d5-b40c-8b2fa226950a',5,2,'online_consultation','peter','075668909',1,'malaria',1.000000,'2024-05-13','12:30:00',NULL,NULL,NULL,NULL,'pending',NULL,NULL,NULL,NULL,NULL,NULL,'2024-05-13 12:11:33','2024-05-13 12:11:33'),(118,'e09e6999-59e2-4588-80ae-098c8e4a4002',5,2,'online_consultation','manso sesay','+23279356563',1,'headache, cold',1.000000,'2024-07-27','14:36:00',NULL,27,NULL,'12:45:55','completed',NULL,NULL,NULL,'Would not be around ','2024-07-27','doctor','2024-05-14 15:29:17','2024-10-07 12:45:55'),(119,'c220abb8-21d2-429a-ab2d-333866666624',5,2,'online_consultation','peter','075668061',1,'malaria',1.000000,'2024-05-15','17:30:00',NULL,NULL,NULL,NULL,'pending',NULL,NULL,NULL,NULL,NULL,NULL,'2024-05-14 15:32:56','2024-05-14 15:32:56'),(120,'336bbbb7-5176-4071-8d20-6c25422f19cf',36,11,'online_consultation','lebbie','+23278822683',2,'hello',250.000000,'2024-05-29','12:23:00',NULL,NULL,NULL,NULL,'pending',NULL,NULL,NULL,NULL,NULL,NULL,'2024-05-28 12:24:27','2024-05-28 12:24:27'),(121,'55295c08-9faf-4a63-a957-5f020efb583e',39,11,'online_consultation','alberta','076946894',2,'cold',250.000000,'2024-05-31','15:00:00',NULL,NULL,NULL,NULL,'pending',NULL,NULL,NULL,NULL,NULL,NULL,'2024-05-28 12:43:38','2024-05-28 12:43:38'),(122,'7bb67143-27d2-4399-bb48-fe99ea2dffa0',36,2,'online_consultation','jhfkghdkfsgsd','+23278888888',1,'skngksbgn,sfbgn,fsdgsdfg',1.000000,'2024-06-06','12:35:00',NULL,NULL,NULL,NULL,'pending',NULL,NULL,NULL,NULL,NULL,NULL,'2024-05-31 12:45:39','2024-05-31 12:45:39'),(123,'c485cd65-673e-415c-bf04-169d2a3c471d',36,2,'online_consultation','jbdsfbjhsd','+23278888888',1,'mbanmcbaxmncbxmc',1.000000,'2024-06-13','01:02:00',NULL,NULL,NULL,NULL,'pending',NULL,NULL,NULL,NULL,NULL,NULL,'2024-05-31 13:03:00','2024-05-31 13:03:00'),(124,'243ed034-f1a7-4c42-8f7d-51bac97c8960',36,2,'online_consultation','zcxvzxvxcv','23456789',1,'have jzcxb vjhcxvjhxc vj',1.000000,'2024-06-20','12:00:00',NULL,NULL,NULL,NULL,'pending',NULL,NULL,NULL,NULL,NULL,NULL,'2024-06-10 12:07:46','2024-06-10 12:07:46'),(125,'5e56b696-5562-4348-bac5-ce16d633d990',36,2,'online_consultation','zcxvzxvxcv','23456789',1,'have jzcxb vjhcxvjhxc vj',1.000000,'2024-06-20','12:00:00',NULL,NULL,NULL,NULL,'pending',NULL,NULL,NULL,NULL,NULL,NULL,'2024-06-10 12:08:06','2024-06-10 12:08:06'),(126,'c99ec7ca-dc2c-4b33-812b-e73b640ba503',5,2,'online_consultation','manso sesay','+23279356563',1,'headache, cold',1.000000,'2024-06-28','10:00:00',NULL,NULL,NULL,NULL,'pending',NULL,NULL,NULL,NULL,NULL,NULL,'2024-06-26 14:44:36','2024-06-26 14:44:36'),(127,'c0835c62-a5f0-4644-ba67-766c5121e6bd',36,12,'online_consultation','alex','+23278822683',1,'cold, headache',10.000000,'2024-06-28','08:30:00',NULL,NULL,NULL,NULL,'pending',NULL,NULL,NULL,NULL,NULL,NULL,'2024-06-27 08:25:49','2024-06-27 08:25:49'),(128,'1441b458-a9c8-4d56-94aa-e5fce0548023',36,12,'online_consultation','alex kamara','+23278822683',1,'hello',1.000000,'2024-06-28','07:00:00',NULL,28,NULL,NULL,'approved',NULL,NULL,NULL,NULL,NULL,NULL,'2024-06-27 16:21:21','2024-06-27 16:34:47'),(129,'f72ea468-b081-4724-aaa6-daed413b9bca',36,12,'online_consultation','judah','+@32377600218',1,'judah alvin dore',1.000000,'2024-06-30','12:00:00',NULL,NULL,NULL,NULL,'pending',NULL,NULL,NULL,NULL,NULL,NULL,'2024-06-29 21:58:07','2024-06-29 21:58:07'),(130,'69c8308b-9392-441b-9fb0-4a69fba839fd',36,2,'online_consultation','chinedum roland eke','+23278822683',1,'running stomache, cough, headache, loss of appetite again and again',1.000000,'2024-07-29','16:50:00',NULL,NULL,NULL,NULL,'pending',NULL,NULL,NULL,NULL,NULL,NULL,'2024-07-03 15:10:47','2024-07-03 15:10:47'),(131,'bb6922d1-124d-48bb-9f65-18d69c0ab2ff',36,12,'online_consultation','chinedum roland eke','+23278822683',1,'running stomache, cough, headache, loss of appetite again and again',1.000000,'2024-07-29','16:50:00',NULL,NULL,NULL,NULL,'pending',NULL,NULL,NULL,NULL,NULL,NULL,'2024-07-03 15:12:36','2024-07-03 15:12:36'),(132,'cd460e7c-670c-433c-a3cb-652a44794149',5,2,'online_consultation','manso sesay','34444',1,'headache, cold',1.000000,'2024-07-24','09:00:00',NULL,NULL,NULL,NULL,'pending',NULL,NULL,NULL,NULL,NULL,NULL,'2024-07-09 23:57:20','2024-07-09 23:57:20'),(133,'91e9ba31-ea80-4b8c-a043-6fb23e5326e7',5,2,'online_consultation','manso sesay','+23279356563',1,'headache, cold',1.000000,'2024-07-24','11:30:00',NULL,NULL,NULL,NULL,'pending',NULL,NULL,NULL,NULL,NULL,NULL,'2024-07-10 08:57:16','2024-07-10 08:57:16'),(134,'cdba3993-d6ef-41a8-8725-165d6837e581',5,13,'online_consultation','manso sesay','+23279356563',1,'headache, cold',200.000000,'2024-07-18','10:00:00',NULL,NULL,NULL,NULL,'pending',NULL,NULL,NULL,NULL,NULL,NULL,'2024-07-10 10:55:01','2024-07-10 10:55:01'),(135,'8de149d0-1fd5-4baf-82cc-07c654fe58dc',36,12,'online_consultation','alex kamara','+23279510201',1,'headache, fever',1.000000,'2024-07-15','11:00:00',NULL,NULL,NULL,NULL,'pending',NULL,NULL,NULL,NULL,NULL,NULL,'2024-07-14 10:53:34','2024-07-14 10:53:34'),(136,'8159d5cb-a8d1-4249-bf49-a22549dd9350',5,2,'online_consultation','manso sesay','+23279356563',1,'headache, cold',1.000000,'2024-07-24','14:30:00',NULL,NULL,NULL,NULL,'pending',NULL,NULL,NULL,NULL,NULL,NULL,'2024-07-16 13:41:45','2024-07-16 13:41:45'),(137,'6d633025-da1d-4250-957a-3a423407b40b',36,2,'online_consultation','judah','+23230138546',1,'cold and fever',1.000000,'2024-07-25','07:30:00',NULL,NULL,NULL,NULL,'pending',NULL,NULL,NULL,NULL,NULL,NULL,'2024-07-17 11:46:53','2024-07-17 11:46:53'),(138,'9c877f00-3779-4282-a9c6-19592d36ad88',36,2,'online_consultation','judah','+23230138546',1,'cold and fever',1.000000,'2024-07-24','07:00:00',NULL,NULL,NULL,NULL,'pending',NULL,NULL,NULL,NULL,NULL,NULL,'2024-07-17 12:01:13','2024-07-17 12:01:13'),(139,'00fd328d-524a-43a4-a081-75fac41b8fb5',36,12,'online_consultation','zainab eke','+23278822683',1,'headache',1.000000,'2024-07-24','08:00:00',NULL,29,NULL,NULL,'approved',NULL,NULL,NULL,NULL,NULL,NULL,'2024-07-17 16:37:31','2024-07-17 16:39:46'),(140,'54940d09-922f-4d72-b0af-4757de2d8378',20,2,'online_consultation','mo forana','23276614608',1,'pain',1.000000,'2024-07-28','05:03:00',NULL,30,NULL,NULL,'approved',NULL,NULL,NULL,NULL,NULL,NULL,'2024-07-25 17:52:30','2024-07-26 05:02:47'),(141,'aa332cae-9170-4044-9642-36ffd6d8e38c',20,12,'online_consultation','mo','23276614608',1,'pain',1.000000,'2024-07-25','05:30:00',NULL,NULL,NULL,NULL,'pending',NULL,NULL,NULL,NULL,NULL,NULL,'2024-07-25 17:53:45','2024-07-25 17:53:45'),(142,'f0a611bc-37ef-4c61-9984-d832c67e26a5',36,12,'online_consultation','test','+23278822683',1,'hello',1.000000,'2024-07-29','05:30:00',NULL,NULL,NULL,NULL,'approved',NULL,NULL,NULL,NULL,NULL,NULL,'2024-07-29 21:18:21','2024-09-09 11:58:59'),(143,'a29f8804-e18e-4c1a-9e9f-3e8debadddb6',5,2,'online_consultation','manso sesay','+23279356563',1,'headache, cold',1.000000,'2024-08-14','08:00:00',NULL,NULL,NULL,NULL,NULL,NULL,NULL,NULL,NULL,NULL,NULL,'2024-08-05 14:37:07','2024-08-05 14:37:07'),(144,'e9e1dde3-0c63-44ab-a990-531336f8216b',5,2,'online_consultation','hassan moiwa','+23279356563',1,'headache, cold',1.000000,'2024-08-15','08:30:00',NULL,NULL,NULL,NULL,NULL,NULL,NULL,NULL,NULL,NULL,NULL,'2024-08-07 10:24:43','2024-08-07 10:24:43'),(145,'98248b96-f972-4973-886c-5521942dcb18',5,2,'online_consultation','hassan moiwa','+23279356563',1,'headache, cold',1.000000,'2024-08-14','08:00:00',NULL,NULL,NULL,NULL,NULL,NULL,NULL,NULL,NULL,NULL,NULL,'2024-08-07 11:50:33','2024-08-07 11:50:33'),(146,'bbabf3e8-c886-43a5-a2e1-e6070bb36c01',5,2,'online_consultation','hassan moiwa','+23279356563',1,'test',1.000000,'2024-08-15','09:00:00',NULL,NULL,NULL,NULL,NULL,NULL,NULL,NULL,NULL,NULL,NULL,'2024-08-07 12:41:30','2024-08-07 12:41:30'),(147,'51039c85-3554-435a-9c2e-3c526a00ae10',5,2,'online_consultation','hassan moiwa','+23279356563',1,'hilhjj',1.000000,'2024-08-14','12:30:00',NULL,NULL,NULL,NULL,NULL,NULL,NULL,NULL,NULL,NULL,NULL,'2024-08-07 15:54:54','2024-08-07 15:54:54'),(148,'cf524cee-b33a-4ad9-9862-edb170a8cd24',5,2,'online_consultation','hassan moiwa','+23279356563',1,'headache, cold',1.000000,'2024-09-12','10:30:00',NULL,NULL,NULL,NULL,NULL,NULL,NULL,NULL,NULL,NULL,NULL,'2024-09-06 13:12:46','2024-09-06 13:12:46'),(149,'92fe3255-53f8-476b-bca1-56a5e4636da6',19,13,'doctor_visit','abdul','+23299833165',1,'cold',200.000000,'2024-09-13','10:30:00',NULL,NULL,NULL,NULL,NULL,NULL,NULL,NULL,NULL,NULL,NULL,'2024-09-08 17:08:54','2024-09-08 17:08:54'),(150,'342ce56b-ea54-4ae8-b1a6-a7522bb5bde9',19,2,'online_consultation','judah','+23230138546',1,'cold and fever',1.000000,'2024-09-18','07:30:00',NULL,NULL,NULL,NULL,NULL,NULL,NULL,NULL,NULL,NULL,NULL,'2024-09-09 12:22:51','2024-09-09 12:22:51'),(151,'274c3fe6-5057-4d5a-8c0b-67c89a514d75',19,2,'online_consultation','judah','+23230138546',1,'cold and fever',1.000000,'2024-09-18','07:30:00',NULL,NULL,NULL,NULL,NULL,NULL,NULL,NULL,NULL,NULL,NULL,'2024-09-09 12:26:06','2024-09-09 12:26:06'),(152,'b845ba4c-ef24-4030-af10-d092466b11e5',19,2,'online_consultation','judah','+23230138546',1,'cold and fever',1.000000,'2024-09-18','07:30:00',NULL,NULL,NULL,NULL,NULL,NULL,NULL,NULL,NULL,NULL,NULL,'2024-09-09 12:27:07','2024-09-09 12:27:07'),(153,'005a2fbf-38c1-4a88-881c-d64e4c32b7f5',19,2,'online_consultation','judah','077600218',1,'cold',1.000000,'2024-09-27','07:30:00',NULL,NULL,NULL,NULL,'pending',NULL,NULL,NULL,NULL,NULL,NULL,'2024-09-21 16:58:23','2024-09-21 16:58:23'),(154,'29023343-fa90-496e-bbda-105bfd22ee2b',19,12,'online_consultation','judah','+23230138546',1,'cold and fever',1.000000,'2024-10-09','07:00:00',NULL,NULL,'13:26:10',NULL,'started',NULL,NULL,NULL,NULL,NULL,NULL,'2024-09-26 13:00:30','2024-09-26 13:26:10'),(155,'3110ea21-b597-4294-bcc8-e4b096aed8f4',16,2,'online_consultation','isha fofanah','079855533',1,'vomiting',1.000000,'2024-09-28','12:00:00',NULL,NULL,NULL,NULL,'pending',NULL,NULL,NULL,NULL,NULL,NULL,'2024-09-27 12:52:49','2024-09-27 12:52:49'),(156,'c3dd315a-6658-4c4f-88a0-e48602c76a9b',36,2,'online_consultation','chinedum','+23278822683',1,'testing',1.000000,'2024-09-30','11:30:00',NULL,NULL,NULL,NULL,'pending',NULL,NULL,NULL,NULL,NULL,NULL,'2024-09-27 13:04:21','2024-09-27 13:04:21'),(157,'8263afe6-fedf-47f1-a85d-003e6706d652',19,2,'online_consultation','judah','077600218',1,'cold',1.000000,'2024-10-23','07:00:00',NULL,NULL,NULL,NULL,'pending',NULL,NULL,NULL,NULL,NULL,NULL,'2024-10-04 18:15:52','2024-10-04 18:15:52'),(158,'6841af46-15db-4f34-80f9-86b19d45e0b6',36,12,'online_consultation','chinedum roland eke','+23278822683',1,'running stomache, cough, headache, loss of appetite again and again',1.000000,'2024-10-29','20:50:00',NULL,32,'11:28:44',NULL,'started',NULL,NULL,NULL,NULL,NULL,NULL,'2024-10-14 11:13:11','2024-10-14 11:28:44'),(159,'ade3f88c-fe5f-4d3c-8c96-f266636fe274',36,12,'online_consultation','jad','077600218',1,'cold',1.000000,'2024-10-23','07:00:00',NULL,33,'12:09:01',NULL,'started',NULL,NULL,NULL,NULL,NULL,NULL,'2024-10-14 11:36:05','2024-10-15 12:09:01'),(160,'36d9dce7-55fc-4c99-b095-da456cdd8bc1',36,12,'online_consultation','roland','+23278822683',1,'severe headache',1.000000,'2024-10-30','04:00:00',NULL,NULL,NULL,NULL,'pending',NULL,NULL,NULL,NULL,NULL,NULL,'2024-10-25 13:41:54','2024-10-25 13:41:54'),(161,'0dfc7d84-7518-4d5c-b094-c28e161dfc8d',36,12,'online_consultation','rondla','078822683',1,'headache',1.000000,'2024-10-30','12:30:00',NULL,NULL,NULL,NULL,'pending',NULL,NULL,NULL,NULL,NULL,NULL,'2024-10-25 14:57:09','2024-10-25 14:57:09'),(162,'51238d41-41df-4cbe-bb52-819c494b649a',36,12,'online_consultation','test','078822683',1,'test',1.000000,'2024-10-28','02:30:00',NULL,NULL,NULL,NULL,'pending',NULL,NULL,NULL,NULL,NULL,NULL,'2024-10-25 15:01:29','2024-10-25 15:01:29'),(163,'3a709a57-a137-4693-bc0f-a335dbe5ba26',36,12,'online_consultation','test','0788822683',1,'hrwwd',1.000000,'2024-10-31','05:00:00',NULL,NULL,NULL,NULL,'pending',NULL,NULL,NULL,NULL,NULL,NULL,'2024-10-25 15:31:58','2024-10-25 15:31:58'),(167,'001bbfda-f912-4f31-a590-c1abbdb70792',36,12,'online_consultation','john doe','+23278822683',1,'headache, nausea, loss of appetite',1.000000,'2024-11-29','12:00:00',NULL,34,'15:07:01',NULL,'started',NULL,NULL,NULL,NULL,NULL,NULL,'2024-11-26 14:38:48','2024-11-26 15:07:01'),(170,'6f559956-6b01-4367-b1ac-27172863a62f',43,12,'online_consultation','dauda kamara','+23288575381',1,'headache, fever, stomach pain,',1.000000,'2024-11-29','04:00:00',NULL,NULL,NULL,NULL,'pending',NULL,NULL,NULL,NULL,NULL,NULL,'2024-11-28 14:35:37','2024-11-28 14:35:37'),(171,'cd2d5a26-a7e9-4705-948f-7ce0b6d98122',43,2,'online_consultation','matthew diouf','+23288575381',1,'headache, cold, stomach pain, fever,',1.000000,'2024-11-28','14:00:00',NULL,NULL,NULL,NULL,'pending',NULL,NULL,NULL,NULL,NULL,NULL,'2024-11-28 14:42:57','2024-11-28 14:42:57'),(172,'1c56237a-df8f-428b-86fa-b9315dce1df9',52,2,'online_consultation','rebecca faith conteh','+23272874044',1,'headache, fever, weakness',1.000000,'2024-11-30','16:00:00',NULL,37,'15:33:55',NULL,'started',NULL,NULL,NULL,NULL,NULL,NULL,'2024-11-28 14:45:35','2024-11-28 15:33:55'),(173,'b6b65dd8-6b4f-43b4-9d80-d8c8e9aeec96',52,2,'online_consultation','rebecca faith conteh','+23272874044',1,'headache, fever, weakness',1.000000,'2024-11-28','15:00:00',NULL,35,'15:21:48',NULL,'started',NULL,NULL,NULL,NULL,NULL,NULL,'2024-11-28 14:47:32','2024-11-28 15:21:48'),(174,'57527163-133f-4970-94e9-f89322165996',43,2,'online_consultation','matthew diouf','088575318',1,'headache, cold, cough',1.000000,'2024-11-28','15:30:00',NULL,36,'15:22:29',NULL,'started',NULL,NULL,NULL,NULL,NULL,NULL,'2024-11-28 14:59:46','2024-11-28 15:22:29'),(175,'32b17868-ec83-41ac-b32f-fddf98ebfd39',53,2,'online_consultation','dauda kamara','080349371',1,'malaria, typhoid, cold',1.000000,'2024-11-28','16:00:00',NULL,NULL,NULL,NULL,'pending',NULL,NULL,NULL,NULL,NULL,NULL,'2024-11-28 15:00:15','2024-11-28 15:00:15'),(176,'78f2cddb-8331-4042-8402-094cde1258a2',53,2,'online_consultation','dauda kamara','080349371',1,'malaria, typhoid, cold',1.000000,'2024-11-28','16:30:00',NULL,NULL,NULL,NULL,'pending',NULL,NULL,NULL,NULL,NULL,NULL,'2024-11-28 15:00:52','2024-11-28 15:00:52'),(177,'16792dc6-7027-4b9e-8c88-6292edebbee4',52,2,'online_consultation','julius harding','077097864',1,'fever, headache',1.000000,'2024-11-28','17:30:00',NULL,NULL,NULL,NULL,'pending',NULL,NULL,NULL,NULL,NULL,NULL,'2024-11-28 17:05:23','2024-11-28 17:05:23'),(178,'941ca0b0-d90c-48c3-b57d-f273f2cd0590',50,12,'online_consultation','mohamed','088952253',1,'headache, loss of appetite, sore throat.',1.000000,'2024-12-07','06:30:00',NULL,NULL,NULL,NULL,'pending',NULL,NULL,NULL,NULL,NULL,NULL,'2024-12-02 15:45:58','2024-12-02 15:45:58'),(179,'34fd0d0b-59ef-4644-bebc-35468c14baf9',52,2,'online_consultation','rebecca faith conteh','72874044',1,'fever, headache',1.000000,'2024-12-03','02:00:00',NULL,NULL,NULL,NULL,'pending',NULL,NULL,NULL,NULL,NULL,NULL,'2024-12-03 12:53:24','2024-12-03 12:53:24'),(180,'a27bdbeb-d789-4b56-a7e5-130f76d93b67',56,2,'online_consultation','clementina','+23288161727',1,'head ache, stomach ache',1.000000,'2024-12-16','08:30:00',NULL,NULL,NULL,NULL,'pending',NULL,NULL,NULL,NULL,NULL,NULL,'2024-12-03 13:55:06','2024-12-03 13:55:06'),(181,'c85301f2-2246-4f85-b919-8d50b048ce20',58,12,'online_consultation','samuela koroma','+23274156603',1,'pain and cold',1.000000,'2024-12-03','12:00:00',NULL,NULL,NULL,NULL,'pending',NULL,NULL,NULL,NULL,NULL,NULL,'2024-12-03 13:56:10','2024-12-03 13:56:10'),(182,'b20a22d7-4d0c-4573-8ab0-c24952fe828f',56,2,'online_consultation','clementina','+23288161727',1,'fever',1.000000,'2024-12-14','08:30:00',NULL,NULL,NULL,NULL,'pending',NULL,NULL,NULL,NULL,NULL,NULL,'2024-12-03 14:01:47','2024-12-03 14:01:47'),(183,'f8b10e9b-82f9-47ae-8ff0-a7b83127cd66',54,12,'online_consultation','adizer paulina tarawallie','+23288454969',1,'malaria , cold and body infection',1.000000,'2024-12-03','04:00:00',NULL,NULL,NULL,NULL,'pending',NULL,NULL,NULL,NULL,NULL,NULL,'2024-12-03 14:03:57','2024-12-03 14:03:57'),(184,'a6629e8f-3201-487c-b351-c9495e9e660b',60,2,'online_consultation','grace kadiatu rogers','034258257',1,'headache \nfever \nthroat pain',1.000000,'2024-12-03','03:00:00',NULL,NULL,NULL,NULL,'pending',NULL,NULL,NULL,NULL,NULL,NULL,'2024-12-03 14:04:05','2024-12-03 14:04:05'),(185,'b62fa794-48e7-43c6-9d36-5f6f38e792e2',55,2,'online_consultation','elizabeth ruth david coker','099716044',1,'constant headache \nstomach ache and fever',1.000000,'2024-12-16','09:30:00',NULL,NULL,NULL,NULL,'pending',NULL,NULL,NULL,NULL,NULL,NULL,'2024-12-03 14:04:23','2024-12-03 14:04:23'),(186,'27408539-79d4-4310-a370-89158fa467e8',57,2,'doctor_visit','joko','074830561',1,'headache',1.000000,'2024-12-11','09:00:00',NULL,NULL,NULL,NULL,'pending',NULL,NULL,NULL,NULL,NULL,NULL,'2024-12-03 14:04:55','2024-12-03 14:04:55'),(187,'734cab79-0208-40af-b065-f4b6de715213',59,12,'online_consultation','marina bangura','077364149',1,'headache\nfatigue \nfeverish',1.000000,'2024-12-04','08:30:00',NULL,NULL,NULL,NULL,'pending',NULL,NULL,NULL,NULL,NULL,NULL,'2024-12-03 14:37:23','2024-12-03 14:37:23'),(188,'7142cc54-d118-4d82-8b64-c4c2a6c579de',36,12,'online_consultation','chinedum eke','+23278822683',1,'testing',1.000000,'2024-12-04','07:30:00',NULL,NULL,NULL,NULL,'pending',NULL,NULL,NULL,NULL,NULL,NULL,'2024-12-03 14:53:45','2024-12-03 14:53:45'),(189,'71e9b7f2-d0f9-49d4-815f-531641423603',63,13,'online_consultation','aminata','+23277324981',1,'feels hot,frequent watery stool skin rash',200.000000,'2024-12-05','08:30:00',NULL,NULL,NULL,NULL,'pending',NULL,NULL,NULL,NULL,NULL,NULL,'2024-12-03 22:52:20','2024-12-03 22:52:20'),(190,'6c8c1fb5-23f6-45b2-b5bc-59e20db68a8c',63,12,'online_consultation','aminata','+23277324981',1,'feels hot, frequent watery stool skin rash',1.000000,'2024-12-05','08:30:00',NULL,NULL,NULL,NULL,'pending',NULL,NULL,NULL,NULL,NULL,NULL,'2024-12-03 22:54:14','2024-12-03 22:54:14'),(191,'e552d8eb-64e9-4ade-b62a-0ab3311f3d77',20,2,'online_consultation','mohamed','23276614608',1,'headache and fever',1.000000,'2024-12-06','06:00:00',NULL,NULL,NULL,NULL,'pending',NULL,NULL,NULL,NULL,NULL,NULL,'2024-12-04 00:33:16','2024-12-04 00:33:16'),(192,'fb946fd2-d68c-4d1f-a381-0ccb5d187edb',66,2,'online_consultation','rugiatu fofanah','+23274437106',1,'typhoid',1.000000,'2024-12-20','11:00:00',NULL,NULL,NULL,NULL,'pending',NULL,NULL,NULL,NULL,NULL,NULL,'2024-12-04 17:00:10','2024-12-04 17:00:10'),(193,'348df038-d90f-485e-b934-4dce7375052a',67,2,'online_consultation','abu','074830561',1,'stomach',1.000000,'2024-12-15','08:30:00',NULL,NULL,NULL,NULL,'pending',NULL,NULL,NULL,NULL,NULL,NULL,'2024-12-04 23:06:55','2024-12-04 23:06:55'),(194,'2f8c340f-732a-43a7-b3f5-fcbdf93cb8ff',68,2,'online_consultation','blessing','031979071',1,'headache',1.000000,'2024-12-18','08:00:00',NULL,NULL,NULL,NULL,'pending',NULL,NULL,NULL,NULL,NULL,NULL,'2024-12-04 23:44:52','2024-12-04 23:44:52'),(195,'fdc086db-2c89-43cb-8f5d-a706019e52ec',69,13,'patient_visit','thomas dala','+23275492255',1,'headache\nfever\ncold',200.000000,'2024-12-13','10:00:00',NULL,NULL,NULL,NULL,'pending',NULL,NULL,NULL,NULL,NULL,NULL,'2024-12-04 23:54:50','2024-12-04 23:54:50'),(196,'a1894cdc-2d02-423e-a67d-e1b5182decc5',69,11,'patient_visit','tiange foday','+23275492255',2,'fever',250.000000,'2024-12-19','08:30:00',NULL,NULL,NULL,NULL,'pending',NULL,NULL,NULL,NULL,NULL,NULL,'2024-12-05 00:01:30','2024-12-05 00:01:30'),(197,'f3ffbf06-b8d0-48d3-afa8-533b15bf182a',69,11,'patient_visit','tiange foday','+23275492255',2,'fever',250.000000,'2024-12-19','08:30:00',NULL,NULL,NULL,NULL,'pending',NULL,NULL,NULL,NULL,NULL,NULL,'2024-12-05 00:01:57','2024-12-05 00:01:57'),(198,'62e409be-810d-4649-be39-fd30acd30c07',69,11,'patient_visit','tiange foday','+23275492255',2,'fever',250.000000,'2024-12-19','08:30:00',NULL,NULL,NULL,NULL,'pending',NULL,NULL,NULL,NULL,NULL,NULL,'2024-12-05 00:02:11','2024-12-05 00:02:11'),(199,'7bd17f15-90a2-4e5c-954b-6f5927c022b5',69,11,'patient_visit','tiange foday','+23275492255',2,'fever',250.000000,'2024-12-19','08:30:00',NULL,NULL,NULL,NULL,'pending',NULL,NULL,NULL,NULL,NULL,NULL,'2024-12-05 00:02:27','2024-12-05 00:02:27'),(200,'2b1040e8-3326-4d6d-a6c3-a4fe6e6c8a94',69,11,'patient_visit','santigie dauda koroma','+23232364343',2,'fever',250.000000,'2024-12-13','09:30:00',NULL,NULL,NULL,NULL,'pending',NULL,NULL,NULL,NULL,NULL,NULL,'2024-12-05 00:03:24','2024-12-05 00:03:24'),(201,'1b5ffcf4-137a-4805-bedc-679ba9427263',69,11,'doctor_visit','santigie dauda koroma','+23232364343',2,'fever',250.000000,'2024-12-12','10:00:00',NULL,NULL,NULL,NULL,'pending',NULL,NULL,NULL,NULL,NULL,NULL,'2024-12-05 00:09:21','2024-12-05 00:09:21'),(202,'51a76a4e-5bbf-4124-9bc7-a60ea32f3bf5',70,2,'online_consultation','fatmata','088206105',1,'malaria and tiafod',1.000000,'2025-01-05','07:30:00',NULL,NULL,NULL,NULL,'pending',NULL,NULL,NULL,NULL,NULL,NULL,'2024-12-05 00:54:12','2024-12-05 00:54:12'),(203,'d6e8baf2-4a58-4c89-bd46-8119c486c841',54,12,'online_consultation','paulina adizer','+23288454969',1,'yeast infection',1.000000,'2024-12-05','08:30:00',NULL,NULL,NULL,NULL,'pending',NULL,NULL,NULL,NULL,NULL,NULL,'2024-12-05 16:38:23','2024-12-05 16:38:23'),(204,'1addf785-b7dd-48fb-955c-be4e021d41f4',54,12,'online_consultation','paulina adizer','+23288454969',1,'yeast infection',1.000000,'2024-12-05','08:30:00',NULL,NULL,NULL,NULL,'pending',NULL,NULL,NULL,NULL,NULL,NULL,'2024-12-05 16:39:09','2024-12-05 16:39:09'),(205,'eb3d4ada-017e-4c16-8caf-d33b14d922dc',66,11,'online_consultation','mohamed s dumbuya','+23290580438',2,'excessive headache',250.000000,'2024-12-27','09:00:00',NULL,NULL,NULL,NULL,'pending',NULL,NULL,NULL,NULL,NULL,NULL,'2024-12-05 21:07:33','2024-12-05 21:07:33'),(206,'474abd18-3d41-4c51-86a8-ebf4ce08e140',54,12,'online_consultation','adama tommy','+23274083042',1,'checking pressure',1.000000,'2024-12-06','09:30:00',NULL,NULL,NULL,NULL,'pending',NULL,NULL,NULL,NULL,NULL,NULL,'2024-12-06 09:41:40','2024-12-06 09:41:40'),(207,'054b8230-d57d-4a13-8f7a-5ce39d38dc1c',54,12,'online_consultation','adama tommy','+23274083042',1,'checking pressure',1.000000,'2024-12-06','09:30:00',NULL,NULL,NULL,NULL,'pending',NULL,NULL,NULL,NULL,NULL,NULL,'2024-12-06 09:44:28','2024-12-06 09:44:28'),(208,'9dc9d1a0-c380-4284-b507-34debd4d1cc3',54,12,'online_consultation','adama tommy','+23274083042',1,'checking pressure',1.000000,'2024-12-06','09:30:00',NULL,NULL,NULL,NULL,'pending',NULL,NULL,NULL,NULL,NULL,NULL,'2024-12-06 09:46:34','2024-12-06 09:46:34'),(209,'8ec3a319-83d8-464c-ad09-ea10138b3aec',77,12,'online_consultation','augutus','077551598',1,'headache\npain',1.000000,'2024-12-27','10:00:00',NULL,NULL,NULL,NULL,'pending',NULL,NULL,NULL,NULL,NULL,NULL,'2024-12-06 10:55:47','2024-12-06 10:55:47'),(210,'b8ae889b-262b-4654-aaae-088514362c7d',57,2,'patient_visit','isatu','088110565',1,'feeling pain',1.000000,'2024-12-15','08:00:00',NULL,NULL,NULL,NULL,'pending',NULL,NULL,NULL,NULL,NULL,NULL,'2024-12-06 13:21:50','2024-12-06 13:21:50'),(211,'f07af16e-0676-4c82-8a1a-06ebe12cdace',57,11,'online_consultation','lamin','+23275282578',2,'headache',250.000000,'2024-12-18','08:30:00',NULL,NULL,NULL,NULL,'pending',NULL,NULL,NULL,NULL,NULL,NULL,'2024-12-06 14:47:08','2024-12-06 14:47:08'),(212,'8afea17d-c50a-4bd3-b18b-ffb192fa3819',82,2,'online_consultation','abubakarr s konneh','+23232272775',1,'cold symptoms',1.000000,'2024-12-14','07:30:00',NULL,NULL,NULL,NULL,'pending',NULL,NULL,NULL,NULL,NULL,NULL,'2024-12-07 12:06:52','2024-12-07 12:06:52'),(213,'85531196-b135-4bae-8b59-4e1e940ded96',83,12,'online_consultation','chinedum roland eke','+23278822683',1,'running stomache, cough, headache, loss of appetite again and again',1.000000,'2024-12-22','21:34:00',NULL,NULL,NULL,NULL,'pending',NULL,NULL,NULL,NULL,NULL,NULL,'2024-12-07 17:35:04','2024-12-07 17:35:04'),(214,'e39b691d-5e09-4268-b5e9-d88926818bb6',43,12,'online_consultation','matthew diouf','088575318',1,'headache, fever',1.000000,'2024-12-16','07:00:00',NULL,NULL,NULL,NULL,'pending',NULL,NULL,NULL,NULL,NULL,NULL,'2024-12-07 20:33:47','2024-12-07 20:33:47'),(215,'ca32037d-bfaf-407a-813e-e2b253af6629',36,12,'online_consultation','gggg','5555555',1,'bvvb',1.000000,'2024-12-17','08:00:00',NULL,NULL,NULL,NULL,'pending',NULL,NULL,NULL,NULL,NULL,NULL,'2024-12-07 20:37:19','2024-12-07 20:37:19'),(216,'d5c24168-7b3a-407e-865f-d1b4dfb71b5a',36,12,'online_consultation','hbckg','6868686868',1,'mvmvmvl',1.000000,'2024-12-25','08:30:00',NULL,NULL,NULL,NULL,'pending',NULL,NULL,NULL,NULL,NULL,NULL,'2024-12-07 20:55:46','2024-12-07 20:55:46'),(217,'001021f6-eb8a-41c0-a6a5-16ca938a2abe',19,2,'online_consultation','judah','030138546',1,'cold and fever',1.000000,'2024-12-25','07:00:00',NULL,NULL,NULL,NULL,'pending',NULL,NULL,NULL,NULL,NULL,NULL,'2024-12-07 21:02:31','2024-12-07 21:02:31'),(218,'46a85b7d-8695-4c94-a90e-90fa9d6ee1ba',19,2,'online_consultation','judah','030138546',1,'cold and fever',1.000000,'2024-12-24','07:00:00',NULL,NULL,NULL,NULL,'pending',NULL,NULL,NULL,NULL,NULL,NULL,'2024-12-07 21:03:06','2024-12-07 21:03:06'),(219,'8f268c65-ae21-4de3-97ba-4d7e748fed43',19,2,'online_consultation','judah','030138546',1,'cold and fever',1.000000,'2024-12-24','07:00:00',NULL,NULL,NULL,NULL,'pending',NULL,NULL,NULL,NULL,NULL,NULL,'2024-12-07 21:06:34','2024-12-07 21:06:34'),(220,'9418ed5d-e7d8-473c-b618-824a6be02e96',19,12,'online_consultation','judah','030138546',1,'cold and fever',1.000000,'2024-12-26','07:00:00',NULL,NULL,NULL,NULL,'approved',NULL,NULL,NULL,NULL,NULL,NULL,'2024-12-07 21:07:42','2024-12-22 00:08:31'),(221,'e045b2e9-50f0-49a7-8160-beeaedd84620',19,12,'online_consultation','dgcfhg','345678',1,'fdxcvghj',1.000000,'2024-12-25','07:00:00',NULL,NULL,NULL,NULL,'pending',NULL,NULL,NULL,NULL,NULL,NULL,'2024-12-07 21:14:17','2024-12-07 21:14:17'),(222,'f114b9f4-2ae3-497b-95f3-0e9f6ae1636e',36,12,'online_consultation','alfred kamara','+23278822683',1,'headache, sore throat',1.000000,'2024-12-17','14:00:00',NULL,NULL,NULL,NULL,'pending',NULL,NULL,NULL,NULL,NULL,NULL,'2024-12-08 06:49:23','2024-12-08 06:49:23'),(223,'17653ad2-7681-407b-9647-e4499953aa23',19,12,'online_consultation','judah','030138546',1,'judah alvin',1.000000,'2024-12-18','07:00:00',NULL,NULL,NULL,NULL,'pending',NULL,NULL,NULL,NULL,NULL,NULL,'2024-12-08 08:28:53','2024-12-08 08:28:53'),(224,'6c64fb25-0303-4e0b-baa3-d2de23d0f51a',19,12,'online_consultation','judah','078987333',1,'bhjdsbvjhds',1.000000,'2024-12-18','07:00:00',NULL,NULL,NULL,NULL,'pending',NULL,NULL,NULL,NULL,NULL,NULL,'2024-12-08 09:27:14','2024-12-08 09:27:14'),(225,'d101267d-40cc-4804-b847-0019c36d0b0a',87,2,'online_consultation','hawasam','+23276667363',1,'body pain \nheadache \nlow blood',1.000000,'2024-12-09','12:00:00',NULL,NULL,NULL,NULL,'approved',NULL,NULL,NULL,NULL,NULL,NULL,'2024-12-08 16:55:53','2024-12-09 16:15:33'),(226,'df09a05d-b959-4a1a-a028-09e9eabbba88',36,12,'online_consultation','chinedum','078822683',1,'headache',1.000000,'2024-12-24','08:30:00',NULL,NULL,NULL,NULL,'pending',NULL,NULL,NULL,NULL,NULL,NULL,'2024-12-08 17:23:58','2024-12-08 17:23:58'),(227,'642d3ed0-f841-42a0-9e8f-2954335389d2',57,2,'online_consultation','isatu','088110565',1,'cold',1.000000,'2024-12-17','08:30:00',NULL,NULL,NULL,NULL,'pending',NULL,NULL,NULL,NULL,NULL,NULL,'2024-12-09 17:04:46','2024-12-09 17:04:46'),(228,'38a4cd62-5d36-4040-8769-88a07b442971',57,12,'online_consultation','bintu','088110565',1,'feeling cold',1.000000,'2024-12-17','09:00:00',NULL,NULL,NULL,NULL,'pending',NULL,NULL,NULL,NULL,NULL,NULL,'2024-12-11 22:49:36','2024-12-11 22:49:36'),(229,'449d3faa-79b2-4900-9740-951a7a405ba2',57,2,'online_consultation','isatu','088889018',1,'feeling cold',1.000000,'2024-12-20','08:00:00',NULL,NULL,NULL,NULL,'pending',NULL,NULL,NULL,NULL,NULL,NULL,'2024-12-15 21:02:43','2024-12-15 21:02:43'),(230,'4f6e3114-9a6e-423e-8fa9-4670599ceec3',57,2,'online_consultation','isatu','088889018',1,'feeling cold',1.000000,'2024-12-20','08:00:00',NULL,NULL,NULL,NULL,'pending',NULL,NULL,NULL,NULL,NULL,NULL,'2024-12-15 21:04:30','2024-12-15 21:04:30'),(231,'9823014e-3ca9-48ea-a71d-a5b3eca0b11b',57,2,'online_consultation','marie','088889018',1,'headache',1.000000,'2024-12-29','08:00:00',NULL,NULL,NULL,NULL,'pending',NULL,NULL,NULL,NULL,NULL,NULL,'2024-12-27 21:03:39','2024-12-27 21:03:39'),(232,'da39a1d5-1193-4003-ac52-58bd1a58a0ac',36,11,'online_consultation','chinedum eke','078822683',2,'headache, bloating, nausea, fever',250.000000,'2025-01-15','12:00:00',NULL,NULL,NULL,NULL,'pending',NULL,NULL,NULL,NULL,NULL,NULL,'2025-01-08 17:48:51','2025-01-08 17:48:51'),(233,'ae9e93d9-ff12-41d3-92af-d81c7228ee60',36,12,'online_consultation','chinedum eke','078822683',1,'headache, bloating, nausea, fever',1.000000,'2025-01-14','08:30:00',NULL,40,'10:38:32',NULL,'started',NULL,NULL,NULL,NULL,NULL,NULL,'2025-01-08 17:49:38','2025-01-13 10:38:32'),(234,'8db5dda0-7300-43ff-b3f8-a6dcf9bd1807',57,2,'patient_visit','blessing','074830561',1,'feeling cold',1.000000,'2025-01-14','08:00:00',NULL,NULL,NULL,NULL,'pending',NULL,NULL,NULL,NULL,NULL,NULL,'2025-01-08 21:01:47','2025-01-08 21:01:47'),(235,'7218456c-0e8b-43b3-b5a6-5b54837c492a',57,2,'patient_visit','blessing','074830561',1,'feeling cold',1.000000,'2025-01-14','08:00:00',NULL,NULL,NULL,NULL,'pending',NULL,NULL,NULL,NULL,NULL,NULL,'2025-01-08 21:02:16','2025-01-08 21:02:16'),(238,'1c64afd2-12a1-4cbb-a449-4d512740dd49',36,12,'online_consultation','janet cane','078822683',1,'bloating, severe back pain, migraines, loss of appetite, dizziness, swollen feet and nausea.',1.000000,'2025-01-28','08:00:00',NULL,39,'06:45:12',NULL,'started',NULL,NULL,NULL,NULL,NULL,NULL,'2025-01-13 06:41:28','2025-01-13 06:45:12'),(239,'693910b2-5ce9-4b6b-9b70-1249962d9c64',57,2,'online_consultation','fatu','+23288889018',1,'common cold',1.000000,'2025-01-17','08:30:00',NULL,NULL,NULL,NULL,'pending',NULL,NULL,NULL,NULL,NULL,NULL,'2025-01-13 14:36:06','2025-01-13 14:36:06'),(240,'ec6ce19c-84bc-4af0-b5b9-58525e863594',5,2,'online_consultation','hassan moiwa','+23279356563',1,'headache',1.000000,'2025-01-23','09:00:00',NULL,NULL,NULL,NULL,'approved',NULL,NULL,NULL,NULL,NULL,NULL,'2025-01-14 12:26:16','2025-01-17 08:14:40'),(241,'1d0b939c-d741-4bd4-be42-b388de018906',137,2,'online_consultation','hawa bah','031091407',1,'chest pain ,turn head ,back aches,waste bone and abdomen aches',1.000000,'2025-01-26','09:00:00',NULL,NULL,NULL,NULL,'pending',NULL,NULL,NULL,NULL,NULL,NULL,'2025-01-17 09:08:09','2025-01-17 09:08:09'),(242,'4164de54-2df1-4f02-b834-544634650a31',19,2,'patient_visit','solomon','03380146',1,'headache',1.000000,'2025-01-30','09:30:00',NULL,NULL,NULL,NULL,'pending',NULL,NULL,NULL,NULL,NULL,NULL,'2025-01-20 11:41:17','2025-01-20 11:41:17'),(243,'959c506f-4489-4a76-a29d-b7cdbe77e173',19,2,'patient_visit','solomon','03380146',1,'headache',1.000000,'2025-01-30','08:30:00',NULL,NULL,NULL,NULL,'pending',NULL,NULL,NULL,NULL,NULL,NULL,'2025-01-20 17:25:32','2025-01-20 17:25:32'),(244,'89fb0ead-ec89-4838-a25c-5f1d5f6fff53',36,12,'online_consultation','john kamara','078822683',1,'headache, fever, nausea, loss of appetite',1.000000,'2025-01-28','09:00:00',NULL,NULL,NULL,NULL,'pending',NULL,NULL,NULL,NULL,NULL,NULL,'2025-01-24 04:53:10','2025-01-24 04:53:10'),(245,'1a208d94-2d1e-40b5-83d4-92d437da0d95',19,2,'online_consultation','judah','077600218',1,'cold',1.000000,'2025-01-30','07:00:00',NULL,NULL,NULL,NULL,'pending',NULL,NULL,NULL,NULL,NULL,NULL,'2025-01-24 15:11:36','2025-01-24 15:11:36'),(246,'dd9d62b4-97f2-4530-8e37-7b493520e58f',19,2,'online_consultation','judah','077600218',1,'cold',1.000000,'2025-01-30','07:00:00',NULL,NULL,NULL,NULL,'pending',NULL,NULL,NULL,NULL,NULL,NULL,'2025-01-24 15:21:58','2025-01-24 15:21:58'),(247,'62d87304-043b-43e0-b360-a71f1b6654b8',19,12,'online_consultation','judah','077600218',1,'cold',1.000000,'2025-01-31','07:00:00',NULL,NULL,NULL,NULL,'pending',NULL,NULL,NULL,NULL,NULL,NULL,'2025-01-24 15:37:29','2025-01-24 15:37:29'),(248,'86454ea3-e824-4488-84ea-eb5ac3f90ba7',19,12,'online_consultation','judah','077600218',1,'cold',1.000000,'2025-01-31','07:00:00',NULL,NULL,NULL,NULL,'pending',NULL,NULL,NULL,NULL,NULL,NULL,'2025-01-24 15:38:51','2025-01-24 15:38:51'),(249,'ab3c2a03-4018-4316-a905-19dd3da1d37e',19,12,'doctor_visit','solomon','03380146',1,'headache',1.000000,'2025-01-29','10:30:00',NULL,NULL,NULL,NULL,'pending',NULL,NULL,NULL,NULL,NULL,NULL,'2025-01-26 16:46:28','2025-01-26 16:46:28'),(250,'d29ac148-b8d6-4606-8c6c-076f91225385',255,2,'online_consultation','grace','031686465',1,'cold',1.000000,'2025-01-27','11:30:00',NULL,NULL,NULL,NULL,'pending',NULL,NULL,NULL,NULL,NULL,NULL,'2025-01-26 19:49:42','2025-01-26 19:49:42'),(251,'36db28a0-8dcc-48dc-8445-51b00115790b',36,11,'online_consultation','jad','030138546',2,'fever',250.000000,'2025-01-29','07:00:00',NULL,NULL,NULL,NULL,'pending',NULL,NULL,NULL,NULL,NULL,NULL,'2025-01-27 01:30:54','2025-01-27 01:30:54'),(252,'d6a6a622-6469-42fb-a9cf-99aee7676bc4',263,2,'patient_visit','grace','0331277572',1,'waste bone cold ?',1.000000,'2025-02-12','12:30:00',NULL,NULL,NULL,NULL,'pending',NULL,NULL,NULL,NULL,NULL,NULL,'2025-01-28 12:52:50','2025-01-28 12:52:50'),(253,'82ae89b0-af70-42ce-93ef-d02b847f66e5',36,12,'online_consultation','chinedum roland eke','+23278822683',1,'running stomache, cough, headache, loss of appetite again and again',1.000000,'2025-12-22','08:55:00',NULL,NULL,NULL,NULL,'pending',NULL,NULL,NULL,NULL,NULL,NULL,'2025-01-29 16:08:06','2025-01-29 16:08:06'),(254,'f03e6997-1d98-4bd4-853c-7e186d0b6866',36,12,'online_consultation','chinedum roland eke','+23278822683',1,'running stomache, cough, headache, loss of appetite again and again',1.000000,'2025-12-22','08:55:00',NULL,NULL,NULL,NULL,'pending',NULL,NULL,NULL,NULL,NULL,NULL,'2025-01-29 16:21:20','2025-01-29 16:21:20'),(255,'f13c2c43-cbd9-4320-a23f-2b2b618dff6a',36,12,'online_consultation','chinedum roland eke','+23278822683',1,'running stomache, cough, headache, loss of appetite again and again',1.000000,'2025-12-22','08:40:00',NULL,NULL,NULL,NULL,'approved',NULL,NULL,NULL,NULL,NULL,NULL,'2025-01-29 16:27:59','2025-02-03 15:39:00'),(261,'c3cf31e1-3b47-4135-873f-887557f3aca4',311,11,'online_consultation','mohamed muckson sesay','078269594',2,'ankle pain',250.000000,'2025-02-07','09:00:00',NULL,NULL,NULL,NULL,'pending',NULL,NULL,NULL,NULL,NULL,NULL,'2025-02-02 12:11:59','2025-02-02 12:11:59'),(278,'fa55011c-0688-4e1d-b56a-aac7bb81c111',50,13,'online_consultation','mohamed','088952253',1,'headache, fever , sore throat',200.000000,'2025-02-04','06:30:00',NULL,NULL,NULL,NULL,'pending',NULL,NULL,NULL,NULL,NULL,NULL,'2025-02-04 15:52:10','2025-02-04 15:52:10'),(286,'f5aaf339-e3c2-4230-bde1-f83cb7e49e02',16,2,'online_consultation','adama zoeya fofana','+23279855533',1,'frequent stool',1.000000,'2025-02-07','10:00:00',NULL,NULL,NULL,NULL,'pending',NULL,NULL,NULL,NULL,NULL,NULL,'2025-02-06 10:30:48','2025-02-06 10:30:48'),(296,'cecb91fd-007b-495f-b240-ebecbd2979c4',19,12,'online_consultation','solomon kanu','+23233800146',1,'headache, upset stomach, toothache',1.000000,'2025-02-26','09:00:00',NULL,NULL,NULL,NULL,'pending',NULL,NULL,NULL,NULL,NULL,NULL,'2025-02-06 11:48:34','2025-02-06 11:48:34'),(322,'2528add0-37e6-4050-af6c-00d0ef78cc1f',19,11,'patient_visit','solomon','033800146',2,'headache, stomach ache',250.000000,'2025-02-28','08:00:00',NULL,NULL,NULL,NULL,'pending',NULL,NULL,NULL,NULL,NULL,NULL,'2025-02-06 13:52:35','2025-02-06 13:52:35'),(350,'dd84c149-0c69-413c-9b8c-c28ce35474d7',36,2,'online_consultation','chinedum','078822683',1,'gggg',1.000000,'2025-02-13','12:30:00',NULL,NULL,'11:09:14',NULL,'started',NULL,NULL,NULL,NULL,NULL,NULL,'2025-02-13 12:02:50','2025-02-21 11:09:14'),(351,'d2dff7b4-ff36-488a-b61e-096afb9c5156',36,2,'online_consultation','chinedum roland eke','+2329982283',1,'jjjjjjjjjjjjjjjjjjjjjjjjjjjjjjjjjjjjjjjjjjjjjjjjj',1.000000,'2025-02-21','12:00:00',NULL,NULL,'16:42:05',NULL,'started',NULL,NULL,NULL,NULL,NULL,NULL,'2025-02-21 11:20:03','2025-02-25 16:42:05');
/*!40000 ALTER TABLE `medical_appointments` ENABLE KEYS */;
UNLOCK TABLES;

--
-- Table structure for table `medical_councils`
--

DROP TABLE IF EXISTS `medical_councils`;
/*!40101 SET @saved_cs_client     = @@character_set_client */;
/*!50503 SET character_set_client = utf8mb4 */;
CREATE TABLE `medical_councils` (
  `council_id` int NOT NULL AUTO_INCREMENT,
  `council_name` varchar(255) NOT NULL,
  `email` varchar(150) DEFAULT NULL,
  `mobile_number` varchar(50) DEFAULT NULL,
  `address` varchar(255) DEFAULT NULL,
  `is_active` tinyint NOT NULL DEFAULT '1',
  `inputted_by` int NOT NULL,
  `created_at` timestamp NOT NULL DEFAULT CURRENT_TIMESTAMP,
  `updated_at` timestamp NOT NULL DEFAULT CURRENT_TIMESTAMP ON UPDATE CURRENT_TIMESTAMP,
  PRIMARY KEY (`council_id`),
  KEY `fk_medical_council_admin_id` (`inputted_by`),
  CONSTRAINT `fk_medical_council_admin_id` FOREIGN KEY (`inputted_by`) REFERENCES `admins` (`admin_id`) ON UPDATE CASCADE
) ENGINE=InnoDB AUTO_INCREMENT=15 DEFAULT CHARSET=utf8mb4 COLLATE=utf8mb4_0900_ai_ci;
/*!40101 SET character_set_client = @saved_cs_client */;

--
-- Dumping data for table `medical_councils`
--

LOCK TABLES `medical_councils` WRITE;
/*!40000 ALTER TABLE `medical_councils` DISABLE KEYS */;
INSERT INTO `medical_councils` VALUES (1,'Sierra Leone Medical and Dental Council','info@slmdc.org','+23278500300','new england ville, freetown',1,1,'2024-01-23 18:53:33','2025-01-07 00:48:56');
/*!40000 ALTER TABLE `medical_councils` ENABLE KEYS */;
UNLOCK TABLES;

--
-- Table structure for table `medical_degrees`
--

DROP TABLE IF EXISTS `medical_degrees`;
/*!40101 SET @saved_cs_client     = @@character_set_client */;
/*!50503 SET character_set_client = utf8mb4 */;
CREATE TABLE `medical_degrees` (
  `degree_id` int NOT NULL AUTO_INCREMENT,
  `degree_name` varchar(355) NOT NULL,
  `is_active` tinyint NOT NULL DEFAULT '1',
  `inputted_by` int NOT NULL,
  `created_at` timestamp NOT NULL DEFAULT CURRENT_TIMESTAMP,
  `updated_at` timestamp NOT NULL DEFAULT CURRENT_TIMESTAMP ON UPDATE CURRENT_TIMESTAMP,
  PRIMARY KEY (`degree_id`),
  KEY `fk_medical_degree_admin_id` (`inputted_by`),
  CONSTRAINT `fk_medical_degree_admin_id` FOREIGN KEY (`inputted_by`) REFERENCES `admins` (`admin_id`) ON UPDATE CASCADE
) ENGINE=InnoDB DEFAULT CHARSET=utf8mb4 COLLATE=utf8mb4_0900_ai_ci;
/*!40101 SET character_set_client = @saved_cs_client */;

--
-- Dumping data for table `medical_degrees`
--

LOCK TABLES `medical_degrees` WRITE;
/*!40000 ALTER TABLE `medical_degrees` DISABLE KEYS */;
/*!40000 ALTER TABLE `medical_degrees` ENABLE KEYS */;
UNLOCK TABLES;

--
-- Table structure for table `medical_document_sharing`
--

DROP TABLE IF EXISTS `medical_document_sharing`;
/*!40101 SET @saved_cs_client     = @@character_set_client */;
/*!50503 SET character_set_client = utf8mb4 */;
CREATE TABLE `medical_document_sharing` (
  `sharing_id` int NOT NULL AUTO_INCREMENT,
  `document_id` int NOT NULL,
  `patient_id` int NOT NULL,
  `doctor_id` int NOT NULL,
  `note` text,
  `otp` varchar(6) DEFAULT NULL,
  `created_at` timestamp NULL DEFAULT CURRENT_TIMESTAMP,
  PRIMARY KEY (`sharing_id`),
  KEY `fk_sharing_document` (`document_id`),
  KEY `fk_sharing_patient` (`patient_id`),
  KEY `fk_sharing_doctor` (`doctor_id`)
) ENGINE=InnoDB AUTO_INCREMENT=43 DEFAULT CHARSET=utf8mb4 COLLATE=utf8mb4_0900_ai_ci;
/*!40101 SET character_set_client = @saved_cs_client */;

--
-- Dumping data for table `medical_document_sharing`
--

LOCK TABLES `medical_document_sharing` WRITE;
/*!40000 ALTER TABLE `medical_document_sharing` DISABLE KEYS */;
INSERT INTO `medical_document_sharing` VALUES (1,8,7,2,'this is the documetn for jeneba lab test','123455','2024-03-05 17:25:05'),(2,10,18,2,'This is my document','123455','2024-03-05 18:05:18'),(3,10,18,3,'This is my note','123455','2024-03-05 18:10:34'),(4,7,7,2,'Hello','123455','2024-03-11 01:18:34'),(5,7,7,3,'Hello','123455','2024-03-11 01:23:19'),(6,2,7,2,'Hello','123455','2024-03-13 18:34:59'),(7,13,1,3,'Hi doc','123455','2024-03-13 18:43:04'),(8,12,1,4,'Chbjh','123455','2024-03-14 12:18:29'),(9,12,1,3,'Testing share functionality','123455','2024-03-16 06:53:13'),(10,15,1,4,'Sharing again and again for my doctor to see','123455','2024-03-16 06:53:48'),(11,17,1,2,'Hello doctor na u gh','123455','2024-03-16 17:24:08'),(12,17,1,3,'Eh yoh doctor na u gh','123455','2024-03-16 17:24:59'),(13,18,1,2,'Noteeee','123455','2024-03-18 14:04:41'),(14,14,7,2,'this is the documetn for jeneba lab test','123455','2024-03-20 13:40:06'),(15,4,5,2,'test','123455','2024-03-20 14:20:28'),(16,5,5,2,'test','123455','2024-03-20 14:43:49'),(17,18,1,3,'tHIS IS TA RAFAS','123455','2024-03-25 08:27:36'),(18,11,1,2,'sdasdas','123455','2024-03-25 11:49:33'),(19,18,1,7,'Fhchvbc','123455','2024-03-27 17:13:10'),(20,25,36,2,'This is my xray','123455','2024-06-26 17:08:40'),(21,26,36,2,'This is my lungs','123455','2024-06-26 17:14:39'),(23,27,36,12,'Test note','123455','2024-07-01 16:53:29'),(24,41,36,2,'Hi','123455','2024-08-06 13:25:02'),(25,40,36,2,'Hello','123455','2024-08-06 13:26:53'),(26,39,36,2,'Hello','123455','2024-08-06 14:30:20'),(27,41,36,11,'Hi','123455','2024-08-06 18:18:24'),(28,42,36,2,'Hello','123455','2024-08-07 16:58:39'),(29,43,36,2,'Hello','123455','2024-08-07 17:01:36'),(30,44,36,2,'Heo','123455','2024-08-07 17:04:35'),(31,34,5,2,'test shareing','123455','2024-10-07 13:33:27'),(37,67,52,2,'The document you ask me to send','123455','2024-11-28 16:04:36'),(38,66,43,2,'Results u requested for','123455','2024-11-28 16:05:58');
/*!40000 ALTER TABLE `medical_document_sharing` ENABLE KEYS */;
UNLOCK TABLES;

--
-- Table structure for table `medical_specialities`
--

DROP TABLE IF EXISTS `medical_specialities`;
/*!40101 SET @saved_cs_client     = @@character_set_client */;
/*!50503 SET character_set_client = utf8mb4 */;
CREATE TABLE `medical_specialities` (
  `speciality_id` int NOT NULL AUTO_INCREMENT,
  `speciality_name` varchar(255) NOT NULL,
  `speciality_description` text NOT NULL,
  `image_url` varchar(255) DEFAULT NULL,
  `tags` text,
  `is_active` tinyint NOT NULL DEFAULT '1' COMMENT '0 - False | 1 - True',
  `inputted_by` int NOT NULL,
  `created_at` timestamp NOT NULL DEFAULT CURRENT_TIMESTAMP,
  `updated_at` timestamp NOT NULL DEFAULT CURRENT_TIMESTAMP ON UPDATE CURRENT_TIMESTAMP,
  PRIMARY KEY (`speciality_id`),
  UNIQUE KEY `uq_speciality_name` (`speciality_name`),
  KEY `fk_medical_speciality_admin_id` (`inputted_by`),
  CONSTRAINT `fk_medical_speciality_admin_id` FOREIGN KEY (`inputted_by`) REFERENCES `admins` (`admin_id`) ON UPDATE CASCADE,
  CONSTRAINT `chk_is_specialty_active` CHECK ((`is_active` in (0,1)))
) ENGINE=InnoDB AUTO_INCREMENT=11 DEFAULT CHARSET=utf8mb4 COLLATE=utf8mb4_0900_ai_ci;
/*!40101 SET character_set_client = @saved_cs_client */;

--
-- Dumping data for table `medical_specialities`
--

LOCK TABLES `medical_specialities` WRITE;
/*!40000 ALTER TABLE `medical_specialities` DISABLE KEYS */;
INSERT INTO `medical_specialities` VALUES (1,'pediatricians','they care for children from birth to young adulthood. some pediatricians specialize in pre-teens and teens, child abuse, or children&#x27;s developmental issues.','aeec0b5c63696a74c72ae3daa68f391a.png',NULL,1,1,'2023-12-19 18:21:53','2024-02-15 11:44:48'),(2,'family physician','they care for the whole family, including children, adults, and the elderly. they do routine checkups and screening tests, give you flu and immunization shots, and manage diabetes and other ongoing medical conditions.','549750abedee23c34f6f260843dd6154.jpg',NULL,1,1,'2023-12-19 18:23:00','2024-02-15 11:45:50'),(3,'anesthesiologists','these doctors give you drugs to numb your pain or to put you under during surgery, childbirth, or other procedures. they monitor your vital signs while youre under anesthesia.','74bb95e07cd473e3dee44e198837022d.png',NULL,1,3,'2024-02-15 11:46:12','2024-02-15 11:46:12'),(4,'allergists&#x2F;immunologist','they treat immune system disorders such as asthma, eczema, food allergies, insect sting allergies, and some autoimmune diseases.','c10c6ef6fe29dcf7b9f54ee034049f80.jpg',NULL,1,3,'2024-02-15 11:46:57','2024-02-15 11:46:57'),(5,'cardiologist','theyre experts on the heart and blood vessels. you might see them for heart failure, a heart attack, high blood pressure, or an irregular heartbeat.','583c7966903a348ea61ae12a7e134bad.png',NULL,1,3,'2024-02-15 11:48:20','2024-02-15 11:48:20'),(6,'dermatologists','have problems with your skin, hair, nails? do you have moles, scars, acne, or skin allergies? dermatologists can help.','f7f6b34914ed8c4451f9c561188ef15b.png',NULL,1,3,'2024-02-15 11:50:07','2024-02-15 11:50:07'),(7,'critical care medicine specialists','they care for people who are critically ill or injured, often heading intensive care units in hospitals. you might see them if your heart or other organs are failing or if youve been in an accident.','acf64cd5c1ac222ce81968d946c3f7cd.png',NULL,1,3,'2024-02-15 11:52:18','2024-02-15 11:52:18'),(8,'endocrinologists','these are experts on hormones and metabolism. they can treat conditions like diabetes, thyroid problems, infertility, and calcium and bone disorders.','9bc73e1d5591d2a99aed6a33f6c8e08c.png',NULL,1,3,'2024-02-15 11:53:30','2024-02-15 11:53:30'),(9,'internal medcine','Internists often work as primary care physicians, providing comprehensive care and coordinating with specialists when necessary to ensure patients receive appropriate treatment for their specific conditions.','9f583ced4d2551627a7a1cc125c0cd81.jpg',NULL,1,3,'2024-07-01 13:21:19','2024-07-05 15:31:00'),(10,'general medicine','general medicine (also known as internal medicine) is a medical specialization focused on the prevention, diagnosis, and treatment of a wide range of adult diseases. general medicine doctors, known as physicians or internists, manage complex and chronic illnesses such as diabetes, hypertension, respiratory conditions, and heart disease. they provide comprehensive care, coordinate with specialists when necessary, and often serve as the first point of contact for patients seeking medical advice or treatment.','632ffb7fe45af635a5aaab6a1295cf6c.jpg',NULL,1,3,'2025-02-14 22:17:43','2025-02-14 22:17:43');
/*!40000 ALTER TABLE `medical_specialities` ENABLE KEYS */;
UNLOCK TABLES;

--
-- Table structure for table `patient_medical_documents`
--

DROP TABLE IF EXISTS `patient_medical_documents`;
/*!40101 SET @saved_cs_client     = @@character_set_client */;
/*!50503 SET character_set_client = utf8mb4 */;
CREATE TABLE `patient_medical_documents` (
  `medical_document_id` int NOT NULL AUTO_INCREMENT,
  `document_uuid` varchar(255) NOT NULL,
  `patient_id` int NOT NULL,
  `document_title` varchar(255) NOT NULL,
  `mimetype` varchar(30) DEFAULT NULL,
  `access_token` varchar(255) DEFAULT NULL,
  `created_at` timestamp NOT NULL DEFAULT CURRENT_TIMESTAMP,
  `updated_at` timestamp NOT NULL DEFAULT CURRENT_TIMESTAMP ON UPDATE CURRENT_TIMESTAMP,
  PRIMARY KEY (`medical_document_id`),
  KEY `fk_document_patient_id` (`patient_id`),
  CONSTRAINT `fk_document_patient_id` FOREIGN KEY (`patient_id`) REFERENCES `patients` (`patient_id`) ON DELETE CASCADE ON UPDATE CASCADE
) ENGINE=InnoDB AUTO_INCREMENT=81 DEFAULT CHARSET=utf8mb4 COLLATE=utf8mb4_0900_ai_ci;
/*!40101 SET character_set_client = @saved_cs_client */;

--
-- Dumping data for table `patient_medical_documents`
--

LOCK TABLES `patient_medical_documents` WRITE;
/*!40000 ALTER TABLE `patient_medical_documents` DISABLE KEYS */;
INSERT INTO `patient_medical_documents` VALUES (1,'b4c1be0b-ff55-427c-a443-2390d3aa45a9',6,'profit.png',NULL,NULL,'2024-03-01 17:34:18','2024-03-01 17:34:18'),(4,'06c6f6b3-deff-4a09-9afb-67f738d0d782',5,'name test',NULL,NULL,'2024-03-02 08:45:35','2024-03-02 08:45:35'),(5,'d7ae5840-9f32-409e-ba9f-24965db88223',5,'Diagnostics Lab Document 3',NULL,NULL,'2024-03-05 01:09:53','2024-03-05 01:09:53'),(9,'d3a71da8-59c0-4283-964f-2b00c0566354',17,'Lab test March',NULL,NULL,'2024-03-05 15:00:55','2024-03-05 15:00:55'),(19,'10a6f45f-f530-49bd-88e4-34bcc507788c',35,'Choitram XRay Hip result',NULL,NULL,'2024-05-13 10:20:02','2024-05-13 10:20:02'),(34,'dff16608-d7da-46e4-be33-b605e69da901',5,'test 2',NULL,NULL,'2024-08-02 16:46:50','2024-08-02 16:46:50'),(65,'80510819-e3d9-4bad-ae09-60efc9a30923',36,'Lab Test From Ecomed','image/png',NULL,'2024-11-26 14:48:25','2024-11-26 14:48:25'),(66,'b7c8edd7-68c7-4d0a-ba3e-98e30a8acbff',43,'+23288575381','application/pdf',NULL,'2024-11-28 15:58:13','2024-11-28 15:58:13'),(67,'af00bf01-7410-426a-b38e-9ccae9836e28',52,'Test result','image/png',NULL,'2024-11-28 16:00:15','2024-11-28 16:00:15'),(69,'e75f032f-892f-48ff-9332-0015608a0cfb',36,'And this is also a testtttt','application/pdf',NULL,'2024-12-04 10:30:48','2024-12-04 10:30:48'),(71,'d1d60b09-f6f6-4556-9007-b6bc33991197',19,'Hi','image/jpeg',NULL,'2024-12-09 11:49:53','2024-12-09 11:49:53'),(77,'79b4f01b-a258-4968-bd12-166e05b1f395',20,'Test','application/pdf',NULL,'2025-01-11 19:40:29','2025-01-11 19:40:29'),(79,'acab5e48-1a5d-4bf5-b291-03a7854629e7',36,'Hello motto','application/pdf',NULL,'2025-01-12 18:35:18','2025-01-12 18:35:18');
/*!40000 ALTER TABLE `patient_medical_documents` ENABLE KEYS */;
UNLOCK TABLES;

--
-- Table structure for table `patient_medical_history`
--

DROP TABLE IF EXISTS `patient_medical_history`;
/*!40101 SET @saved_cs_client     = @@character_set_client */;
/*!50503 SET character_set_client = utf8mb4 */;
CREATE TABLE `patient_medical_history` (
  `medical_history_id` int NOT NULL AUTO_INCREMENT,
  `patient_id` int NOT NULL,
  `height` varchar(20) DEFAULT NULL,
  `weight` varchar(20) DEFAULT NULL,
  `allergies` varchar(500) DEFAULT NULL,
  `is_patient_disabled` tinyint NOT NULL DEFAULT '0',
  `disability_description` varchar(255) DEFAULT NULL,
  `tobacco_use` tinyint DEFAULT '0',
  `tobacco_use_frequency` text,
  `alcohol_use` tinyint DEFAULT '0',
  `alcohol_use_frequency` text,
  `caffine_use` tinyint DEFAULT '0',
  `caffine_use_frequency` text,
  `created_at` timestamp NOT NULL DEFAULT CURRENT_TIMESTAMP,
  `updated_at` timestamp NOT NULL DEFAULT CURRENT_TIMESTAMP ON UPDATE CURRENT_TIMESTAMP,
  PRIMARY KEY (`medical_history_id`),
  KEY `fk_patient_id` (`patient_id`),
  CONSTRAINT `fk_patient_id` FOREIGN KEY (`patient_id`) REFERENCES `patients` (`patient_id`) ON DELETE CASCADE ON UPDATE CASCADE
) ENGINE=InnoDB AUTO_INCREMENT=225 DEFAULT CHARSET=utf8mb4 COLLATE=utf8mb4_0900_ai_ci;
/*!40101 SET character_set_client = @saved_cs_client */;

--
-- Dumping data for table `patient_medical_history`
--

LOCK TABLES `patient_medical_history` WRITE;
/*!40000 ALTER TABLE `patient_medical_history` DISABLE KEYS */;
INSERT INTO `patient_medical_history` VALUES (1,4,'12cm','12kg','Cold',0,'',NULL,'',0,NULL,0,'','2024-03-01 10:59:02','2024-03-01 10:59:02'),(2,5,'12 cm','40kg','girls, ladies, women',0,'no',NULL,'no',0,'weekends',0,'almost everyday','2024-03-01 13:23:18','2024-03-01 13:23:18'),(3,6,'4.6','50','None',0,'None',NULL,'None',0,'None',0,'None','2024-03-01 17:03:20','2024-03-01 17:03:20'),(5,12,'Nil','Nil','None ',0,'',NULL,'',0,'',0,'','2024-03-01 17:14:45','2024-03-01 17:14:45'),(6,19,'20   cm','100  kg','Cold',0,'',NULL,'occasionally',1,NULL,1,'rarely','2024-03-12 01:33:52','2025-01-20 16:39:28'),(8,20,'67cm','180kg','',0,'',NULL,'',0,NULL,0,'','2024-03-20 08:35:48','2024-03-20 08:35:48'),(10,24,'1.2','50','',0,'',NULL,'',0,'',0,'','2024-04-25 10:28:28','2024-04-25 10:28:28'),(12,27,'1.59','50','',0,'',NULL,'',0,'',0,'','2024-05-06 14:08:28','2024-05-06 14:08:28'),(13,29,'','','',0,'',NULL,'',0,'',0,'','2024-05-06 14:43:57','2024-05-06 14:43:57'),(14,30,'5.5cm','78kg','',0,'',NULL,'',0,'',0,'','2024-05-06 16:28:10','2024-05-06 16:28:10'),(15,31,'','','',0,'',NULL,'',0,'',0,'','2024-05-08 08:00:17','2024-05-08 08:00:17'),(16,32,'1.5','50kg','No',0,'',NULL,'No',0,'No',0,'No','2024-05-10 11:00:12','2024-05-10 11:00:12'),(17,33,'5.4cm','40kg','Chloramphenicol Ceftazidime',0,'',NULL,'',0,'',0,'','2024-05-10 11:48:53','2024-05-10 11:48:53'),(18,35,'185','95','Ceptrine',0,'',NULL,'',0,'',0,'2 cups a day ','2024-05-13 08:45:39','2024-05-13 08:45:39'),(19,37,'1.5','65','',0,'',NULL,'',0,'Daily ',0,'Seldomly ','2024-05-17 10:30:13','2024-05-17 10:30:13'),(20,41,'140cm','55kg','Pawpaw',0,'',NULL,'',0,'',0,'Once in a while ','2024-05-29 10:16:25','2024-05-29 10:16:25'),(21,36,'250 cm','1000 kg','Uudhcjcjf',0,'',NULL,'',0,'',NULL,NULL,'2024-07-01 14:14:55','2025-03-05 16:55:56'),(22,43,'6.2cm','6.2kg','No',0,'',NULL,'',0,NULL,0,'','2024-10-10 16:42:10','2024-10-10 16:42:10'),(26,52,'54545cm','054545kg','Non',0,'',NULL,'',0,NULL,0,'','2024-11-28 14:35:19','2024-11-28 14:35:19'),(27,54,'5cm','65kg','Non',0,'',NULL,'',0,NULL,0,'','2024-12-02 18:14:49','2024-12-02 18:14:49'),(28,55,'10cm','40kg','Starch food ',0,'',NULL,'',0,NULL,0,'','2024-12-03 13:16:04','2024-12-03 13:16:04'),(29,56,'50cm','65kg','',0,'',NULL,'',0,NULL,0,'','2024-12-03 13:28:54','2024-12-03 13:28:54'),(30,59,'5cm','28kg','Pawpaw',0,'',NULL,'',0,NULL,0,'','2024-12-03 13:32:04','2024-12-03 13:32:04'),(31,57,'6cm','48kg','',0,'',NULL,'',0,NULL,0,'','2024-12-03 13:37:55','2024-12-03 13:37:55'),(32,58,'7cm','50kg','',0,'',NULL,'',0,NULL,0,'','2024-12-03 13:46:24','2024-12-03 13:46:24'),(33,60,'1cm','5kg','Non',0,'',NULL,'',0,NULL,0,'','2024-12-03 13:54:57','2024-12-03 13:54:57'),(34,61,'50cm','65kg','',0,'',NULL,'',0,NULL,0,'','2024-12-03 22:30:26','2024-12-03 22:30:26'),(35,62,'5cm','85kg','',0,'',NULL,'',0,NULL,0,'','2024-12-03 22:41:05','2024-12-03 22:41:05'),(36,63,'152cm','65kg','Allergic to pumpkin ',0,'',NULL,'',0,NULL,0,'','2024-12-03 22:44:36','2024-12-03 22:44:36'),(37,64,'1.68cm','1kg','W',0,'',NULL,'',0,NULL,0,'','2024-12-04 13:59:08','2024-12-04 13:59:08'),(38,65,'70cm','85kg','',0,'',NULL,'',0,NULL,0,'','2024-12-04 15:45:39','2024-12-04 15:45:39'),(39,66,'60cm','55kg','',0,'',NULL,'',0,NULL,0,'','2024-12-04 16:53:09','2024-12-04 16:53:09'),(40,67,'5.6cm','50kg','',0,'',NULL,'',0,NULL,0,'','2024-12-04 23:04:22','2024-12-04 23:04:22'),(41,68,'4.5cm','40kg','',0,'',NULL,'',0,NULL,0,'','2024-12-04 23:38:14','2024-12-04 23:38:14'),(42,69,'6cm','55kg','',0,'',NULL,'',0,NULL,0,'','2024-12-04 23:52:42','2024-12-04 23:52:42'),(43,70,'5cm','55kg','',0,'',NULL,'',0,NULL,0,'','2024-12-05 00:51:16','2024-12-05 00:51:16'),(44,71,'5cm','32kg','None ',0,'',NULL,'',0,NULL,0,'','2024-12-05 16:02:51','2024-12-05 16:02:51'),(45,72,'4cm','38kg','Non',0,'',NULL,'',0,NULL,0,'','2024-12-05 16:04:48','2024-12-05 16:04:48'),(46,73,'7cm','40kg','Pepper Food',0,'',NULL,'',0,NULL,0,'','2024-12-05 19:18:15','2024-12-05 19:18:15'),(47,74,'5cm','75kg','Cloroqueen',0,'',NULL,'',0,NULL,0,'','2024-12-06 10:25:05','2024-12-06 10:25:05'),(48,75,'6cm','75kg','Non',0,'',NULL,'',0,NULL,0,'','2024-12-06 10:28:27','2024-12-06 10:28:27'),(49,76,'4cm','70kg','Headache ',0,'',NULL,'',0,NULL,0,'','2024-12-06 10:40:51','2024-12-06 10:40:51'),(50,77,'4cm','20kg','None',0,'',NULL,'',0,NULL,0,'','2024-12-06 10:53:44','2024-12-06 10:53:44'),(51,78,'5cm','20kg','Non',0,'',NULL,'',0,NULL,0,'','2024-12-06 11:20:49','2024-12-06 11:20:49'),(52,79,'5cm','50kg','Non',0,'',NULL,'',0,NULL,0,'','2024-12-06 11:39:55','2024-12-06 11:39:55'),(53,81,'118cm','50kg','',0,'',NULL,'',0,NULL,0,'','2024-12-07 10:39:33','2024-12-07 10:39:33'),(54,82,'55cm','155kg','',0,'',NULL,'',0,NULL,0,'','2024-12-07 12:03:55','2024-12-07 12:03:55'),(55,83,'1.2cm','40kg','Cauliflower, paracetamol, and green beans',0,'',NULL,'5 per week',1,NULL,1,'3 per day','2024-12-07 18:10:31','2024-12-07 18:10:44'),(56,86,'6cm','85kg','Sugar ',0,'',NULL,'',1,NULL,0,'','2024-12-08 12:01:54','2024-12-08 12:01:54'),(57,87,'2cm','8kg','Non',0,'',NULL,'',1,NULL,0,'','2024-12-08 16:52:12','2024-12-08 16:52:12'),(59,92,'1.54m','53.1','',0,'',NULL,'',0,'',0,'','2025-01-09 10:29:05','2025-01-09 10:29:05'),(60,93,'475cm','68kg','Some unnecessary food stuff ',0,'',NULL,'',1,NULL,0,'','2025-01-09 11:31:03','2025-01-09 11:31:03'),(61,93,'475cm','68kg','Some unnecessary food stuff ',0,'',NULL,'',1,NULL,0,'','2025-01-09 11:31:03','2025-01-09 11:31:03'),(62,98,'1.7','36 kg','',0,'',NULL,'',0,'',0,'','2025-01-09 15:25:49','2025-01-09 15:25:49'),(63,99,'1.7','40kg','',0,'',NULL,'',0,'',0,'','2025-01-09 18:14:46','2025-01-09 18:14:46'),(64,100,'1.7','40kg','',0,'',NULL,'',0,'',0,'','2025-01-09 18:28:39','2025-01-09 18:28:39'),(65,101,'1.5','36 kg','',0,'',NULL,'',0,'',0,'','2025-01-09 19:30:09','2025-01-09 19:30:09'),(66,102,'1.5','45kg','',0,'',NULL,'',0,'',0,'','2025-01-10 11:47:56','2025-01-10 11:47:56'),(67,104,'1.7','30kg','',0,'',NULL,'',0,'',0,'','2025-01-10 12:52:34','2025-01-10 12:52:34'),(68,105,'1.4','36kg','',0,'',NULL,'',0,'',0,'','2025-01-10 14:27:38','2025-01-10 14:27:38'),(69,107,'1.5','40kg','',0,'',NULL,'',0,'',0,'','2025-01-10 16:40:21','2025-01-10 16:40:21'),(70,110,'1.5','40kg','',0,'',NULL,'',0,'',0,'','2025-01-11 16:56:25','2025-01-11 16:56:25'),(71,111,'2.2cm','60kg','Paracetamol ',0,'NORMAL ',NULL,'NONE',0,'NONE',0,'NONE','2025-01-11 20:37:58','2025-01-11 20:37:58'),(73,113,'1.3','26 kg','',0,'',NULL,'',0,'',0,'','2025-01-12 12:45:00','2025-01-12 12:45:00'),(74,114,'1.5','36kg','',0,'',NULL,'',0,'',0,'','2025-01-12 14:21:15','2025-01-12 14:21:15'),(75,115,'1.2','27 kg','',0,'',NULL,'',0,'',0,'','2025-01-12 16:58:21','2025-01-12 16:58:21'),(76,116,'1.7','40kg','',0,'',NULL,'',0,'',0,'','2025-01-12 17:29:48','2025-01-12 17:29:48'),(77,117,'1.5','40kg','',0,'',NULL,'',0,'',0,'','2025-01-12 17:51:03','2025-01-12 17:51:03'),(78,118,'1.7','40kg','',0,'',NULL,'',0,'',0,'','2025-01-12 22:11:46','2025-01-12 22:11:46'),(79,121,'52','35','Malaria ',0,'',NULL,'',0,'',0,'','2025-01-13 19:55:54','2025-01-13 19:55:54'),(80,122,'4.5cm','30kg','Aspiring, Paracetamol ',0,'',NULL,'',0,'',0,'','2025-01-13 20:51:47','2025-01-13 20:51:47'),(81,130,'4.3cm','45kg','Realief,Novalgen',0,'',NULL,'',0,'',0,'','2025-01-14 16:37:39','2025-01-14 16:37:39'),(82,132,'5.8','60','Omeprazole',0,'',NULL,'',0,'',0,'','2025-01-14 18:23:20','2025-01-14 18:23:20'),(83,133,'5.5','65','Relief ',0,'',NULL,'',0,'',0,'','2025-01-14 18:40:13','2025-01-14 18:40:13'),(84,134,'5.7','75','',0,'',NULL,'',0,'',0,'','2025-01-14 18:58:14','2025-01-14 18:58:14'),(85,135,'4.3cm','45kg','Relief, Rephampicilin',0,'',NULL,'',0,'',0,'','2025-01-14 20:15:43','2025-01-14 20:15:43'),(86,138,'5cm','70kg','Relief Tablets ',0,'',NULL,'',0,NULL,0,'','2025-01-16 09:17:51','2025-01-16 09:17:51'),(87,139,'5.3','70','Paracetamol ',0,'No',NULL,'5',0,'',0,'','2025-01-16 09:45:18','2025-01-16 09:45:18'),(88,140,'7.3','60','Beef',0,'',NULL,'',0,'',0,'','2025-01-16 10:08:38','2025-01-16 10:08:38'),(89,141,'6.4','60','Native medicine ',0,'',NULL,'',0,'',0,'','2025-01-16 12:44:01','2025-01-16 12:44:01'),(90,144,'4.5cm','35kg','Sudrex',0,'',NULL,'',0,'',0,'','2025-01-16 16:21:26','2025-01-16 16:21:26'),(91,148,'5cm','50kg','Football',0,'',NULL,'',1,NULL,0,'','2025-01-17 12:02:24','2025-01-17 12:02:24'),(92,149,'7cm','150kg','None',0,'',NULL,'',0,NULL,0,'','2025-01-17 12:11:55','2025-01-17 12:11:55'),(93,150,'5,2','60','None',0,'',NULL,'',0,'',0,'','2025-01-17 13:23:43','2025-01-17 13:23:43'),(94,151,'','','',0,'',NULL,'',0,'',0,'','2025-01-17 13:33:35','2025-01-17 13:33:35'),(96,152,'6.4','60','Doxicilin',0,'',NULL,'',0,'',0,'','2025-01-17 14:09:35','2025-01-17 14:09:35'),(97,156,'4.3cm','65kg','Omeprazole',0,'',NULL,'',0,'',0,'','2025-01-18 15:58:53','2025-01-18 15:58:53'),(98,157,'5.8','35kg','Realief,Novalgen',0,'',NULL,'',0,'',0,'','2025-01-18 16:08:51','2025-01-18 16:08:51'),(99,158,'6.3','60','Smoking ',0,'',NULL,'',0,'',0,'No','2025-01-18 20:19:45','2025-01-18 20:19:45'),(100,159,'3.5','30','Smoking ',0,'',NULL,'',0,'',0,'','2025-01-18 21:09:16','2025-01-18 21:09:16'),(101,162,'4cm','50kg','Non',0,'',NULL,'',1,NULL,0,'','2025-01-19 07:32:10','2025-01-19 07:32:10'),(102,168,'5.5','35kg','Realief,Novalgen',0,'',NULL,'',0,'',0,'','2025-01-19 20:36:18','2025-01-19 20:36:18'),(103,172,'56','50','Food ',0,'',NULL,'',0,'',0,'','2025-01-20 10:48:37','2025-01-20 10:48:37'),(104,176,'50','45','',0,'',NULL,'',0,'',0,'Occasionally ','2025-01-20 15:36:34','2025-01-20 15:36:34'),(105,177,'5','40','',0,'',NULL,'',0,'',0,'Occasionally ','2025-01-20 15:44:00','2025-01-20 15:44:00'),(106,178,'6','55','',0,'',NULL,'',0,'Occasionally ',0,'Rarely ','2025-01-20 15:58:11','2025-01-20 15:58:11'),(107,179,'6.4','78kg','',0,'',NULL,'',0,'',0,'','2025-01-20 18:43:52','2025-01-20 18:43:52'),(108,181,'6.4','60','',0,'',NULL,'',0,'',0,'','2025-01-20 19:11:48','2025-01-20 19:11:48'),(109,182,'5.5cm','60','',0,'',NULL,'',0,'',0,'','2025-01-20 19:47:28','2025-01-20 19:47:28'),(110,184,'6.7cm ','70 kg ','Paracetamol ',0,'',NULL,'',0,'',0,'','2025-01-20 23:17:45','2025-01-20 23:17:45'),(111,187,'7cm','70kg','Paracetamol ',0,'',NULL,'',0,NULL,0,'','2025-01-20 23:40:13','2025-01-20 23:40:13'),(112,188,'6.4','70','',0,'',NULL,'10',0,'',0,'','2025-01-21 07:34:34','2025-01-21 07:34:34'),(113,194,'6.7cm ','70 kg ','',0,'',NULL,'',0,'',0,'','2025-01-21 11:23:52','2025-01-21 11:23:52'),(114,196,'5.7cm ','','No Allergies ',0,'',NULL,'',0,'',0,'','2025-01-21 13:32:26','2025-01-21 13:32:26'),(115,202,'5','45','',0,'',NULL,'',0,'Occasionally ',0,'Rarely ','2025-01-21 16:16:17','2025-01-21 16:16:17'),(116,204,'5.5','30kg','Omeprazole',0,'',NULL,'',0,'',0,'','2025-01-21 19:29:48','2025-01-21 19:29:48'),(117,205,'4.3cm','65','Aspiring, Paracetamol ',0,'',NULL,'',0,'',0,'','2025-01-22 09:01:36','2025-01-22 09:01:36'),(118,209,'5.7','45kg','Realief,Novalgen',0,'',NULL,'',0,'',0,'','2025-01-23 13:20:23','2025-01-23 13:20:23'),(119,210,'2.5','30kg','Sudrex',0,'',NULL,'',0,'',0,'','2025-01-23 13:39:33','2025-01-23 13:39:33'),(120,212,'5.5','45kg','Omeprazole',0,'',NULL,'',0,'',0,'','2025-01-23 20:32:21','2025-01-23 20:32:21'),(121,224,'5ft','100kg ','No Allergies ',0,'',NULL,'',0,'',0,'','2025-01-24 13:57:30','2025-01-24 13:57:30'),(122,225,'5.8','65','Aspiring, Paracetamol ',0,'',NULL,'',0,'',0,'','2025-01-24 14:41:07','2025-01-24 14:41:07'),(123,227,'6.7cm ','150','',0,'',NULL,'',0,'',0,'','2025-01-24 14:57:18','2025-01-24 14:57:18'),(124,229,'55','49','',0,'',NULL,'',0,'',0,'Rarely ','2025-01-24 17:13:23','2025-01-24 17:13:23'),(125,230,'56','63','',0,'',NULL,'',0,'Occasionally ',0,'Rarely ','2025-01-24 17:22:25','2025-01-24 17:22:25'),(126,231,'','','',0,'',NULL,'',0,'',0,'','2025-01-24 17:51:34','2025-01-24 17:51:34'),(127,232,'','','',0,'',NULL,'',0,'',0,'','2025-01-24 17:58:54','2025-01-24 17:58:54'),(128,234,'5ft','','',0,'',NULL,'',0,'',0,'','2025-01-24 18:06:48','2025-01-24 18:06:48'),(129,235,'7','100kg ','',0,'',NULL,'',0,'',0,'','2025-01-24 18:25:19','2025-01-24 18:25:19'),(130,236,'7','100kg ','',0,'',NULL,'',0,'',0,'','2025-01-24 18:31:49','2025-01-24 18:31:49'),(131,238,'5ft','200','',0,'',NULL,'',0,'',0,'','2025-01-24 18:51:43','2025-01-24 18:51:43'),(132,239,'','','',0,'',NULL,'',0,'',0,'','2025-01-24 18:57:33','2025-01-24 18:57:33'),(133,240,'','','',0,'',NULL,'',0,'',0,'','2025-01-24 19:02:34','2025-01-24 19:02:34'),(134,241,'','','',0,'',NULL,'',0,'',0,'','2025-01-24 19:08:27','2025-01-24 19:08:27'),(135,242,'','','',0,'',NULL,'',0,'',0,'','2025-01-24 20:07:57','2025-01-24 20:07:57'),(136,243,'','','',0,'',NULL,'',0,'',0,'','2025-01-24 20:25:18','2025-01-24 20:25:18'),(137,244,'','','',0,'',NULL,'',0,'',0,'','2025-01-24 20:32:08','2025-01-24 20:32:08'),(138,245,'5ft','100kg ','',0,'',NULL,'',0,'',0,'','2025-01-24 20:39:33','2025-01-24 20:39:33'),(139,246,'5ft','200','',0,'',NULL,'',0,'',0,'','2025-01-24 20:47:43','2025-01-24 20:47:43'),(140,250,'5ft','','',0,'',NULL,'',0,'',0,'','2025-01-25 17:17:40','2025-01-25 17:17:40'),(141,251,'','','',0,'',NULL,'',0,'',0,'','2025-01-25 17:23:24','2025-01-25 17:23:24'),(142,261,'5.7','60','Aspiring, Paracetamol ',0,'',NULL,'',0,'',0,'','2025-01-28 07:33:19','2025-01-28 07:33:19'),(143,288,'','','',0,'',NULL,'',0,'',0,'','2025-01-30 14:21:15','2025-01-30 14:21:15'),(144,289,'40','55','',0,'',NULL,'',0,'',0,'','2025-01-30 14:27:38','2025-01-30 14:27:38'),(145,290,'52','54','',0,'',NULL,'',0,'',0,'','2025-01-30 14:33:32','2025-01-30 14:33:32'),(146,291,'55','61','',0,'',NULL,'',0,'',0,'','2025-01-30 14:44:05','2025-01-30 14:44:05'),(147,292,'45','50','',0,'',NULL,'',0,'',0,'','2025-01-30 14:47:23','2025-01-30 14:47:23'),(148,293,'60','55','',0,'',NULL,'',0,'',0,'','2025-01-30 14:55:07','2025-01-30 14:55:07'),(149,294,'56','59','',0,'',NULL,'',0,'',0,'','2025-01-30 14:59:02','2025-01-30 14:59:02'),(150,295,'40','52','',0,'',NULL,'',0,'',0,'','2025-01-30 15:04:30','2025-01-30 15:04:30'),(151,296,'53','56','',0,'',NULL,'',0,'',0,'','2025-01-30 15:18:29','2025-01-30 15:18:29'),(152,297,'43','50','',0,'',NULL,'',0,'',0,'','2025-01-30 15:20:51','2025-01-30 15:20:51'),(153,298,'52','66','',0,'',NULL,'',0,'',0,'','2025-01-30 15:23:52','2025-01-30 15:23:52'),(154,299,'44','59','',0,'',NULL,'',0,'',0,'','2025-01-30 15:31:31','2025-01-30 15:31:31'),(155,300,'50','60','',0,'',NULL,'',0,'',0,'','2025-01-30 15:36:03','2025-01-30 15:36:03'),(156,301,'47','63','',0,'',NULL,'',0,'',0,'','2025-01-30 15:53:19','2025-01-30 15:53:19'),(157,302,'57','65','',0,'',NULL,'',0,'',0,'','2025-01-30 15:57:34','2025-01-30 15:57:34'),(158,304,'6.4','70','Caffeine ',0,'',NULL,'',0,'',0,'','2025-01-30 19:17:56','2025-01-30 19:17:56'),(159,305,'8.4','70','None',0,'',NULL,'',0,'',0,'','2025-01-30 20:04:51','2025-01-30 20:04:51'),(160,313,'5.3','78kg','',0,'',NULL,'',0,'',0,'','2025-02-01 13:37:49','2025-02-01 13:37:49'),(161,314,'5.5cm','70','',0,'',NULL,'',0,'',0,'','2025-02-01 13:45:19','2025-02-01 13:45:19'),(162,315,'5.5cm','50','',0,'',NULL,'',0,'',0,'','2025-02-01 13:51:27','2025-02-01 13:51:27'),(163,316,'5.5cm','60','',0,'',NULL,'',0,'',0,'','2025-02-01 14:06:42','2025-02-01 14:06:42'),(164,318,'5.3','60','',0,'',NULL,'',0,'',0,'','2025-02-01 14:22:08','2025-02-01 14:22:08'),(165,319,'5.3','60','',0,'',NULL,'',0,'',0,'','2025-02-01 14:35:43','2025-02-01 14:35:43'),(166,320,'5.5cm','60','',0,'',NULL,'',0,'',0,'','2025-02-01 15:46:48','2025-02-01 15:46:48'),(167,321,'5.3','45','',0,'',NULL,'',0,'',0,'','2025-02-01 16:39:20','2025-02-01 16:39:20'),(168,322,'5.6','60','',0,'',NULL,'',0,'',0,'','2025-02-01 16:45:31','2025-02-01 16:45:31'),(169,328,'6.4','60','',0,'',NULL,'',0,'',0,'','2025-02-03 09:31:32','2025-02-03 09:31:32'),(170,329,'5.5cm','50','',0,'',NULL,'',0,'',0,'','2025-02-03 09:53:37','2025-02-03 09:53:37'),(171,340,'6.4','50','',0,'',NULL,'',0,'',0,'','2025-02-04 08:34:48','2025-02-04 08:34:48'),(172,341,'5.3','60','',0,'',NULL,'',0,'',0,'','2025-02-04 08:39:46','2025-02-04 08:39:46'),(173,342,'5.5cm','60','',0,'',NULL,'',0,'',0,'','2025-02-04 08:49:42','2025-02-04 08:49:42'),(174,343,'50','43','',0,'',NULL,'',0,'',0,'Rarely ','2025-02-04 13:17:06','2025-02-04 13:17:06'),(175,344,'53','45','',0,'',NULL,'',0,'',0,'','2025-02-04 14:12:33','2025-02-04 14:12:33'),(176,345,'67','52','',0,'',NULL,'',0,'',0,'Frequently ','2025-02-04 14:18:05','2025-02-04 14:18:05'),(177,346,'59','67','',0,'',NULL,'',0,'',0,'','2025-02-04 14:21:15','2025-02-04 14:21:15'),(178,348,'','','',0,'',NULL,'',0,'',0,'','2025-02-04 14:25:47','2025-02-04 14:25:47'),(179,349,'68','61','',0,'',NULL,'',0,'',0,'','2025-02-04 14:48:49','2025-02-04 14:48:49'),(180,356,'52','45','',0,'',NULL,'',0,'',0,'','2025-02-05 08:49:49','2025-02-05 08:49:49'),(181,357,'63','54','',0,'',NULL,'',0,'',0,'','2025-02-05 08:53:15','2025-02-05 08:53:15'),(182,358,'69','58','',0,'',NULL,'',0,'',0,'','2025-02-05 08:57:19','2025-02-05 08:57:19'),(183,359,'50','45','',0,'',NULL,'',0,'',0,'','2025-02-05 09:02:02','2025-02-05 09:02:02'),(184,360,'','','',0,'',NULL,'',0,'',0,'','2025-02-05 09:16:04','2025-02-05 09:16:04'),(185,361,'58','47','',0,'',NULL,'',0,'',0,'','2025-02-05 09:20:55','2025-02-05 09:20:55'),(186,362,'67','51','',0,'',NULL,'',0,'',0,'','2025-02-05 09:25:09','2025-02-05 09:25:09'),(187,364,'4.5','3.5','Aspiring, Paracetamol ',0,'',NULL,'',0,'',0,'','2025-02-05 10:09:59','2025-02-05 10:09:59'),(188,365,'4.2','3.5','Omeprazole',0,'',NULL,'',0,'',0,'','2025-02-05 10:19:56','2025-02-05 10:19:56'),(189,366,'56','41','',0,'',NULL,'',0,'',0,'','2025-02-05 11:04:26','2025-02-05 11:04:26'),(190,367,'68','59','',0,'',NULL,'',0,'',0,'','2025-02-05 11:06:35','2025-02-05 11:06:35'),(191,368,'3.2','3.1','Omeprazole',0,'',NULL,'',0,'',0,'','2025-02-05 18:29:56','2025-02-05 18:29:56'),(192,373,'65','50','',0,'',NULL,'',0,'',0,'','2025-02-06 10:51:36','2025-02-06 10:51:36'),(193,374,'55','40','',0,'',NULL,'',0,'',0,'','2025-02-06 11:11:38','2025-02-06 11:11:38'),(194,375,'69','50','',0,'',NULL,'',0,'',0,'','2025-02-06 11:15:01','2025-02-06 11:15:01'),(195,377,'55','49','',0,'',NULL,'',0,'',0,'','2025-02-06 11:22:26','2025-02-06 11:22:26'),(196,383,'6.4','60','',0,'',NULL,'',0,'',0,'','2025-02-06 15:53:29','2025-02-06 15:53:29'),(197,384,'5.7','78','',0,'',NULL,'',0,'2-3',0,'','2025-02-06 16:20:26','2025-02-06 16:20:26'),(198,386,'5.5cm','60','',0,'',NULL,'',0,'',0,'','2025-02-06 16:42:26','2025-02-06 16:42:26'),(199,389,'6.4','60','',0,'',NULL,'',0,'',0,'','2025-02-06 17:34:26','2025-02-06 17:34:26'),(200,390,'6.4','70','',0,'',NULL,'',0,'',0,'','2025-02-06 17:51:58','2025-02-06 17:51:58'),(201,391,'6.4','70','',0,'',NULL,'',0,'',0,'','2025-02-06 18:26:04','2025-02-06 18:26:04'),(202,393,'7.3','60','',0,'',NULL,'',0,'',0,'','2025-02-06 18:50:02','2025-02-06 18:50:02'),(203,396,'6.4','80','',0,'',NULL,'',0,'',0,'','2025-02-06 19:38:10','2025-02-06 19:38:10'),(204,421,'6.4','60','',0,'',NULL,'',0,'',0,'','2025-02-10 11:23:34','2025-02-10 11:23:34'),(205,422,'5.3','50','',0,'',NULL,'',0,'',0,'','2025-02-10 11:47:09','2025-02-10 11:47:09'),(206,424,'5.5cm','60','',0,'',NULL,'',0,'',0,'','2025-02-10 13:12:39','2025-02-10 13:12:39'),(207,425,'5.5cm','70','',0,'',NULL,'',0,'',0,'','2025-02-10 18:56:28','2025-02-10 18:56:28'),(208,426,'1.17','79','Paracetamol ',0,'',NULL,'',0,'',0,'','2025-02-10 19:12:10','2025-02-10 19:12:10'),(209,427,'7.3','80','',0,'',NULL,'',0,'',0,'','2025-02-10 19:49:15','2025-02-10 19:49:15'),(210,434,'6.4','60','',0,'No',NULL,'',0,'',0,'','2025-02-11 12:12:07','2025-02-11 12:12:07'),(211,437,'5.5cm','70','',0,'',NULL,'',0,'',0,'','2025-02-11 12:30:23','2025-02-11 12:30:23'),(212,441,'5.6','78kg','',0,'',NULL,'',0,'',0,'','2025-02-11 18:26:04','2025-02-11 18:26:04'),(213,447,'7.3','78kg','',0,'',NULL,'',0,'',0,'','2025-02-12 09:25:15','2025-02-12 09:25:15'),(214,455,'5.5cm','70','',0,'',NULL,'',0,'',0,'','2025-02-12 17:14:06','2025-02-12 17:14:06'),(215,456,'5.5cm','60','',0,'',NULL,'',0,'',0,'','2025-02-12 17:18:53','2025-02-12 17:18:53'),(216,464,'7.3','78kg','',0,'',NULL,'',0,'',0,'','2025-02-13 18:46:33','2025-02-13 18:46:33'),(217,465,'6.4','78kg','',0,'',NULL,'',0,'',0,'','2025-02-13 19:04:12','2025-02-13 19:04:12'),(218,470,'6.4','70','',0,'',NULL,'',0,'',0,'','2025-02-15 14:58:40','2025-02-15 14:58:40'),(219,472,'6.4','70','',0,'',NULL,'',0,'',0,'','2025-02-15 15:05:54','2025-02-15 15:05:54'),(220,473,'5.5cm','21','',0,'',NULL,'',0,'',0,'','2025-02-15 15:58:28','2025-02-15 15:58:28'),(221,477,'4.3cm','65','Aspiring, Paracetamol ',0,'',NULL,'',0,'',0,'','2025-02-16 17:53:22','2025-02-16 17:53:22'),(222,479,'5.7','35kg','Omeprazole',0,'',NULL,'',0,'',0,'','2025-02-16 18:13:13','2025-02-16 18:13:13'),(223,489,'3.8','3.5','Omeprazole',0,'',NULL,'',0,'',0,'','2025-02-20 08:10:26','2025-02-20 08:10:26'),(224,491,'3.4','70','',0,'',NULL,'',0,'',0,'','2025-02-20 11:55:32','2025-02-20 11:55:32');
/*!40000 ALTER TABLE `patient_medical_history` ENABLE KEYS */;
UNLOCK TABLES;

--
-- Table structure for table `patients`
--

DROP TABLE IF EXISTS `patients`;
/*!40101 SET @saved_cs_client     = @@character_set_client */;
/*!50503 SET character_set_client = utf8mb4 */;
CREATE TABLE `patients` (
  `patient_id` int NOT NULL AUTO_INCREMENT,
  `user_id` int NOT NULL,
  `title` varchar(20) DEFAULT NULL,
  `first_name` varchar(255) NOT NULL,
  `middle_name` varchar(255) DEFAULT NULL,
  `last_name` varchar(255) NOT NULL,
  `gender` enum('male','female') NOT NULL,
  `profile_pic_url` varchar(255) DEFAULT NULL,
  `dob` date DEFAULT NULL,
  `booked_first_appointment` tinyint DEFAULT '0',
  `created_at` timestamp NOT NULL DEFAULT CURRENT_TIMESTAMP,
  `updated_at` timestamp NOT NULL DEFAULT CURRENT_TIMESTAMP ON UPDATE CURRENT_TIMESTAMP,
  PRIMARY KEY (`patient_id`),
  KEY `fk_patient_user_id` (`user_id`),
  CONSTRAINT `fk_patient_user` FOREIGN KEY (`user_id`) REFERENCES `users` (`user_id`) ON DELETE CASCADE ON UPDATE CASCADE
) ENGINE=InnoDB AUTO_INCREMENT=492 DEFAULT CHARSET=utf8mb4 COLLATE=utf8mb4_0900_ai_ci;
/*!40101 SET character_set_client = @saved_cs_client */;

--
-- Dumping data for table `patients`
--

LOCK TABLES `patients` WRITE;
/*!40000 ALTER TABLE `patients` DISABLE KEYS */;
INSERT INTO `patients` VALUES (4,10,NULL,'Alvin','Yabom','Conteh','male',NULL,'1998-03-01',0,'2024-03-01 10:58:15','2024-03-01 10:58:15'),(5,12,NULL,'Abduali','Samuel','Moiwa','male','2e999cc923e2430c74fc96be7d9d6161.jpg','1998-06-01',1,'2024-03-01 13:22:19','2025-01-14 12:26:16'),(6,14,NULL,'Bailor','','Bah','male','d483febc5d7b32bd69794f23a57e9b23.jpg','2004-09-17',0,'2024-03-01 17:01:44','2024-03-01 17:04:07'),(8,17,NULL,'ALUSINE','','KALOKOH','male',NULL,'1998-10-20',0,'2024-03-01 17:04:10','2024-03-01 17:04:10'),(9,18,NULL,'SANNOH','KELFALA','SHEKU','male',NULL,'1997-05-22',0,'2024-03-01 17:07:36','2024-03-01 17:07:36'),(10,20,NULL,'Fatmata','','Sesay','female',NULL,'2001-08-06',0,'2024-03-01 17:12:10','2024-03-01 17:12:10'),(11,20,NULL,'Fatmata','','Sesay','female',NULL,'2001-08-06',0,'2024-03-01 17:12:10','2024-03-01 17:12:10'),(12,21,NULL,'Dauda','Charles','Conteh','male','b69eaba0e59b9f0f4b498af0748d97ce.jpeg','1998-01-01',0,'2024-03-01 17:13:48','2024-03-01 17:20:57'),(13,23,NULL,'Santigie','Ahmed','Conteh','male',NULL,'1999-05-26',0,'2024-03-01 17:57:33','2024-03-01 17:57:33'),(15,26,NULL,'Theresa','Terrain','Kamara','female','f9344d537b44a0afec77194e420ded35.jpg','1993-04-05',0,'2024-03-05 14:16:40','2024-03-05 15:06:41'),(16,27,NULL,'Isha','Tia','Fofanah','female',NULL,'1995-02-14',1,'2024-03-05 14:20:23','2025-02-06 10:30:48'),(17,28,NULL,'Sia','Agnes','Chakanda','female','6a71d25382dc398a559aae0e1836c1f4.jpg','1995-04-06',0,'2024-03-05 14:49:25','2024-08-20 11:53:49'),(19,30,NULL,'Solomon','Azrael','Kanu','male','0b2d7e8ad7769e4e9111b00e10c91619.PNG','1998-12-10',1,'2024-03-11 14:46:03','2025-02-04 15:40:14'),(20,34,NULL,'Mustapha','R','Fofana','male','cde59571f9ef045624eb6dc1ec6fa4ee.jpg','1980-07-02',0,'2024-03-20 08:34:54','2024-12-06 15:24:17'),(23,43,NULL,'Foday','','Mansaray','male',NULL,'1996-10-12',0,'2024-04-16 00:40:40','2024-04-16 00:40:40'),(24,45,NULL,'Emmanuel','','Saati','male',NULL,'2001-02-05',0,'2024-04-25 10:27:37','2024-04-25 10:27:37'),(27,50,NULL,'Yusifu','Gibrilla','Koroma','male','0af1fd11d01b32e586a2df4090a1c6e5.jpg','1994-04-01',0,'2024-05-06 14:07:03','2024-05-06 14:09:02'),(28,51,NULL,'ALUSINE','','KALOKOH','male','fafdde01e0c30962e20e93a4928f5717.jpg','1999-10-20',0,'2024-05-06 14:27:13','2024-05-06 14:34:55'),(29,52,NULL,'Samuel','Manor','Kargbo','male','afa5c88cd2141275d924e55b5425de71.jpg','1998-10-10',0,'2024-05-06 14:43:18','2024-05-06 14:48:50'),(30,54,NULL,'MARIAMA','','KALLAY','female',NULL,'1994-11-30',0,'2024-05-06 16:26:43','2024-05-06 16:26:43'),(31,55,NULL,'Chinedum','Roland','Eke','male',NULL,'1984-05-08',0,'2024-05-08 07:59:47','2024-12-06 15:24:17'),(32,57,NULL,'Ruth','Salma','Kargbo','female','a0d27d985058869c9c7d4b8f747a50bf.jpeg','1999-05-18',0,'2024-05-10 10:55:56','2024-05-10 11:02:11'),(33,58,NULL,'Theresa','','Williams','female','1fed8c84c4636c35cbb50ffb5afff4e1.jpg','1994-04-01',0,'2024-05-10 11:44:43','2024-05-10 11:52:46'),(34,59,NULL,'Isha','Sia','Yongai','female',NULL,'2001-03-15',0,'2024-05-11 20:33:03','2024-05-11 20:33:03'),(35,60,NULL,'Robert','Tamba','Chakanda','male',NULL,'1964-07-25',0,'2024-05-13 08:44:14','2024-05-13 08:44:14'),(36,61,NULL,'Chindum','Roland','Eke','male','49e9118d0fbd5fb1a9fb43f231f860b2.jpg','1998-01-01',1,'2024-05-13 11:05:52','2025-03-05 16:55:48'),(37,62,NULL,'Robert','Anthony Ponga Hindowa','Magbity','male',NULL,'1992-06-13',0,'2024-05-17 10:29:07','2024-05-17 10:29:07'),(38,64,NULL,'Dugba','','Kenneh','male',NULL,'1993-05-07',0,'2024-05-28 12:39:44','2024-05-28 12:39:44'),(39,65,NULL,'Alberta','Mattu','Bonnie','female',NULL,'1994-01-10',0,'2024-05-28 12:40:53','2024-12-06 15:24:17'),(40,68,NULL,'Hawa','','Jalloh','female',NULL,'1998-01-12',0,'2024-05-29 09:54:31','2024-05-29 09:54:31'),(41,69,NULL,'ELIZABETH','Mamie','Monson','female',NULL,'1982-11-17',0,'2024-05-29 10:14:25','2024-05-29 10:14:25'),(42,81,NULL,'Ishmael','','Kargbo','male','683576b513b6e72d44f64e5b2cdc2c38.jpeg','1996-11-19',0,'2024-09-19 17:05:50','2024-09-19 17:08:59'),(43,83,NULL,'Matthew','Gabriel','Diouf','male',NULL,'1995-04-14',1,'2024-10-10 16:41:15','2024-12-07 20:33:47'),(50,96,NULL,'Mohamed','K','Conteh','male',NULL,'1994-11-07',1,'2024-11-27 15:21:08','2025-02-04 15:52:10'),(52,98,NULL,'Rebecca','Faith','Conteh','female',NULL,'1999-10-09',0,'2024-11-28 14:29:30','2024-12-06 15:24:17'),(53,99,NULL,'Dauda','','Kamara','male',NULL,'1996-08-27',0,'2024-11-28 14:56:41','2024-12-06 15:24:17'),(54,100,NULL,'Adizer','Paulina','Tarawallie','female',NULL,'2004-04-18',0,'2024-12-02 18:13:18','2024-12-06 15:24:17'),(55,101,NULL,'Mariama','Manjula','Kallay','female',NULL,'1995-11-30',0,'2024-12-03 13:11:39','2024-12-06 15:24:17'),(56,103,NULL,'Clementina','Kadiatu','Kamara','female',NULL,'1995-11-10',0,'2024-12-03 13:23:59','2024-12-06 15:24:17'),(57,104,NULL,'Isatu','Isatu','Koroma','female',NULL,'1998-06-02',1,'2024-12-03 13:28:37','2024-12-09 17:04:46'),(58,106,NULL,'Kadiatu','Samuela','Koroma','female',NULL,'1998-03-17',0,'2024-12-03 13:29:36','2024-12-06 15:24:17'),(59,107,NULL,'Marina','','Bangura','female',NULL,'2006-10-27',0,'2024-12-03 13:31:20','2024-12-06 15:24:17'),(60,108,NULL,'Grace','Kadiatu','Rogers','female',NULL,'1993-11-18',0,'2024-12-03 13:53:36','2024-12-06 15:24:17'),(61,109,NULL,'Umu','','Bah','female',NULL,'2000-12-25',0,'2024-12-03 22:28:43','2024-12-03 22:28:43'),(62,110,NULL,'Dennis','Dennis','Josiah','male',NULL,'1994-11-03',0,'2024-12-03 22:39:28','2024-12-03 22:39:28'),(63,111,NULL,'Aminata','Dankay','Bundor','female',NULL,'1998-11-28',0,'2024-12-03 22:43:14','2024-12-06 15:24:17'),(64,112,NULL,'SMART','','BRIMA','male',NULL,'1994-01-20',0,'2024-12-04 13:57:39','2024-12-04 13:57:39'),(65,114,NULL,'Kadiatu','Makallay','Kamara','female',NULL,'1996-11-26',0,'2024-12-04 15:45:09','2024-12-04 15:45:09'),(66,115,NULL,'Fofanah','Kadie','Rugiatu','female',NULL,'1992-01-27',0,'2024-12-04 16:51:59','2024-12-06 15:24:17'),(67,118,NULL,'Abu','','Koroma','male',NULL,'1998-06-02',0,'2024-12-04 23:03:47','2024-12-06 15:24:17'),(68,119,NULL,'Blessing','J','Allen','female',NULL,'2006-11-14',0,'2024-12-04 23:35:04','2024-12-06 15:24:17'),(69,121,NULL,'Santigie','Dauda','Koroma','male',NULL,'1995-09-01',0,'2024-12-04 23:52:16','2024-12-06 15:24:17'),(70,120,NULL,'Fatmata','G','Allen','female',NULL,'2005-11-28',0,'2024-12-05 00:50:22','2024-12-06 15:24:17'),(71,122,NULL,'Fallay','Sei','Coomber','male',NULL,'1998-05-30',0,'2024-12-05 16:01:09','2024-12-05 16:01:09'),(72,123,NULL,'Zuliaka','Isha baqir','Sesay','female',NULL,'2003-10-18',0,'2024-12-05 16:03:12','2024-12-05 16:03:12'),(73,124,NULL,'Samuel','','Kamara','male',NULL,'1962-09-14',0,'2024-12-05 19:17:26','2024-12-05 19:17:26'),(74,127,NULL,'AbouBakarr','Tuesmond Amissah','Kamara','male',NULL,'1987-11-15',0,'2024-12-06 10:23:00','2024-12-06 10:23:00'),(75,128,NULL,'Mrs','Adama','TOMMY','female',NULL,'1962-04-02',0,'2024-12-06 10:26:55','2024-12-06 10:26:55'),(76,129,NULL,'Yealie','','Dumbuya','female',NULL,'1995-08-04',0,'2024-12-06 10:37:08','2024-12-06 10:37:08'),(77,130,NULL,'Augustus','','Abdulai','male',NULL,'2005-05-13',0,'2024-12-06 10:53:10','2024-12-06 15:24:17'),(78,131,NULL,'Ibrahim','','Abdulia','male',NULL,'1993-03-09',0,'2024-12-06 11:20:22','2024-12-06 11:20:22'),(79,132,NULL,'Hannah','Baindu','Tommy','female',NULL,'1995-06-09',0,'2024-12-06 11:39:15','2024-12-06 11:39:15'),(80,125,NULL,'Kadiatu','Kandeh','Samura','female',NULL,'2003-07-12',0,'2024-12-06 21:48:55','2024-12-06 21:48:55'),(81,135,NULL,'Emmanuel','','Keifala','male',NULL,'2005-12-26',0,'2024-12-07 10:38:53','2024-12-07 10:38:53'),(82,136,NULL,'Abubakarr','Sidique','Konneh','male',NULL,'1997-01-08',1,'2024-12-07 12:03:40','2024-12-07 12:06:52'),(83,138,NULL,'Jeneba','','Lebbie','female',NULL,'1992-07-28',1,'2024-12-07 17:13:45','2024-12-07 17:35:04'),(84,140,NULL,'Anthony','Patrick','Kanu','male',NULL,'2005-04-11',0,'2024-12-07 20:18:57','2024-12-07 20:20:01'),(85,139,NULL,'Sidratu','Patranella','Panda','female',NULL,'1997-04-15',0,'2024-12-07 20:27:01','2024-12-07 20:27:31'),(86,145,NULL,'Rolandson','Junior','Rhodes','male',NULL,'1975-04-30',0,'2024-12-08 11:59:46','2024-12-08 11:59:46'),(87,146,NULL,'Hawa','Sam','Sam','female',NULL,'1998-04-22',1,'2024-12-08 16:50:19','2024-12-08 16:55:53'),(88,149,NULL,'Ronald','Alhaji','Kanu','male',NULL,'1999-05-01',0,'2024-12-09 14:23:39','2024-12-09 14:23:39'),(92,167,NULL,'Yayah','','Barrie','male','2000713e1c0cea171339a6f920236c9b.jpg','1995-12-27',0,'2025-01-09 10:27:08','2025-01-09 10:29:47'),(93,168,NULL,'Lovette','Glynis','Faux','female',NULL,'1978-02-03',0,'2025-01-09 11:27:37','2025-01-09 11:27:37'),(95,170,NULL,'Albert','','Margai','male',NULL,'1994-01-01',0,'2025-01-09 11:57:27','2025-01-09 11:57:27'),(97,173,NULL,'Foday','Bongo','Kargbo','male',NULL,'1979-09-08',0,'2025-01-09 14:42:36','2025-01-09 14:42:36'),(98,174,NULL,'Aminata','Din','Kargbo','female',NULL,'1994-12-04',0,'2025-01-09 15:24:45','2025-01-09 15:24:45'),(99,175,NULL,'Abubakarr','','Kamara','male',NULL,'1982-03-20',0,'2025-01-09 18:14:06','2025-01-09 18:14:06'),(100,176,NULL,'AbuBakarr','','Kamara','male',NULL,'1982-03-20',0,'2025-01-09 18:27:49','2025-01-09 18:27:49'),(101,177,NULL,'Abdel','Aziz','Swarray-Deen','male',NULL,'2003-02-22',0,'2025-01-09 19:29:42','2025-01-09 19:29:42'),(102,178,NULL,'Abdul','','Kamara','male',NULL,'1958-02-24',0,'2025-01-10 11:47:23','2025-01-10 11:47:23'),(103,180,NULL,'Dennis','','Kargbo','male',NULL,'1995-03-05',0,'2025-01-10 12:10:08','2025-01-10 12:10:08'),(104,181,NULL,'NaDiatu','Kamara','Marah','female',NULL,'1995-10-12',0,'2025-01-10 12:52:10','2025-01-10 12:52:10'),(105,182,NULL,'Yankay','Din','Kargbo','male',NULL,'1989-03-20',0,'2025-01-10 14:27:08','2025-01-10 14:27:08'),(107,184,NULL,'Abdul','Salam','Jah','male',NULL,'1968-02-14',0,'2025-01-10 16:39:32','2025-01-10 16:39:32'),(108,185,NULL,'Augie','','J','male',NULL,'1998-04-30',0,'2025-01-10 20:35:16','2025-01-10 20:35:16'),(109,187,NULL,'Amadu','','Sow','male',NULL,'1996-01-03',0,'2025-01-11 15:57:10','2025-01-11 15:57:56'),(110,188,NULL,'Haja','Fanta','Fofanah','female',NULL,'1996-06-16',0,'2025-01-11 16:56:01','2025-01-11 16:56:01'),(111,189,NULL,'ANITA','ELIYASA','KALLAY','female',NULL,'1998-07-25',0,'2025-01-11 20:34:41','2025-01-11 20:34:41'),(113,191,NULL,'AbuBakarr','','Dumbuya','male',NULL,'1982-09-28',0,'2025-01-12 12:44:34','2025-01-12 12:44:34'),(114,192,NULL,'Sahr','','Kaingbanja','male',NULL,'1989-09-20',0,'2025-01-12 14:20:36','2025-01-12 14:20:36'),(115,193,NULL,'Mariama','Serray','Kamara','female',NULL,'2001-03-03',0,'2025-01-12 16:57:53','2025-01-12 16:57:53'),(116,194,NULL,'Salmata','','Gibril','female',NULL,'1972-10-05',0,'2025-01-12 17:29:25','2025-01-12 17:29:25'),(117,195,NULL,'Sulaiman','','Gibril','male',NULL,'1982-11-14',0,'2025-01-12 17:50:28','2025-01-12 17:50:28'),(118,196,NULL,'Adama','','Deen','female',NULL,'1980-09-27',0,'2025-01-12 22:11:19','2025-01-12 22:11:19'),(120,199,NULL,'Unisa','','Mansaray','male',NULL,'1971-11-13',0,'2025-01-13 18:07:34','2025-01-13 18:07:34'),(121,200,NULL,'Keifala','','Brama','male','4e978e06f7d11458e8c3529208c87d0f.jpg','1986-02-28',0,'2025-01-13 19:53:26','2025-01-13 19:59:58'),(122,201,NULL,'Kamara','Makallay','Doris','female',NULL,'1996-10-10',0,'2025-01-13 20:49:28','2025-01-13 20:49:28'),(123,203,NULL,'Yusuf','','Turay','male',NULL,'2002-11-11',0,'2025-01-13 21:23:18','2025-01-13 21:23:18'),(124,205,NULL,'Mohamed','Issa','Bangura','male',NULL,'1996-07-17',0,'2025-01-13 22:50:24','2025-01-13 22:50:24'),(126,207,NULL,'Sabiatu','','Jalloh','female',NULL,'1996-09-08',0,'2025-01-14 15:43:14','2025-01-14 15:43:14'),(127,208,NULL,'Peter','John','Kanu','male',NULL,'1973-12-25',0,'2025-01-14 16:07:44','2025-01-14 16:07:44'),(128,209,NULL,'Abdul','Rahman','Kargbo','male',NULL,'1997-07-07',0,'2025-01-14 16:22:13','2025-01-14 16:22:13'),(129,210,NULL,'Isatu','','Jalloh','female',NULL,'2005-03-14',0,'2025-01-14 16:27:24','2025-01-14 16:27:24'),(130,211,NULL,'Aminata','Samuel','Turay','female',NULL,'1991-03-03',0,'2025-01-14 16:35:47','2025-01-14 16:35:47'),(131,212,NULL,'Nenneh','Osmani','Bah','female',NULL,'1976-05-16',0,'2025-01-14 17:26:35','2025-01-14 17:26:35'),(132,213,NULL,'Solomon','S.N.','Bangura','male',NULL,'1995-11-20',0,'2025-01-14 18:21:37','2025-01-14 18:21:37'),(133,214,NULL,'Sorie','','Bangura','male',NULL,'1991-10-03',0,'2025-01-14 18:39:14','2025-01-14 18:39:14'),(134,215,NULL,'Saidu','','Samura','male',NULL,'1990-10-09',0,'2025-01-14 18:57:46','2025-01-14 18:57:46'),(135,220,NULL,'Fofanah','Kadie','Rugiatu','female',NULL,'1992-01-27',0,'2025-01-14 20:14:46','2025-01-14 20:14:46'),(136,221,NULL,'Mohamed','','Folorunso','male',NULL,'1991-12-12',0,'2025-01-15 10:38:07','2025-01-15 10:38:07'),(137,222,NULL,'Hawa','','Bah','female',NULL,'1998-12-28',1,'2025-01-15 14:16:09','2025-01-17 09:08:09'),(138,223,NULL,'AbouBakarr','Amissah','Tuesmond Kamara','male',NULL,'1987-11-15',0,'2025-01-16 09:16:26','2025-01-16 09:16:26'),(139,224,NULL,'Umaru','','Thoronka','male',NULL,'1988-05-11',0,'2025-01-16 09:43:59','2025-01-16 09:43:59'),(140,225,NULL,'Mariama','','Jalloh','female',NULL,'1997-02-08',0,'2025-01-16 10:08:04','2025-01-16 10:08:04'),(141,226,NULL,'Fatmata','Swuad','Bah','female',NULL,'1980-07-06',0,'2025-01-16 12:43:05','2025-01-16 12:43:05'),(142,228,NULL,'Aminata','','Kamara','female',NULL,'1977-06-15',0,'2025-01-16 13:09:56','2025-01-16 13:09:56'),(143,230,NULL,'Akimtola','Rashid','Folorunso','male',NULL,'1994-04-25',0,'2025-01-16 13:32:54','2025-01-16 13:32:54'),(144,231,NULL,'Marie','Rose','Conteh','female',NULL,'1997-01-27',0,'2025-01-16 16:20:31','2025-01-16 16:20:31'),(145,232,NULL,'Gibrilla','','Koroma','male',NULL,'1977-03-12',0,'2025-01-16 17:13:33','2025-01-16 17:13:33'),(146,233,NULL,'Bockarie','','Kamara','male',NULL,'1987-07-19',0,'2025-01-16 17:25:05','2025-01-16 17:25:05'),(147,235,NULL,'Posseh','Din','Kargbo','female',NULL,'1987-10-15',0,'2025-01-16 20:49:26','2025-01-16 20:49:26'),(148,237,NULL,'Abubakarr','Raymon','Kamara','male',NULL,'1998-04-09',0,'2025-01-17 11:59:48','2025-01-17 11:59:48'),(149,238,NULL,'Abu Bakarr','','Bangura','male',NULL,'1996-08-12',0,'2025-01-17 12:11:09','2025-01-17 12:11:09'),(150,240,NULL,'Kadijatu','Aminata','Kamara','female',NULL,'2001-12-26',0,'2025-01-17 13:22:47','2025-01-17 13:22:47'),(151,241,NULL,'Hawanatu','','Kallay','female',NULL,'2002-06-09',0,'2025-01-17 13:33:05','2025-01-17 13:33:05'),(152,244,NULL,'Salamatu','','Tanga','male',NULL,'1997-11-25',0,'2025-01-17 14:07:38','2025-01-17 14:07:38'),(153,245,NULL,'Aminata','','Samura','female',NULL,'1997-05-12',0,'2025-01-17 14:24:04','2025-01-17 14:24:04'),(154,247,NULL,'Asmaru','','Barrie','female',NULL,'1989-12-07',0,'2025-01-17 17:15:58','2025-01-17 17:15:58'),(155,248,NULL,'Mariama','','George','female',NULL,'2002-03-31',0,'2025-01-17 17:22:03','2025-01-17 17:22:03'),(156,249,NULL,'Sow','Momodou','Aissatou','female',NULL,'2004-04-02',0,'2025-01-18 15:57:42','2025-01-18 15:57:42'),(157,250,NULL,'Samura','Mohamed','Mariama','female',NULL,'1999-08-30',0,'2025-01-18 16:08:26','2025-01-18 16:08:26'),(158,255,NULL,'Conteh','','Abu','male',NULL,'1994-01-10',0,'2025-01-18 20:15:37','2025-01-18 20:15:37'),(159,256,NULL,'Alie','Oscar','Koroma','male',NULL,'1998-12-24',0,'2025-01-18 21:06:56','2025-01-18 21:06:56'),(160,258,NULL,'Manty','Kelsina','Sesay','female',NULL,'1998-06-18',0,'2025-01-18 22:12:23','2025-01-18 22:12:23'),(161,259,NULL,'Amadu','','Kamara','male',NULL,'2001-04-27',0,'2025-01-18 22:25:39','2025-01-18 22:25:39'),(162,261,NULL,'Umar','Alhaji','Kamara','male',NULL,'2000-04-09',0,'2025-01-19 07:30:43','2025-01-19 07:30:43'),(163,263,NULL,'????????','','????????','male',NULL,'2001-04-07',0,'2025-01-19 11:20:21','2025-01-19 11:20:21'),(164,264,NULL,'Nanneh','','Turay','female',NULL,'2000-11-17',0,'2025-01-19 11:23:31','2025-01-19 11:23:31'),(165,265,NULL,'Kadiatu','','Kamara','female',NULL,'1997-11-08',0,'2025-01-19 11:37:45','2025-01-19 11:37:45'),(166,266,NULL,'Abu','Bakarr','Bangura','male',NULL,'1993-09-20',0,'2025-01-19 12:00:44','2025-01-19 12:00:44'),(167,267,NULL,'Aminata','','Kallon','female',NULL,'2002-07-19',0,'2025-01-19 13:34:38','2025-01-19 13:34:38'),(168,272,NULL,'Sow','Binta','Isatu','female',NULL,'1983-01-28',0,'2025-01-19 20:36:01','2025-01-19 20:36:01'),(169,275,NULL,'Gibril','','Koroma','male',NULL,'2004-08-22',0,'2025-01-19 21:26:00','2025-01-19 21:26:00'),(170,276,NULL,'Abu','Bakarr','Koroma','male',NULL,'2003-07-07',0,'2025-01-19 21:33:16','2025-01-19 21:33:16'),(171,278,NULL,'Ibrahim','','Matthew','male',NULL,'1998-12-24',0,'2025-01-20 00:09:51','2025-01-20 00:09:51'),(172,280,NULL,'Alusine','','Alpha','male',NULL,'1992-01-01',0,'2025-01-20 10:45:54','2025-01-20 10:45:54'),(173,284,NULL,'Arthur','','Dumbuya','male',NULL,'1997-07-11',0,'2025-01-20 12:35:19','2025-01-20 12:35:19'),(174,285,NULL,'Fanta','','Jalloh','female',NULL,'2002-05-09',0,'2025-01-20 15:01:39','2025-01-20 15:01:39'),(175,286,NULL,'James','Bob','Lahai','male',NULL,'1999-02-03',0,'2025-01-20 15:16:43','2025-01-20 15:16:43'),(176,288,NULL,'Michael','','Kamara','male',NULL,'1991-11-15',0,'2025-01-20 15:35:53','2025-01-20 15:35:53'),(177,289,NULL,'Kabba','','Sesay','male',NULL,'2001-06-17',0,'2025-01-20 15:42:49','2025-01-20 15:42:49'),(178,290,NULL,'Abdul','Kosombo','Bangura','male',NULL,'2004-05-22',0,'2025-01-20 15:56:19','2025-01-20 15:56:19'),(179,292,NULL,'Abdulai','Skmei','Jalloh','male',NULL,'1991-11-15',0,'2025-01-20 18:43:21','2025-01-20 18:43:21'),(180,294,NULL,'Joezzer','','Oldfield','male',NULL,'1994-11-20',0,'2025-01-20 18:45:06','2025-01-20 18:45:06'),(181,295,NULL,'Aminata','','Kamara','female',NULL,'2004-04-19',0,'2025-01-20 19:11:21','2025-01-20 19:11:21'),(182,296,NULL,'Moses','M.','Combay','male',NULL,'2000-02-09',0,'2025-01-20 19:46:33','2025-01-20 19:46:33'),(183,297,NULL,'Christiana','Yealie','Mansaray','female',NULL,'1995-09-04',0,'2025-01-20 22:12:16','2025-01-20 22:12:16'),(184,298,NULL,'Umu','Hawa','Munu','female',NULL,'2000-09-21',0,'2025-01-20 23:16:16','2025-01-20 23:16:16'),(185,299,NULL,'Ahmed Imran','Fansco','Kamara','male',NULL,'2004-12-27',0,'2025-01-20 23:28:41','2025-01-20 23:28:41'),(186,301,NULL,'Ibrahim','Sorie','Sowe','male',NULL,'1998-01-06',0,'2025-01-20 23:38:33','2025-01-20 23:38:33'),(187,300,NULL,'Fatmata','Gold','Munu','female',NULL,'1999-07-20',0,'2025-01-20 23:39:31','2025-01-20 23:39:31'),(188,302,NULL,'Ernest','','Kamara','male',NULL,'1957-04-13',0,'2025-01-21 07:33:59','2025-01-21 07:33:59'),(189,303,NULL,'Anthonette','Sam','Sam','female',NULL,'1999-12-21',0,'2025-01-21 08:36:47','2025-01-21 08:36:47'),(190,304,NULL,'Miafi','','Bockarie','female',NULL,'1992-01-21',0,'2025-01-21 09:51:43','2025-01-21 09:51:43'),(191,305,NULL,'Mohamed','','Samura','male',NULL,'1991-03-02',0,'2025-01-21 09:58:20','2025-01-21 09:58:20'),(192,306,NULL,'Lamin','','Bangura','male',NULL,'1994-08-04',0,'2025-01-21 10:18:00','2025-01-21 10:18:00'),(193,307,NULL,'Hawa','Sam','Sam','female',NULL,'1988-04-21',0,'2025-01-21 10:40:51','2025-01-21 10:40:51'),(194,308,NULL,'Fatmata','','Munu','female',NULL,'2005-07-20',0,'2025-01-21 11:23:19','2025-01-21 11:23:19'),(195,309,NULL,'Ernest','','Kesi','male',NULL,'2001-07-21',0,'2025-01-21 13:06:50','2025-01-21 13:06:50'),(196,310,NULL,'Jeneba','Hawa','Kamara','female',NULL,'2000-06-30',0,'2025-01-21 13:30:17','2025-01-21 13:30:17'),(197,311,NULL,'Khadijah','Esther','Rogers','female',NULL,'1998-10-28',0,'2025-01-21 14:34:04','2025-01-21 14:34:04'),(198,312,NULL,'Unisa','','Kamara','male',NULL,'1974-10-25',0,'2025-01-21 14:43:54','2025-01-21 14:43:54'),(199,313,NULL,'Mabel','','Kargbo','female',NULL,'1980-10-21',0,'2025-01-21 14:49:13','2025-01-21 14:49:13'),(200,314,NULL,'Isatu','','Bangura','female',NULL,'1981-10-14',0,'2025-01-21 14:56:17','2025-01-21 14:56:17'),(201,316,NULL,'Abdulai','','Barrie','male',NULL,'1987-05-21',0,'2025-01-21 15:33:17','2025-01-21 15:33:17'),(202,318,NULL,'Alusine','A','Kamara','male',NULL,'2004-11-29',0,'2025-01-21 16:14:59','2025-01-21 16:14:59'),(203,319,NULL,'Fatima','','Kamara','female',NULL,'1983-05-20',0,'2025-01-21 17:42:32','2025-01-21 17:42:32'),(204,320,NULL,'Samura','Momodou','Isatu','female',NULL,'2002-07-25',0,'2025-01-21 19:29:11','2025-01-21 19:29:11'),(205,321,NULL,'Rogers','Tommy','Mariatu','female',NULL,'1992-03-04',0,'2025-01-22 09:01:08','2025-01-22 09:01:08'),(206,324,NULL,'Mohamed','Muktarr','Bah','male',NULL,'1995-03-26',0,'2025-01-22 13:15:16','2025-01-22 13:15:16'),(207,325,NULL,'Sento','','Sesay','female',NULL,'2005-03-08',0,'2025-01-22 15:10:50','2025-01-22 15:10:50'),(208,326,NULL,'Julius','Emmanuel','Harding','male',NULL,'1997-09-07',0,'2025-01-22 23:00:36','2025-01-22 23:00:36'),(209,327,NULL,'Bundu','Samuel','Kadiatu','female',NULL,'1995-02-14',0,'2025-01-23 13:19:50','2025-01-23 13:19:50'),(210,329,NULL,'Kargbo','','Emmanuel','male',NULL,'1991-01-23',0,'2025-01-23 13:39:12','2025-01-23 13:39:12'),(211,330,NULL,'Aminata','Hannah','Sesay','female',NULL,'1995-02-06',0,'2025-01-23 19:03:42','2025-01-23 19:03:42'),(212,332,NULL,'Mariama','','Luq man','female',NULL,'2006-04-06',0,'2025-01-23 20:32:05','2025-01-23 20:32:05'),(213,333,NULL,'Posseh','Din','Kargbo','female',NULL,'1987-10-15',0,'2025-01-23 20:38:02','2025-01-23 20:38:02'),(214,334,NULL,'Zainab','Bakie','Jah','female',NULL,'2000-09-08',0,'2025-01-23 20:46:01','2025-01-23 20:46:01'),(216,337,NULL,'Marion','Blessing','Conteh','female',NULL,'2003-06-12',0,'2025-01-24 07:59:26','2025-01-24 07:59:26'),(217,338,NULL,'Mohamed','','Kabba','male',NULL,'2004-05-15',0,'2025-01-24 08:03:02','2025-01-24 08:03:02'),(218,339,NULL,'Grace','Animata','Conteh','female',NULL,'2005-10-03',0,'2025-01-24 08:19:13','2025-01-24 08:19:13'),(219,341,NULL,'Valentina','Hussainatu','Kamara','female',NULL,'2005-02-14',0,'2025-01-24 10:16:19','2025-01-24 10:16:19'),(220,342,NULL,'Kamara','','Ishmael','male',NULL,'1989-01-24',0,'2025-01-24 10:36:07','2025-01-24 10:36:07'),(221,344,NULL,'Ishmael','','Sanu','male',NULL,'2003-05-13',0,'2025-01-24 11:47:41','2025-01-24 11:47:41'),(222,345,NULL,'Dankay','','Dainkeh','female',NULL,'2003-02-12',0,'2025-01-24 11:47:56','2025-01-24 11:47:56'),(223,346,NULL,'Mariama','Salieu','Bah','female',NULL,'2002-08-07',0,'2025-01-24 12:01:23','2025-01-24 12:01:23'),(224,347,NULL,'Isata','','Bangura','female',NULL,'1997-06-20',0,'2025-01-24 13:56:46','2025-01-24 13:56:46'),(225,350,NULL,'Marah','Mohamed','Fatmata','female',NULL,'1986-02-28',0,'2025-01-24 14:40:44','2025-01-24 14:40:44'),(226,351,NULL,'Juliet','Deborah','Caulker','female',NULL,'1997-07-19',0,'2025-01-24 14:56:26','2025-01-24 14:56:26'),(227,352,NULL,'Fatima','','Kamara','female',NULL,'1996-01-25',0,'2025-01-24 14:56:58','2025-01-24 14:56:58'),(228,353,NULL,'William','','During','male',NULL,'1996-03-03',0,'2025-01-24 16:40:48','2025-01-24 16:40:48'),(229,354,NULL,'Mohamed','Amara','Turay','male',NULL,'2000-06-29',0,'2025-01-24 17:12:49','2025-01-24 17:12:49'),(230,355,NULL,'Alfred','','Conteh','male',NULL,'1985-05-15',0,'2025-01-24 17:21:51','2025-01-24 17:21:51'),(231,356,NULL,'Aminata','','Bangura','female',NULL,'1996-04-25',0,'2025-01-24 17:51:18','2025-01-24 17:51:18'),(232,357,NULL,'Aminata','','Sesay','female',NULL,'1998-03-18',0,'2025-01-24 17:58:41','2025-01-24 17:58:41'),(233,358,NULL,'Amara','','Kabba','male',NULL,'1985-07-27',0,'2025-01-24 18:05:10','2025-01-24 18:05:10'),(234,359,NULL,'Sullay','','Turay','male',NULL,'1993-03-24',0,'2025-01-24 18:06:18','2025-01-24 18:06:18'),(235,360,NULL,'Aliama','','Wilcox','male',NULL,'1996-01-31',0,'2025-01-24 18:24:45','2025-01-24 18:24:45'),(236,362,NULL,'Alie','','Conteh','male',NULL,'1992-01-14',0,'2025-01-24 18:31:33','2025-01-24 18:31:33'),(237,361,NULL,'Mohamed','Bashiru','Bello','male',NULL,'1983-01-15',0,'2025-01-24 18:31:45','2025-01-24 18:31:45'),(238,363,NULL,'Jemma','','Sesay','female',NULL,'1998-01-14',0,'2025-01-24 18:51:10','2025-01-24 18:51:10'),(239,365,NULL,'Yabom','','Kamara','female',NULL,'1994-12-14',0,'2025-01-24 18:57:21','2025-01-24 18:57:21'),(240,366,NULL,'Marie','','Eddie','female',NULL,'1994-06-23',0,'2025-01-24 19:02:07','2025-01-24 19:02:07'),(241,367,NULL,'Sallay','','Mansaray','female',NULL,'1991-05-23',0,'2025-01-24 19:08:03','2025-01-24 19:08:03'),(242,372,NULL,'Sullayman','','Kargbo','male',NULL,'1997-12-24',0,'2025-01-24 20:07:49','2025-01-24 20:07:49'),(243,373,NULL,'Fatima','','Kamara','female',NULL,'1972-01-15',0,'2025-01-24 20:25:09','2025-01-24 20:25:09'),(244,374,NULL,'Fatima','','Kamara','female',NULL,'1982-01-21',0,'2025-01-24 20:32:00','2025-01-24 20:32:00'),(245,375,NULL,'Alusine','','Kamara','male',NULL,'1994-01-17',0,'2025-01-24 20:39:09','2025-01-24 20:39:09'),(246,376,NULL,'Aminata','','Conteh','female',NULL,'1991-12-19',0,'2025-01-24 20:47:27','2025-01-24 20:47:27'),(247,378,NULL,'Mohamed','Siray','Bah','male',NULL,'2000-12-10',0,'2025-01-24 20:58:59','2025-01-24 20:58:59'),(248,380,NULL,'Mohamed','Ramadan','Samura','male',NULL,'2000-12-06',0,'2025-01-25 10:45:46','2025-01-25 10:45:46'),(249,382,NULL,'Nathaniel','Rachel','Dunn','female',NULL,'1989-07-07',0,'2025-01-25 14:26:26','2025-01-25 14:26:26'),(250,384,NULL,'Mariama','','Sesay','female',NULL,'2001-04-11',0,'2025-01-25 17:17:20','2025-01-25 17:17:20'),(251,385,NULL,'Mariama','','Sesay','female',NULL,'1998-04-10',0,'2025-01-25 17:23:14','2025-01-25 17:23:14'),(252,386,NULL,'Zack','','Allen','male',NULL,'1972-03-23',0,'2025-01-26 10:58:17','2025-01-26 10:58:17'),(253,387,NULL,'Sudian','Baby','Morseray','female',NULL,'2006-01-31',0,'2025-01-26 19:23:11','2025-01-26 19:23:11'),(254,388,NULL,'Kumba','','Momoh','female',NULL,'2006-06-25',0,'2025-01-26 19:33:21','2025-01-26 19:33:21'),(255,389,NULL,'Grace','M','Tengbeh','female',NULL,'2005-12-09',1,'2025-01-26 19:44:29','2025-01-26 19:49:42'),(256,390,NULL,'Kamara','','Sallay','female',NULL,'2005-03-04',0,'2025-01-26 20:55:08','2025-01-26 20:55:08'),(257,391,NULL,'Alhaji','','Bangura','male',NULL,'1998-09-29',0,'2025-01-27 00:06:39','2025-01-27 00:06:39'),(258,392,NULL,'Mohamed','Bah','Bah','male',NULL,'1988-09-10',0,'2025-01-27 17:50:36','2025-01-27 17:50:36'),(259,393,NULL,'Conteh','Tiabie','Faith','female',NULL,'2003-07-08',0,'2025-01-27 22:21:34','2025-01-27 22:21:34'),(260,394,NULL,'Amina','Finda','Kabba','female',NULL,'1998-03-22',0,'2025-01-27 22:36:46','2025-01-27 22:36:46'),(261,395,NULL,'Kamara','','Kadiatu','female',NULL,'1989-04-26',0,'2025-01-28 07:32:58','2025-01-28 07:32:58'),(262,396,NULL,'Fatmata','Sidrecca','Kallon','female',NULL,'1997-12-25',0,'2025-01-28 09:52:48','2025-01-28 09:52:48'),(263,401,NULL,'Grace','Jarria','Bangura','female',NULL,'1996-02-01',1,'2025-01-28 12:13:55','2025-01-28 12:52:50'),(264,402,NULL,'EMMANUEL','BLESSING','BANGURA','male',NULL,'2003-06-07',0,'2025-01-28 12:27:26','2025-01-28 12:27:26'),(265,403,NULL,'Fawundu','','Fawundu','male',NULL,'1997-08-10',0,'2025-01-28 15:18:41','2025-01-28 15:18:41'),(266,404,NULL,'Abdallah','','Abdallah','male',NULL,'1997-08-10',0,'2025-01-28 15:22:21','2025-01-28 15:22:21'),(267,405,NULL,'Jalikatu','','Brima','female',NULL,'2003-11-08',0,'2025-01-28 15:25:58','2025-01-28 15:25:58'),(268,406,NULL,'Susan','Sarah','Lebbie','female',NULL,'2001-10-15',0,'2025-01-28 15:28:35','2025-01-28 15:28:35'),(269,407,NULL,'Madina','','Madina','female',NULL,'1996-06-25',0,'2025-01-28 15:29:31','2025-01-28 15:29:31'),(270,408,NULL,'Lydia','Kadir','Tucker','female',NULL,'2002-10-05',0,'2025-01-28 15:40:01','2025-01-28 15:40:01'),(271,409,NULL,'Bash','','Kamara','female',NULL,'2004-11-07',0,'2025-01-28 15:50:21','2025-01-28 15:50:21'),(272,410,NULL,'Shilla','','Reffell','female',NULL,'1995-06-23',0,'2025-01-28 16:32:20','2025-01-28 16:32:20'),(273,411,NULL,'Sia','','Sia','female',NULL,'1999-07-28',0,'2025-01-28 16:38:14','2025-01-28 16:38:14'),(274,412,NULL,'Christopher','','Samai','male',NULL,'2003-10-16',0,'2025-01-28 21:23:55','2025-01-28 21:23:55'),(275,399,NULL,'Kadija','','Kamara','female',NULL,'1999-05-25',0,'2025-01-29 10:46:46','2025-01-29 10:46:46'),(276,415,NULL,'Tiange','','Foday','female',NULL,'1998-02-10',0,'2025-01-29 12:14:41','2025-01-29 12:14:41'),(277,416,NULL,'Esther','Admire','Sesay','female',NULL,'1992-05-15',0,'2025-01-29 18:13:22','2025-01-29 18:13:22'),(278,418,NULL,'Kadiatu','','Kamara','female',NULL,'1981-04-29',0,'2025-01-29 21:51:19','2025-01-29 21:51:19'),(279,419,NULL,'Uncle','','Mohamed','male',NULL,'1996-08-03',0,'2025-01-29 21:58:14','2025-01-29 21:58:14'),(280,420,NULL,'Kumba','','Fasuluku','female',NULL,'1992-05-20',0,'2025-01-29 22:03:26','2025-01-29 22:03:26'),(281,421,NULL,'Fatmata','S','Bangura','female','7831f1722c5abc994625586af74e89e6.jpeg','1979-06-25',0,'2025-01-29 22:09:29','2025-01-29 22:30:57'),(282,422,NULL,'Fayia','E','Kendema','male',NULL,'2003-04-25',0,'2025-01-29 22:37:55','2025-01-29 22:37:55'),(283,424,NULL,'Kallon','Baindu','Alice','female',NULL,'2005-12-03',0,'2025-01-30 11:55:17','2025-01-30 11:55:17'),(284,425,NULL,'Sesay','','Angella','female',NULL,'2001-12-10',0,'2025-01-30 12:01:40','2025-01-30 12:01:40'),(285,426,NULL,'Fatmata','Mohamed','Sesay','female',NULL,'2000-12-10',0,'2025-01-30 12:12:22','2025-01-30 12:12:22'),(286,427,NULL,'Dumbuya','','Fatu','female',NULL,'2000-03-30',0,'2025-01-30 12:17:45','2025-01-30 12:17:45'),(287,428,NULL,'Idrissa','','Kamara','male',NULL,'1994-10-10',0,'2025-01-30 14:11:09','2025-01-30 14:11:09'),(288,430,NULL,'Mohamed','','Yousuf','male',NULL,'2004-05-10',0,'2025-01-30 14:20:38','2025-01-30 14:20:38'),(289,431,NULL,'Mohamed','','Alpha','male',NULL,'1992-04-22',0,'2025-01-30 14:26:07','2025-01-30 14:26:07'),(290,432,NULL,'Alie','','Julius','male',NULL,'1986-08-30',0,'2025-01-30 14:33:05','2025-01-30 14:33:05'),(291,433,NULL,'Osman','','Kanu','male',NULL,'2006-03-10',0,'2025-01-30 14:43:48','2025-01-30 14:43:48'),(292,434,NULL,'Mohamed','S','Kabia','male',NULL,'1998-10-04',0,'2025-01-30 14:47:09','2025-01-30 14:47:09'),(293,435,NULL,'Sulaiman','Saida','Barrie','male',NULL,'1999-04-01',0,'2025-01-30 14:54:28','2025-01-30 14:54:28'),(294,436,NULL,'Alhaji','Mohamed','Kamara','male',NULL,'2000-01-11',0,'2025-01-30 14:58:38','2025-01-30 14:58:38'),(295,437,NULL,'Mohamed','Santigie','Kamara','male',NULL,'2003-01-01',0,'2025-01-30 15:04:10','2025-01-30 15:04:10'),(296,438,NULL,'Andrew','','Kamara','male',NULL,'1989-09-17',0,'2025-01-30 15:18:09','2025-01-30 15:18:09'),(297,439,NULL,'Alimamy','','Kamara','male',NULL,'2001-10-25',0,'2025-01-30 15:20:31','2025-01-30 15:20:31'),(298,440,NULL,'Isatu','B','Kargbo','female',NULL,'1998-03-14',0,'2025-01-30 15:23:22','2025-01-30 15:23:22'),(299,442,NULL,'Adama','O','Bangura','female',NULL,'1999-08-30',0,'2025-01-30 15:31:10','2025-01-30 15:31:10'),(300,443,NULL,'Alimatu','Alhaji','Koroma','female',NULL,'1998-05-16',0,'2025-01-30 15:35:27','2025-01-30 15:35:27'),(301,444,NULL,'Sonny','Albert','Kargbo','male',NULL,'1992-10-31',0,'2025-01-30 15:52:26','2025-01-30 15:52:26'),(302,445,NULL,'Simeon','Borbor','Mansaray','male',NULL,'1990-05-09',0,'2025-01-30 15:57:05','2025-01-30 15:57:05'),(303,446,NULL,'Ranatu','Kemokoh','Sesay','female',NULL,'2005-06-20',0,'2025-01-30 16:03:23','2025-01-30 16:03:23'),(304,447,NULL,'Aminata','','Kamara','female',NULL,'1977-11-03',0,'2025-01-30 19:17:16','2025-01-30 19:17:16'),(305,450,NULL,'Mohamed','Kabba','Samura','male',NULL,'2001-07-29',0,'2025-01-30 20:04:06','2025-01-30 20:04:06'),(306,452,NULL,'Sow','','Fatmata','female',NULL,'1988-01-31',0,'2025-01-31 10:49:56','2025-01-31 10:49:56'),(307,453,NULL,'Kargbo','','Isha','female',NULL,'2005-04-01',0,'2025-01-31 11:22:56','2025-01-31 11:22:56'),(308,454,NULL,'Kargbo','','Umu','female',NULL,'2003-02-22',0,'2025-01-31 11:28:22','2025-01-31 11:28:22'),(309,456,NULL,'Ramatu','Bob','Conteh','female',NULL,'2001-12-29',0,'2025-01-31 12:04:24','2025-01-31 12:04:24'),(310,457,NULL,'Mohamed','Bonten','Conteh','male',NULL,'2005-05-30',0,'2025-01-31 13:39:45','2025-01-31 13:39:45'),(311,461,NULL,'Mohamed','Muckson','Sesay','male',NULL,'1992-04-07',1,'2025-01-31 15:29:47','2025-02-02 12:11:59'),(312,462,NULL,'Hadiru','Deen','Gibril','male',NULL,'1969-01-04',0,'2025-01-31 21:03:03','2025-01-31 21:03:03'),(313,463,NULL,'Theresa','Titi','Sankoh','female',NULL,'1970-10-10',0,'2025-02-01 13:37:21','2025-02-01 13:37:21'),(314,464,NULL,'Ramatu','','Jah','female',NULL,'1987-01-10',0,'2025-02-01 13:44:47','2025-02-01 13:44:47'),(315,465,NULL,'Theresa','','Kamara','female',NULL,'2006-03-26',0,'2025-02-01 13:50:44','2025-02-01 13:50:44'),(316,466,NULL,'Yussfu','K','Koroma','female',NULL,'1980-04-18',0,'2025-02-01 14:06:25','2025-02-01 14:06:25'),(317,467,NULL,'Adama','J','Koroma','female',NULL,'1995-09-26',0,'2025-02-01 14:12:06','2025-02-01 14:12:06'),(318,468,NULL,'Sento','','Kamara','female',NULL,'1986-04-02',0,'2025-02-01 14:21:53','2025-02-01 14:21:53'),(319,469,NULL,'Kadijah','','Sesay','female',NULL,'1955-04-13',0,'2025-02-01 14:34:28','2025-02-01 14:34:28'),(320,471,NULL,'Ibrahim','','Kargbo','male',NULL,'1999-05-11',0,'2025-02-01 15:46:26','2025-02-01 15:46:26'),(321,472,NULL,'Ismatu','Umar','Kargbo','female',NULL,'2002-05-22',0,'2025-02-01 16:37:57','2025-02-01 16:37:57'),(322,473,NULL,'Fatmata','','Barrie','female',NULL,'1995-05-23',0,'2025-02-01 16:44:22','2025-02-01 16:44:22'),(323,474,NULL,'Osman','Din','Kargbo','male',NULL,'1984-11-19',0,'2025-02-01 22:19:05','2025-02-01 22:19:05'),(324,475,NULL,'Abdul Gadiru','Abdul Gadiru','Bah','male',NULL,'2003-03-18',0,'2025-02-01 22:35:07','2025-02-01 22:35:07'),(325,477,NULL,'Jalloh','Salma','Saffie','female',NULL,'2006-05-11',0,'2025-02-02 09:58:56','2025-02-02 09:58:56'),(326,481,NULL,'Bangura','','Mariatu','female',NULL,'1995-05-10',0,'2025-02-02 13:19:07','2025-02-02 13:19:07'),(327,482,NULL,'Sesay','','Marie','female',NULL,'2000-02-02',0,'2025-02-02 13:47:33','2025-02-02 13:47:33'),(328,484,NULL,'Musa','','Suma','male',NULL,'1992-04-16',0,'2025-02-03 09:31:01','2025-02-03 09:31:01'),(329,485,NULL,'Fatmata','','Sowa','female',NULL,'1997-09-28',0,'2025-02-03 09:53:14','2025-02-03 09:53:14'),(330,487,NULL,'Alpha','','Conteh','male',NULL,'1992-12-23',0,'2025-02-03 13:56:59','2025-02-03 13:56:59'),(331,486,NULL,'Kadiatu','','Koroma','female',NULL,'1999-10-13',0,'2025-02-03 14:01:18','2025-02-03 14:01:18'),(332,489,NULL,'Dankay','','Jusu','female',NULL,'1999-01-01',0,'2025-02-03 14:09:37','2025-02-03 14:09:37'),(333,490,NULL,'Genesis','','Kamara','male',NULL,'2001-05-21',0,'2025-02-03 15:24:05','2025-02-03 15:24:05'),(334,492,NULL,'Adama','','Kamara','female',NULL,'2002-02-27',0,'2025-02-03 17:23:25','2025-02-03 17:23:25'),(335,493,NULL,'Jalloh','','Kadija','female',NULL,'2000-02-14',0,'2025-02-03 17:40:06','2025-02-03 17:40:06'),(336,494,NULL,'Nancy','','Conteh','female',NULL,'2003-07-08',0,'2025-02-03 17:41:09','2025-02-03 17:41:09'),(337,495,NULL,'Kamara','','Sheaka','male',NULL,'2001-04-27',0,'2025-02-03 17:47:25','2025-02-03 17:47:25'),(338,496,NULL,'Keifala','','Briama','male',NULL,'1996-01-04',0,'2025-02-03 17:48:28','2025-02-03 17:48:28'),(339,497,NULL,'Alpha','Umaru','Shaw','male',NULL,'1995-12-18',0,'2025-02-04 07:21:39','2025-02-04 07:21:39'),(340,498,NULL,'Abu','Bakarr','Kamara','male',NULL,'2003-03-15',0,'2025-02-04 08:33:37','2025-02-04 08:33:37'),(341,499,NULL,'Alhaji','M','Keita','male',NULL,'1996-08-15',0,'2025-02-04 08:39:25','2025-02-04 08:39:25'),(342,500,NULL,'Suliaman','','Kargbo','male',NULL,'1983-03-20',0,'2025-02-04 08:49:28','2025-02-04 08:49:28'),(343,501,NULL,'Mohamed','Mamud','Bangura','male',NULL,'2003-09-21',0,'2025-02-04 13:16:22','2025-02-04 13:16:22'),(344,503,NULL,'Isatu','K','Kamara','male',NULL,'2000-11-14',0,'2025-02-04 14:12:04','2025-02-04 14:12:04'),(345,504,NULL,'Komba','','Sandy','male',NULL,'1987-10-20',0,'2025-02-04 14:17:40','2025-02-04 14:17:40'),(346,505,NULL,'Finda','Komba','Sandy','female',NULL,'1999-03-08',0,'2025-02-04 14:20:56','2025-02-04 14:20:56'),(347,506,NULL,'Jane','','Mansaray-Pearce','female',NULL,'1999-03-05',0,'2025-02-04 14:23:06','2025-02-04 14:23:06'),(348,507,NULL,'Alhaji','Komba','Sandy','male',NULL,'2001-03-13',0,'2025-02-04 14:25:32','2025-02-04 14:25:32'),(349,508,NULL,'Alhassan','Alhaji','Jalloh','male',NULL,'1995-11-19',0,'2025-02-04 14:48:29','2025-02-04 14:48:29'),(350,509,NULL,'Kadiatu','','Kamara','female',NULL,'1989-05-27',0,'2025-02-04 14:52:49','2025-02-04 14:52:49'),(351,513,NULL,'Chrinsira','','Arkhurst','female',NULL,'1995-10-04',0,'2025-02-04 17:42:35','2025-02-04 17:42:35'),(352,514,NULL,'Josephine','Sallay','Sigbi','female',NULL,'2002-08-13',0,'2025-02-04 17:51:37','2025-02-04 17:51:37'),(353,516,NULL,'Alice','','Koroma','female',NULL,'2001-08-24',0,'2025-02-04 18:19:06','2025-02-04 18:19:06'),(354,518,NULL,'Josephine','Yombo','Kamara','female',NULL,'2003-05-17',0,'2025-02-04 18:41:33','2025-02-04 18:41:33'),(356,522,NULL,'Abu','Musa','Sesay','male',NULL,'2004-02-09',0,'2025-02-05 08:48:55','2025-02-05 08:48:55'),(357,523,NULL,'Abi','O','Kamara','male',NULL,'2006-04-13',0,'2025-02-05 08:52:38','2025-02-05 08:52:38'),(358,524,NULL,'Alhaji','D','Kamara','male',NULL,'2004-04-29',0,'2025-02-05 08:56:33','2025-02-05 08:56:33'),(359,526,NULL,'Aminata','','Sesay','male',NULL,'2003-06-13',0,'2025-02-05 09:01:37','2025-02-05 09:01:37'),(360,528,NULL,'Adama','','Kallon','female',NULL,'2005-10-12',0,'2025-02-05 09:15:27','2025-02-05 09:15:27'),(361,529,NULL,'Kassay','Joseph','Abdulai','male',NULL,'1997-01-20',0,'2025-02-05 09:20:35','2025-02-05 09:20:35'),(362,530,NULL,'Sheka','','Bangura','male',NULL,'2004-08-11',0,'2025-02-05 09:24:51','2025-02-05 09:24:51'),(363,532,NULL,'Messie','Kumba','Tamba','female',NULL,'1998-12-08',0,'2025-02-05 10:03:03','2025-02-05 10:03:03'),(364,533,NULL,'Kamara','','Abass','male',NULL,'1996-02-01',0,'2025-02-05 10:09:08','2025-02-05 10:09:08'),(365,534,NULL,'Mohamed','Bambeh','Dabor','male',NULL,'2002-03-03',0,'2025-02-05 10:18:59','2025-02-05 10:18:59'),(366,535,NULL,'Baimba','','Kargbo','male',NULL,'1996-10-10',0,'2025-02-05 11:04:08','2025-02-05 11:04:08'),(367,536,NULL,'Magdaline','P','Thomas','male',NULL,'2004-11-20',0,'2025-02-05 11:06:17','2025-02-05 11:06:17'),(368,548,NULL,'Kumba','Josphine','Fillie','female',NULL,'2006-02-06',0,'2025-02-05 18:29:22','2025-02-05 18:29:22'),(369,549,NULL,'Saidu','','Conteh','male',NULL,'1999-01-06',0,'2025-02-05 22:17:27','2025-02-05 22:17:27'),(370,550,NULL,'Oscar','Steven','Koroma','male',NULL,'1998-12-24',0,'2025-02-05 22:22:36','2025-02-05 22:22:36'),(371,552,NULL,'Mohamed','','Conteh','male',NULL,'1992-09-25',0,'2025-02-05 22:31:11','2025-02-05 22:31:11'),(372,553,NULL,'Ibrahim','Captain','Koroma','male',NULL,'1999-03-06',0,'2025-02-06 00:02:37','2025-02-06 00:02:37'),(373,555,NULL,'Aminata','M','Turay','male',NULL,'2001-08-13',0,'2025-02-06 10:51:14','2025-02-06 10:51:14'),(374,559,NULL,'Umarr','','Sesay','male',NULL,'2000-04-27',0,'2025-02-06 11:11:21','2025-02-06 11:11:21'),(375,560,NULL,'Hannah','S','Bangura','male',NULL,'1999-12-19',0,'2025-02-06 11:14:24','2025-02-06 11:14:24'),(377,562,NULL,'Abie','','Cole','female',NULL,'2001-02-20',0,'2025-02-06 11:21:48','2025-02-06 11:21:48'),(378,563,NULL,'Keifala','','Bangura','male',NULL,'1997-02-04',0,'2025-02-06 11:31:24','2025-02-06 11:31:24'),(379,565,NULL,'Sia','','Pessima','female',NULL,'2000-12-25',0,'2025-02-06 11:36:46','2025-02-06 11:36:46'),(380,566,NULL,'Musu','','Brama','female',NULL,'2004-04-05',0,'2025-02-06 11:44:40','2025-02-06 11:44:40'),(381,568,NULL,'Alima','Esther','Kamara','female',NULL,'2002-11-03',0,'2025-02-06 12:05:13','2025-02-06 12:05:13'),(382,570,NULL,'Chiny','','Richards','male',NULL,'1973-06-20',0,'2025-02-06 13:22:49','2025-02-06 13:22:49'),(383,571,NULL,'Kadie','','Jalloh','female',NULL,'1980-09-22',0,'2025-02-06 15:53:00','2025-02-06 15:53:00'),(384,574,NULL,'Ishmail','Abdul','Salam','male',NULL,'1993-03-20',0,'2025-02-06 16:18:36','2025-02-06 16:18:36'),(385,576,NULL,'Mohamed','','Bawoh','male',NULL,'1991-09-11',0,'2025-02-06 16:29:20','2025-02-06 16:29:20'),(386,577,NULL,'Charles','Sinneh','Manju','male',NULL,'1988-07-15',0,'2025-02-06 16:41:42','2025-02-06 16:41:42'),(387,578,NULL,'Michael','Hassan','Kamara','male',NULL,'1999-05-21',0,'2025-02-06 16:47:36','2025-02-06 16:47:36'),(388,580,NULL,'Francis','','Kallie','male',NULL,'2005-01-22',0,'2025-02-06 17:32:00','2025-02-06 17:32:00'),(389,579,NULL,'Isha','M','Konuwa','female',NULL,'2006-12-26',0,'2025-02-06 17:34:00','2025-02-06 17:34:00'),(390,586,NULL,'Mohamed','','Conteh','male',NULL,'2002-05-11',0,'2025-02-06 17:51:25','2025-02-06 17:51:25'),(391,589,NULL,'Mabinty','','Sisawo','female',NULL,'1993-07-20',0,'2025-02-06 18:25:10','2025-02-06 18:25:10'),(392,590,NULL,'Olive','Medlive','Bangura','female',NULL,'1993-01-06',0,'2025-02-06 18:37:05','2025-02-06 18:37:05'),(393,592,NULL,'Hawish','','Kallay','female',NULL,'2002-06-09',0,'2025-02-06 18:49:31','2025-02-06 18:49:31'),(394,593,NULL,'Santigie','Mohamed','Dala','male',NULL,'1998-09-04',0,'2025-02-06 19:12:02','2025-02-06 19:12:02'),(395,594,NULL,'Augusta','','Mansaray','female',NULL,'2003-08-07',0,'2025-02-06 19:23:35','2025-02-06 19:23:35'),(396,595,NULL,'Mary','','Kanu','female',NULL,'1999-08-07',0,'2025-02-06 19:37:35','2025-02-06 19:37:35'),(397,596,NULL,'Samuella','Mattu','Yonnie','female',NULL,'2002-07-25',0,'2025-02-06 20:17:27','2025-02-06 20:17:27'),(398,597,NULL,'Lucynda','Sia','Kabia','female',NULL,'2001-02-04',0,'2025-02-06 20:48:59','2025-02-06 20:48:59'),(399,598,NULL,'Ibrahim','','Jalloh','male',NULL,'1998-02-02',0,'2025-02-06 21:00:01','2025-02-06 21:00:01'),(400,599,NULL,'Hawanatu','Azizer','Kanu','female',NULL,'2004-02-03',0,'2025-02-06 21:05:00','2025-02-06 21:05:00'),(401,600,NULL,'Aruna','','Sia','female',NULL,'1991-02-07',0,'2025-02-07 10:06:36','2025-02-07 10:06:36'),(402,601,NULL,'Kamara','','Angella','female',NULL,'2000-03-04',0,'2025-02-07 10:14:35','2025-02-07 10:14:35'),(403,604,NULL,'Kanu','','Alpha','female',NULL,'2001-02-23',0,'2025-02-07 11:29:37','2025-02-07 11:29:37'),(404,605,NULL,'Kanu','','Isatu','female',NULL,'2004-02-29',0,'2025-02-07 11:33:44','2025-02-07 11:33:44'),(405,606,NULL,'Ibrahim','','Jalloh','male',NULL,'1994-08-07',0,'2025-02-07 15:02:35','2025-02-07 15:02:35'),(406,607,NULL,'Adams','','saccoh','male',NULL,'1992-12-01',0,'2025-02-07 15:12:42','2025-02-07 15:12:42'),(407,608,NULL,'Mansaray','Amid','Mariama','female',NULL,'2005-04-16',0,'2025-02-07 20:14:42','2025-02-07 20:14:42'),(408,610,NULL,'Ramata','','Bah','female',NULL,'1991-05-22',0,'2025-02-07 20:27:15','2025-02-07 20:27:15'),(409,609,NULL,'Marion','Mamie','Rogers','female',NULL,'2004-02-16',0,'2025-02-07 20:28:40','2025-02-07 20:28:40'),(410,611,NULL,'Famata','','Kamara','female',NULL,'2002-02-03',0,'2025-02-07 20:47:11','2025-02-07 20:47:11'),(411,612,NULL,'Fatimata','Ibrahim','Kamara','female',NULL,'2005-04-05',0,'2025-02-07 20:51:48','2025-02-07 20:51:48'),(412,614,NULL,'Mary','','Kamara','female',NULL,'1999-02-09',0,'2025-02-08 19:17:18','2025-02-08 19:17:18'),(413,615,NULL,'Sesay','','Thaimu','male',NULL,'1981-03-31',0,'2025-02-08 19:21:53','2025-02-08 19:21:53'),(414,616,NULL,'James','','Sar','male',NULL,'1994-12-20',0,'2025-02-08 19:23:31','2025-02-08 19:23:31'),(415,617,NULL,'Musa','','Koroma','male',NULL,'1998-03-10',0,'2025-02-08 19:27:13','2025-02-08 19:27:13'),(416,618,NULL,'Alpha','','Bah','male',NULL,'2005-07-16',0,'2025-02-08 20:28:31','2025-02-08 20:28:31'),(417,619,NULL,'Augustine','','Koroma','male',NULL,'1993-06-20',0,'2025-02-08 21:47:50','2025-02-08 21:47:50'),(418,620,NULL,'Thaimu','','Kamara','male',NULL,'1998-05-11',0,'2025-02-08 22:49:50','2025-02-08 22:49:50'),(419,622,NULL,'Isata','','Fofanah','female',NULL,'2000-06-12',0,'2025-02-08 23:31:18','2025-02-08 23:31:18'),(420,623,NULL,'Taduba','','Thoronka','female',NULL,'1987-03-13',0,'2025-02-09 15:39:55','2025-02-09 15:39:55'),(421,627,NULL,'Mohamed','Shuaib','Bangura','male',NULL,'1999-05-26',0,'2025-02-10 11:23:15','2025-02-10 11:23:15'),(422,628,NULL,'Sulaiman','Kelfala','Mansary','male',NULL,'1992-08-09',0,'2025-02-10 11:46:50','2025-02-10 11:46:50'),(423,629,NULL,'Samuel','Samuel','lansana','male',NULL,'1995-10-14',0,'2025-02-10 13:04:33','2025-02-10 13:04:33'),(424,630,NULL,'David','D','Kargbo','male',NULL,'1990-06-06',0,'2025-02-10 13:12:17','2025-02-10 13:12:17'),(425,634,NULL,'Maseray','','Kargbo','female',NULL,'1977-08-27',0,'2025-02-10 18:56:11','2025-02-10 18:56:11'),(426,636,NULL,'Gerald','','Dominic','male',NULL,'1993-02-10',0,'2025-02-10 19:11:09','2025-02-10 19:11:09'),(427,637,NULL,'Isatu','','Koroma','female',NULL,'1980-03-12',0,'2025-02-10 19:48:52','2025-02-10 19:48:52'),(428,638,NULL,'Bockarie','','Kallon','male',NULL,'2003-02-08',0,'2025-02-11 10:55:39','2025-02-11 10:55:39'),(429,639,NULL,'Aminata','','Turay','female',NULL,'2003-11-15',0,'2025-02-11 11:17:26','2025-02-11 11:17:26'),(430,641,NULL,'Bendu','','Fatmata','female',NULL,'1991-03-31',0,'2025-02-11 11:45:05','2025-02-11 11:45:05'),(431,642,NULL,'Esther','','Samura','female',NULL,'2002-04-27',0,'2025-02-11 11:48:40','2025-02-11 11:48:40'),(432,643,NULL,'Kanu','','Zainab','female',NULL,'1999-05-11',0,'2025-02-11 11:53:00','2025-02-11 11:53:00'),(433,644,NULL,'Kamara','Kadiatu','Rachel','female',NULL,'2002-02-11',0,'2025-02-11 11:56:43','2025-02-11 11:56:43'),(434,645,NULL,'John','','Sesay','male',NULL,'1997-02-25',0,'2025-02-11 12:10:02','2025-02-11 12:10:02'),(435,646,NULL,'Kanu','','Isata','female',NULL,'1999-04-10',0,'2025-02-11 12:17:24','2025-02-11 12:17:24'),(436,648,NULL,'Kamara','','Kadiatu','female',NULL,'2005-11-12',0,'2025-02-11 12:20:22','2025-02-11 12:20:22'),(437,649,NULL,'Joanlyl','','Pratt','female',NULL,'1989-07-20',0,'2025-02-11 12:29:59','2025-02-11 12:29:59'),(438,651,NULL,'Sulaiman','B','Bastion','male',NULL,'1990-01-03',0,'2025-02-11 13:20:07','2025-02-11 13:20:07'),(439,652,NULL,'Adama','Hawa','Sesay','female',NULL,'1996-12-18',0,'2025-02-11 14:46:09','2025-02-11 14:46:09'),(440,653,NULL,'Hawa','','Kamara','female',NULL,'1999-02-19',0,'2025-02-11 14:49:15','2025-02-11 14:49:15'),(441,654,NULL,'Salamatu','A','Sesay','female',NULL,'2002-05-07',0,'2025-02-11 18:25:43','2025-02-11 18:25:43'),(442,655,NULL,'Kanu','Isha','Kezia','female',NULL,'2005-02-14',0,'2025-02-11 19:36:06','2025-02-11 19:36:06'),(443,656,NULL,'Kanu','','Isha','female',NULL,'2003-02-28',0,'2025-02-11 19:39:17','2025-02-11 19:39:17'),(444,657,NULL,'Sorie','','Kamara','male',NULL,'1999-04-27',0,'2025-02-11 19:45:00','2025-02-11 19:45:00'),(445,658,NULL,'Mohamed','Abu','Honnah','male',NULL,'1996-03-25',0,'2025-02-12 08:40:45','2025-02-12 08:40:45'),(446,660,NULL,'Joseph','Kalie','Koroma','male',NULL,'1992-02-14',0,'2025-02-12 08:57:34','2025-02-12 08:57:34'),(447,663,NULL,'Foday','Cruwae','Marah','male',NULL,'1995-09-06',0,'2025-02-12 09:24:17','2025-02-12 09:24:17'),(448,664,NULL,'Ibrahim','Abdul','Conteh','male',NULL,'1992-02-16',0,'2025-02-12 09:37:59','2025-02-12 09:37:59'),(449,665,NULL,'Kargbo','','Samuel','male',NULL,'1986-10-20',0,'2025-02-12 09:50:48','2025-02-12 09:50:48'),(450,667,NULL,'Magdalene','','Kamara','female',NULL,'1991-03-11',0,'2025-02-12 12:06:33','2025-02-12 12:06:33'),(451,668,NULL,'Emma','','Kamara','female',NULL,'2000-02-12',0,'2025-02-12 12:10:07','2025-02-12 12:10:07'),(452,670,NULL,'Sesay','','Kadiatu','female',NULL,'2003-02-26',0,'2025-02-12 12:23:21','2025-02-12 12:23:21'),(453,672,NULL,'Dr Hany','G','Ghmrey','male',NULL,'1989-01-01',0,'2025-02-12 12:26:55','2025-02-12 12:26:55'),(454,673,NULL,'Mohamed','Al-Amin','Turay','male',NULL,'1998-07-07',0,'2025-02-12 13:29:05','2025-02-12 13:29:05'),(455,674,NULL,'Joseph','Kelie','Marah','male',NULL,'1996-12-18',0,'2025-02-12 17:13:49','2025-02-12 17:13:49'),(456,675,NULL,'Amadu','','Abdul','male',NULL,'1986-03-05',0,'2025-02-12 17:18:35','2025-02-12 17:18:35'),(457,678,NULL,'Mary','','Foday','female',NULL,'1999-02-12',0,'2025-02-12 21:01:18','2025-02-12 21:01:18'),(458,677,NULL,'Chri','','Lasana','female',NULL,'2000-02-12',0,'2025-02-12 22:55:15','2025-02-12 22:55:15'),(459,679,NULL,'Moses','','Kargbo','male',NULL,'1985-09-17',0,'2025-02-13 11:17:14','2025-02-13 11:17:14'),(460,680,NULL,'Alhaji','','Bangura','male',NULL,'1997-09-29',0,'2025-02-13 12:02:50','2025-02-13 12:02:50'),(461,682,NULL,'Abu','','Kamara','male',NULL,'2003-06-12',0,'2025-02-13 13:35:18','2025-02-13 13:35:18'),(462,683,NULL,'Miatta','','Fomba','female',NULL,'1991-10-26',0,'2025-02-13 13:53:01','2025-02-13 13:53:01'),(463,684,NULL,'Salieu','','Conteh','male',NULL,'1880-09-01',0,'2025-02-13 18:10:04','2025-02-13 18:10:04'),(464,685,NULL,'Amadu','','Bah','male',NULL,'1991-01-10',0,'2025-02-13 18:46:16','2025-02-13 18:46:16'),(465,687,NULL,'Samuel','','Kamara','female',NULL,'1970-04-08',0,'2025-02-13 19:03:50','2025-02-13 19:03:50'),(466,689,NULL,'Musa','','Bao','male',NULL,'2005-12-22',0,'2025-02-13 19:25:10','2025-02-13 19:25:10'),(467,690,NULL,'Mary','','Kargbo','female',NULL,'2004-10-14',0,'2025-02-13 21:11:01','2025-02-13 21:11:01'),(468,692,NULL,'Sesay','','Neneh','female',NULL,'2003-02-15',0,'2025-02-15 11:15:12','2025-02-15 11:15:12'),(469,693,NULL,'Turay','','Isatu','female',NULL,'2000-02-14',0,'2025-02-15 11:32:15','2025-02-15 11:32:15'),(470,696,NULL,'Ibrahim','Abdul','Conteh','male',NULL,'1995-09-10',0,'2025-02-15 14:58:20','2025-02-15 14:58:20'),(471,697,NULL,'Amadu','','Kanu','male',NULL,'2004-11-10',0,'2025-02-15 15:02:45','2025-02-15 15:02:45'),(472,698,NULL,'David','','Gbla','male',NULL,'1996-12-18',0,'2025-02-15 15:05:08','2025-02-15 15:05:08'),(473,703,NULL,'Mamjah','','Bah','male',NULL,'2000-04-04',0,'2025-02-15 15:57:30','2025-02-15 15:57:30'),(474,704,NULL,'Mohamed','','Marrah','male',NULL,'2000-12-14',0,'2025-02-15 17:53:26','2025-02-15 17:53:26'),(475,706,NULL,'Musa','','Bao','male',NULL,'2003-05-09',0,'2025-02-15 18:39:55','2025-02-15 18:39:55'),(476,707,NULL,'Mariama','','Koroma','female',NULL,'2003-11-13',0,'2025-02-15 18:57:53','2025-02-15 18:57:53'),(477,710,NULL,'Sandi','Tamba','Moses','male',NULL,'1994-03-31',0,'2025-02-16 17:52:53','2025-02-16 17:52:53'),(478,711,NULL,'Gborie','','Emmanuel','male',NULL,'1999-10-10',0,'2025-02-16 17:57:05','2025-02-16 17:57:05'),(479,713,NULL,'Gborie','','Emman','male',NULL,'1999-10-10',0,'2025-02-16 18:12:54','2025-02-16 18:12:54'),(480,714,NULL,'Marie','','Koroma','female',NULL,'1993-02-17',0,'2025-02-17 09:36:02','2025-02-17 09:36:02'),(481,726,NULL,'Momoh','','Karama','male',NULL,'2004-04-16',0,'2025-02-18 15:07:23','2025-02-18 15:07:23'),(482,727,NULL,'Muhammad','Lamrana','Sow','male',NULL,'2005-01-01',0,'2025-02-18 16:20:00','2025-02-18 16:20:00'),(483,728,NULL,'Ramatu','','Kargbo','female',NULL,'2004-11-11',0,'2025-02-18 16:37:59','2025-02-18 16:37:59'),(484,730,NULL,'Abdulai','','Kanu','male',NULL,'2005-03-17',0,'2025-02-18 17:55:57','2025-02-18 17:55:57'),(485,732,NULL,'Kadi','','Koroma','female',NULL,'2001-02-18',0,'2025-02-18 22:03:56','2025-02-18 22:03:56'),(486,733,NULL,'Musa','','Foday','male',NULL,'1996-02-23',0,'2025-02-18 22:07:58','2025-02-18 22:07:58'),(487,734,NULL,'Mark','','Fiday','male',NULL,'1995-02-23',0,'2025-02-18 22:12:49','2025-02-18 22:12:49'),(488,735,NULL,'Santigie','','Koroma','male',NULL,'1997-02-20',0,'2025-02-18 22:16:14','2025-02-18 22:16:14'),(489,737,NULL,'Kai','','Sandi','male',NULL,'1999-02-20',0,'2025-02-20 08:10:00','2025-02-20 08:10:00'),(490,738,NULL,'Sandi','','Jerrimaih','male',NULL,'1997-03-31',0,'2025-02-20 08:13:33','2025-02-20 08:13:33'),(491,739,NULL,'Ibrahim','','Kamara','male',NULL,'2002-09-23',0,'2025-02-20 11:54:57','2025-02-20 11:54:57');
/*!40000 ALTER TABLE `patients` ENABLE KEYS */;
UNLOCK TABLES;

--
-- Table structure for table `patients_testimonial`
--

DROP TABLE IF EXISTS `patients_testimonial`;
/*!40101 SET @saved_cs_client     = @@character_set_client */;
/*!50503 SET character_set_client = utf8mb4 */;
CREATE TABLE `patients_testimonial` (
  `testimonial_id` int NOT NULL AUTO_INCREMENT,
  `patient_id` int NOT NULL,
  `testimonial_content` varchar(500) NOT NULL,
  `is_approved` tinyint NOT NULL DEFAULT '0',
  `is_active` tinyint NOT NULL DEFAULT '0',
  `approved_by` int DEFAULT NULL,
  `created_at` timestamp NOT NULL DEFAULT CURRENT_TIMESTAMP,
  `updated_at` timestamp NOT NULL DEFAULT CURRENT_TIMESTAMP ON UPDATE CURRENT_TIMESTAMP,
  PRIMARY KEY (`testimonial_id`),
  KEY `fk_testimonial_patient_id` (`patient_id`),
  KEY `fk_testimonial_admin_id` (`approved_by`),
  CONSTRAINT `fk_testimonial_admin_id` FOREIGN KEY (`approved_by`) REFERENCES `admins` (`admin_id`) ON UPDATE CASCADE,
  CONSTRAINT `fk_testimonial_patient_id` FOREIGN KEY (`patient_id`) REFERENCES `patients` (`patient_id`) ON UPDATE CASCADE,
  CONSTRAINT `chk_is_patient_testimonial_active` CHECK ((`is_active` in (0,1)))
) ENGINE=InnoDB AUTO_INCREMENT=3 DEFAULT CHARSET=utf8mb4 COLLATE=utf8mb4_0900_ai_ci;
/*!40101 SET character_set_client = @saved_cs_client */;

--
-- Dumping data for table `patients_testimonial`
--

LOCK TABLES `patients_testimonial` WRITE;
/*!40000 ALTER TABLE `patients_testimonial` DISABLE KEYS */;
INSERT INTO `patients_testimonial` VALUES (2,4,'I cannot express how grateful I am for Kenecare Telehealth! As a busy working mom, finding time to schedule and attend in-person medical appointments was always a challenge. With Kenecare, I can conveniently consult with healthcare professionals from the comfort of my home. Recently, I used the app to discuss pre-pregnancy health concerns, and the doctor provided valuable insights and personalized recommendations. Kenecare has truly simplified healthcare for me, and I highly recommend it to anyo',1,1,3,'2024-03-26 06:01:18','2024-12-11 19:19:26');
/*!40000 ALTER TABLE `patients_testimonial` ENABLE KEYS */;
UNLOCK TABLES;

--
-- Table structure for table `services_offered`
--

DROP TABLE IF EXISTS `services_offered`;
/*!40101 SET @saved_cs_client     = @@character_set_client */;
/*!50503 SET character_set_client = utf8mb4 */;
CREATE TABLE `services_offered` (
  `service_id` int NOT NULL AUTO_INCREMENT,
  `service_name` varchar(255) NOT NULL,
  `description` varchar(255) NOT NULL,
  `image` varchar(255) NOT NULL,
  `is_featured` tinyint NOT NULL DEFAULT '1',
  `is_active` tinyint NOT NULL DEFAULT '1',
  `inputted_by` int NOT NULL,
  `created_at` timestamp NOT NULL DEFAULT CURRENT_TIMESTAMP,
  `updated_at` timestamp NOT NULL DEFAULT CURRENT_TIMESTAMP ON UPDATE CURRENT_TIMESTAMP,
  PRIMARY KEY (`service_id`),
  UNIQUE KEY `uq_service_name` (`service_name`),
  KEY `fk_service_offered_admin_id` (`inputted_by`),
  CONSTRAINT `fk_service_offered_admin_id` FOREIGN KEY (`inputted_by`) REFERENCES `admins` (`admin_id`) ON UPDATE CASCADE,
  CONSTRAINT `chk_is_service_active` CHECK ((`is_active` in (0,1)))
) ENGINE=InnoDB DEFAULT CHARSET=utf8mb4 COLLATE=utf8mb4_0900_ai_ci;
/*!40101 SET character_set_client = @saved_cs_client */;

--
-- Dumping data for table `services_offered`
--

LOCK TABLES `services_offered` WRITE;
/*!40000 ALTER TABLE `services_offered` DISABLE KEYS */;
/*!40000 ALTER TABLE `services_offered` ENABLE KEYS */;
UNLOCK TABLES;

--
-- Table structure for table `sessions`
--

DROP TABLE IF EXISTS `sessions`;
/*!40101 SET @saved_cs_client     = @@character_set_client */;
/*!50503 SET character_set_client = utf8mb4 */;
CREATE TABLE `sessions` (
  `session_id` varchar(128) CHARACTER SET utf8mb4 COLLATE utf8mb4_bin NOT NULL,
  `expires` int unsigned NOT NULL,
  `data` mediumtext CHARACTER SET utf8mb4 COLLATE utf8mb4_bin,
  PRIMARY KEY (`session_id`)
) ENGINE=InnoDB DEFAULT CHARSET=utf8mb4 COLLATE=utf8mb4_0900_ai_ci;
/*!40101 SET character_set_client = @saved_cs_client */;

--
-- Dumping data for table `sessions`
--

LOCK TABLES `sessions` WRITE;
/*!40000 ALTER TABLE `sessions` DISABLE KEYS */;
/*!40000 ALTER TABLE `sessions` ENABLE KEYS */;
UNLOCK TABLES;

--
-- Table structure for table `specializations`
--

DROP TABLE IF EXISTS `specializations`;
/*!40101 SET @saved_cs_client     = @@character_set_client */;
/*!50503 SET character_set_client = utf8mb4 */;
CREATE TABLE `specializations` (
  `specialization_id` int NOT NULL AUTO_INCREMENT,
  `specialization_name` varchar(255) NOT NULL,
  `description` varchar(255) DEFAULT NULL,
  `image_url` varchar(255) DEFAULT NULL,
  `is_active` tinyint NOT NULL DEFAULT '1' COMMENT '0 - False | 1 - True',
  `inputted_by` int NOT NULL,
  `created_at` timestamp NOT NULL DEFAULT CURRENT_TIMESTAMP,
  `updated_at` timestamp NOT NULL DEFAULT CURRENT_TIMESTAMP ON UPDATE CURRENT_TIMESTAMP,
  PRIMARY KEY (`specialization_id`),
  UNIQUE KEY `uq_specialization_name` (`specialization_name`),
  KEY `fk_specialization_admin_id` (`inputted_by`),
  CONSTRAINT `fk_specialization_admin_id` FOREIGN KEY (`inputted_by`) REFERENCES `admins` (`admin_id`) ON UPDATE CASCADE,
  CONSTRAINT `chk_is_active` CHECK ((`is_active` in (0,1)))
) ENGINE=InnoDB AUTO_INCREMENT=4 DEFAULT CHARSET=utf8mb4 COLLATE=utf8mb4_0900_ai_ci;
/*!40101 SET character_set_client = @saved_cs_client */;

--
-- Dumping data for table `specializations`
--

LOCK TABLES `specializations` WRITE;
/*!40000 ALTER TABLE `specializations` DISABLE KEYS */;
INSERT INTO `specializations` VALUES (1,'cardiologist','Study of the heart and blood vessels','updated_cardiology.jpg',0,1,'2023-10-16 15:30:53','2023-10-16 15:32:08'),(2,'dermatologist','Study of the skin','dermatologist.jpg',1,1,'2023-10-16 15:30:53','2023-10-16 15:30:53'),(3,'cardiologists','deals with the heart','https://example.com/cardiology.jpg',1,1,'2024-02-16 11:38:36','2024-02-16 11:38:36');
/*!40000 ALTER TABLE `specializations` ENABLE KEYS */;
UNLOCK TABLES;

--
-- Table structure for table `user_type`
--

DROP TABLE IF EXISTS `user_type`;
/*!40101 SET @saved_cs_client     = @@character_set_client */;
/*!50503 SET character_set_client = utf8mb4 */;
CREATE TABLE `user_type` (
  `user_type_id` int NOT NULL AUTO_INCREMENT,
  `type_name` varchar(50) NOT NULL,
  `inputted_by` int NOT NULL,
  `created_at` timestamp NOT NULL DEFAULT CURRENT_TIMESTAMP,
  `updated_at` timestamp NOT NULL DEFAULT CURRENT_TIMESTAMP ON UPDATE CURRENT_TIMESTAMP,
  PRIMARY KEY (`user_type_id`),
  UNIQUE KEY `uq_type_name` (`type_name`),
  KEY `fk_inputted_by_admin_id` (`inputted_by`),
  CONSTRAINT `fk_inputted_by_admin_id` FOREIGN KEY (`inputted_by`) REFERENCES `admins` (`admin_id`) ON UPDATE CASCADE
) ENGINE=InnoDB AUTO_INCREMENT=5 DEFAULT CHARSET=utf8mb4 COLLATE=utf8mb4_0900_ai_ci;
/*!40101 SET character_set_client = @saved_cs_client */;

--
-- Dumping data for table `user_type`
--

LOCK TABLES `user_type` WRITE;
/*!40000 ALTER TABLE `user_type` DISABLE KEYS */;
INSERT INTO `user_type` VALUES (1,'patient',1,'2023-10-14 19:51:34','2023-10-14 19:51:34'),(2,'doctor',1,'2023-10-14 19:51:34','2023-10-14 19:51:34');
/*!40000 ALTER TABLE `user_type` ENABLE KEYS */;
UNLOCK TABLES;

--
-- Table structure for table `users`
--

DROP TABLE IF EXISTS `users`;
/*!40101 SET @saved_cs_client     = @@character_set_client */;
/*!50503 SET character_set_client = utf8mb4 */;
CREATE TABLE `users` (
  `user_id` int NOT NULL AUTO_INCREMENT,
  `mobile_number` varchar(50) NOT NULL,
  `email` varchar(255) DEFAULT NULL,
  `is_email_verified` tinyint DEFAULT '0',
  `email_verification_token` varchar(255) DEFAULT NULL,
  `user_type` int NOT NULL,
  `password` varchar(255) NOT NULL,
  `verification_token` varchar(6) DEFAULT NULL,
  `is_verified` tinyint NOT NULL DEFAULT '0' COMMENT '0 - False 1 - True',
  `verified_at` timestamp NULL DEFAULT NULL,
  `is_account_active` tinyint NOT NULL DEFAULT '1' COMMENT '0 - False 1 - True',
  `is_online` tinyint NOT NULL DEFAULT '0' COMMENT '0 - False 1 - True',
  `is_2fa_enabled` tinyint NOT NULL DEFAULT '0' COMMENT '0 - False 1 - True',
  `notification_token` varchar(250) DEFAULT NULL,
  `device_notif_token` varchar(250) DEFAULT NULL,
  `referral_code` varchar(20) DEFAULT NULL,
  `created_at` timestamp NOT NULL DEFAULT CURRENT_TIMESTAMP,
  `updated_at` timestamp NOT NULL DEFAULT CURRENT_TIMESTAMP ON UPDATE CURRENT_TIMESTAMP,
  PRIMARY KEY (`user_id`),
  UNIQUE KEY `uq_user_mobile_number` (`mobile_number`),
  UNIQUE KEY `uq_user_email` (`email`),
  KEY `fk_user_type_id` (`user_type`),
  CONSTRAINT `fk_user_type_id` FOREIGN KEY (`user_type`) REFERENCES `user_type` (`user_type_id`) ON DELETE CASCADE ON UPDATE CASCADE,
  CONSTRAINT `chk_is_user_account_active` CHECK ((`is_account_active` in (0,1)))
) ENGINE=InnoDB AUTO_INCREMENT=750 DEFAULT CHARSET=utf8mb4 COLLATE=utf8mb4_0900_ai_ci;
/*!40101 SET character_set_client = @saved_cs_client */;

--
-- Dumping data for table `users`
--

LOCK TABLES `users` WRITE;
/*!40000 ALTER TABLE `users` DISABLE KEYS */;
INSERT INTO `users` VALUES (8,'+23231851053',NULL,0,NULL,1,'$2a$10$NNHzhHiE5hqy4Ft/UACST.uafR7tY1T9ozya8ANzAP7odDTzuG2Dy',NULL,1,'2024-03-01 10:35:25',1,1,0,NULL,NULL,NULL,'2024-03-01 10:35:08','2024-03-01 10:35:25'),(10,'+23272340127',NULL,0,NULL,1,'$2a$10$KANf9DzesjueJoy7Jv23xO5JrLcshtjPeW11nS6rbdqJ2DeHTATB.',NULL,1,'2024-03-01 10:57:25',1,1,0,NULL,NULL,NULL,'2024-03-01 10:57:06','2024-03-01 10:57:24'),(11,'+23279356563','samuelmoiwa@gmail.com',0,NULL,2,'$2a$10$haonp23wx1zTeiX642nL/.I8hPh9mteFX.gL7CYyzGDpF472/w1Mm',NULL,1,'2024-03-01 11:28:01',1,1,0,NULL,NULL,NULL,'2024-03-01 11:27:38','2024-08-07 22:26:49'),(12,'+23279972611',NULL,0,NULL,1,'$2a$10$A77iEKuuk/0PPKG269IyS.pz7p3xLDe9u3x4DcIfk6cyf2kW1WWOi',NULL,1,'2024-03-01 13:21:41',1,1,0,NULL,NULL,NULL,'2024-03-01 13:21:13','2024-03-01 13:21:41'),(13,'+23272017272',NULL,0,NULL,1,'$2a$10$nRtTCIxxP5ogUYsSDh7Gru0hqowh.jm/YMpqdoQJ/vUDVK38zD/RC',NULL,1,'2024-03-01 16:59:22',1,1,0,NULL,NULL,NULL,'2024-03-01 16:58:20','2024-03-01 16:59:21'),(14,'+23279343497',NULL,0,NULL,1,'$2a$10$vg9jjEx8JVCsOYOUH5XSnOtwCieVdq6rpgp914u/PdlH8TqyBSj4.',NULL,1,'2024-03-01 17:01:06',1,1,0,NULL,NULL,NULL,'2024-03-01 17:00:38','2024-03-01 17:01:06'),(16,'+23275836786',NULL,0,NULL,1,'$2a$10$8SOxZpcytsWQ/5u4LOwWQ.v3FBdprMOb9W6RPUP6aoEChZ3s/38ku',NULL,1,'2024-03-01 17:02:27',1,1,0,NULL,NULL,NULL,'2024-03-01 17:01:43','2024-03-01 17:02:27'),(17,'+23279001362',NULL,0,NULL,1,'$2a$10$DF1wk09E4bxGdA4MVFaShOQWhcnQxBCfDij7MwGLjZ6QF4NxeD1EW',NULL,1,'2024-03-01 17:02:34',1,1,0,NULL,NULL,NULL,'2024-03-01 17:01:57','2024-03-01 17:02:33'),(18,'+23288000766',NULL,0,NULL,1,'$2a$10$tbEbqfQE6Iv2HV0OV8nFSeogvUqRFP3PV25SfNo8VHgFi5REcMEcG',NULL,1,'2024-03-01 17:03:16',1,1,0,NULL,NULL,NULL,'2024-03-01 17:02:50','2024-03-01 17:03:16'),(19,'+23232898985',NULL,0,NULL,1,'$2a$10$PavouBLenezfSN9riGfnE.JCzsyU5UA/V6dHTdncl7ke/iPVbvFFC',NULL,1,'2024-03-01 17:06:46',1,1,0,NULL,NULL,NULL,'2024-03-01 17:06:09','2024-03-01 17:06:45'),(20,'+23279149126',NULL,0,NULL,1,'$2a$10$npaOoteLPSbANuKcDK3D3.U6KHy1pmXUcsUHMvN3/zkniJu2F/8sC',NULL,1,'2024-03-01 17:10:12',1,1,0,NULL,NULL,NULL,'2024-03-01 17:09:14','2024-03-01 17:10:11'),(21,'+23280048025',NULL,0,NULL,1,'$2a$10$4ZSuCcCwfnMdtq99V1jObeVa0Jth7XW3ZAb/J/QzXsU/iqYPWv53a',NULL,1,'2024-03-01 17:12:16',1,1,0,NULL,NULL,NULL,'2024-03-01 17:10:50','2024-03-01 17:12:16'),(23,'+23230191088',NULL,0,NULL,1,'$2a$10$GYldILwlfMpDukz9cPpAXuBu/ZxkQey43K49.EQKEWZlNfL0ebvGq',NULL,1,'2024-03-01 17:56:56',1,1,0,NULL,NULL,NULL,'2024-03-01 17:56:27','2025-02-08 22:38:20'),(26,'+23276999910',NULL,0,NULL,1,'$2a$10$PN3u1q8YUmaaRSwfZW9va.cqwIh1P5pIy2r7MJNgu5hEfA.mx1/Va',NULL,1,'2024-03-05 14:14:53',1,1,0,NULL,NULL,NULL,'2024-03-05 14:14:27','2024-08-09 11:40:01'),(27,'+23279855533',NULL,0,NULL,1,'$2a$10$sdni3XjnfxTWx9HW0XLs.OSNoNcIVxDoA3FbnnhshV.l7uMJSWtHq',NULL,1,'2024-03-05 14:18:55',1,1,0,NULL,NULL,NULL,'2024-03-05 14:18:36','2024-03-05 14:18:54'),(28,'+23276357132',NULL,0,NULL,1,'$2a$10$nCY/MIj42.H8xSmONqPaz.fpCknrVajnY.JAcLEl/WahAB4O8sgQS',NULL,1,'2024-03-05 14:47:11',1,1,0,NULL,NULL,NULL,'2024-03-05 14:46:57','2024-08-20 11:33:36'),(30,'+23230138546',NULL,0,NULL,1,'$2a$10$yUuMryYXqVAHd9eEnUtLiOhxvs/B6EcyFNXQJPTNzm82mVZJmfGiO',NULL,1,'2024-03-11 14:45:21',1,1,0,NULL,NULL,NULL,'2024-03-11 14:45:03','2025-01-12 20:44:28'),(34,'+23276614608',NULL,0,NULL,1,'$2a$10$mkGNrD8SEQYWuG2O98GWceDh5m0WpKd.b67yQXtKLRKPgJivqh.QC',NULL,1,'2024-03-20 08:32:31',1,1,0,NULL,NULL,NULL,'2024-03-19 23:48:54','2024-03-20 08:32:31'),(43,'+23278473628',NULL,0,NULL,1,'$2a$10$mQ59hARpBXzL9.WLYnVXXuDrVaefp7UtoDpHDYxz4GRYOnEbLMRlq',NULL,1,'2024-04-16 00:40:08',1,1,0,NULL,NULL,NULL,'2024-04-16 00:39:46','2024-04-16 00:40:07'),(45,'+23274622773',NULL,0,NULL,1,'$2a$10$ErTV1LjT5/EPQhUZz.uLc.ssZmLhf6x63QI.U57qqYqPnQg4YbER6',NULL,1,'2024-04-25 10:26:03',1,1,0,NULL,NULL,NULL,'2024-04-25 10:25:18','2024-04-25 10:26:02'),(46,'+23288180226',NULL,0,NULL,1,'$2a$10$5mk/JdZaidOuTHqCaTQRgutpSPMjzcLxC3Cv2j6kmy0SI0hwuk4bq',NULL,1,'2024-05-03 13:40:46',1,1,0,NULL,NULL,NULL,'2024-05-03 13:39:29','2024-05-03 13:40:45'),(50,'+23279922699',NULL,0,NULL,1,'$2a$10$d2LUAx85KjnOmtSGLOtrb.a44SY8wZiAoXMh.YwxUw62Sxgiiwy.y',NULL,1,'2024-05-06 14:04:58',1,1,0,NULL,NULL,NULL,'2024-05-06 14:04:26','2024-05-06 14:04:57'),(51,'+23234241706',NULL,0,NULL,1,'$2a$10$xOlRbngkFzQytkWUSTXGX.p4.ac4XIdiF0/T9/gfhMuBRkrL3JIrK',NULL,1,'2024-05-06 14:26:07',1,1,0,NULL,NULL,NULL,'2024-05-06 14:25:36','2024-05-06 14:26:06'),(52,'+23278084004',NULL,0,NULL,1,'$2a$10$lBvh7WT04uXOW2ni6wclOeplmEftZOSLrTppcK8.mg9O5RJBxzxwO',NULL,1,'2024-05-06 14:40:50',1,1,0,NULL,NULL,NULL,'2024-05-06 14:40:09','2024-05-06 14:40:49'),(54,'+23274866543',NULL,0,NULL,1,'$2a$10$lQzX8.YQAYc60AyJfQjHUOLUbcgS4t3MTsFwx6SFxtBnQC0Oa3aXq',NULL,1,'2024-05-06 16:23:30',1,1,0,NULL,NULL,NULL,'2024-05-06 16:22:41','2024-05-06 16:23:30'),(55,'+23275247292',NULL,0,NULL,1,'$2a$10$HWup32ixf5JJWe7xd7U4z.hAyuP1.9rowY1X52G9ZsIJRuV1yRppq',NULL,1,'2024-05-08 07:59:15',1,1,0,NULL,NULL,NULL,'2024-05-08 07:58:36','2024-05-08 07:59:14'),(56,'+23230700056','natdinero@live.com',0,NULL,2,'$2a$10$o3oyGmj6JzJKiuRshLyDueCAGZeeE3U6TZfXrI9jBQErmKZlAVqTq',NULL,1,'2024-05-08 14:41:27',1,1,0,NULL,NULL,NULL,'2024-05-08 14:40:51','2024-05-08 14:41:27'),(57,'+23234830749',NULL,0,NULL,1,'$2a$10$uoGJ3O3zfJi8jBI7JLldveuVmf5.BueP.wuShN2P4LN9LaSwUidha',NULL,1,'2024-05-10 10:55:13',1,1,0,NULL,NULL,NULL,'2024-05-10 10:54:50','2024-05-10 10:55:13'),(58,'+23299200756',NULL,0,NULL,1,'$2a$10$vLBmYRKadz3n9ZsjAYWkCutpKELcuvpRHKBzrrnl6EvOdZdHWexou',NULL,1,'2024-05-10 11:43:50',1,1,0,NULL,NULL,NULL,'2024-05-10 11:43:21','2024-05-10 11:43:50'),(59,'+23278397893',NULL,0,NULL,1,'$2a$10$m3.o6m97BY8Gt2y/sab/n.3DtqV4fqfFs78HZYNCrUVt34yStDuQW',NULL,1,'2024-05-11 20:31:54',1,1,0,NULL,NULL,NULL,'2024-05-11 20:31:28','2024-05-11 20:31:53'),(60,'+23278051704',NULL,0,NULL,1,'$2a$10$iSRfYYA78epiPDNinAGqweOF5DvKbhCTBe8/8fHT/HFw3mteXGYVG',NULL,1,'2024-05-13 08:43:14',1,1,0,NULL,NULL,NULL,'2024-05-13 08:42:49','2024-05-13 08:43:13'),(61,'+23278822683',NULL,0,NULL,1,'$2a$10$4YXMTuJzKHsT3Ig53ULjE.BmmrkDbCrxOlIiebyWqRGtut/gPvaBO',NULL,1,'2024-05-13 11:05:33',1,1,0,'ExponentPushToken[WKJu10OpuUwIMEU1f7JTma]',NULL,NULL,'2024-05-13 11:05:14','2024-12-08 10:30:31'),(62,'+23276539195',NULL,0,NULL,1,'$2a$10$3FXKB/dWbaAzQZfgSlkhD.07BTlnZbfZ6gnP8ADxXfwAaWHOI4yiK',NULL,1,'2024-05-17 10:25:54',1,1,0,NULL,NULL,NULL,'2024-05-17 10:25:26','2024-05-17 10:25:54'),(64,'+23275347443',NULL,0,NULL,1,'$2a$10$xQaP9aNyety3SdvcrLYUVuvAHLMb6jVzhnx1rDWRd5O1VCwWd7ktq',NULL,1,'2024-05-28 12:37:24',1,1,0,NULL,NULL,NULL,'2024-05-28 12:36:57','2024-05-28 12:37:24'),(65,'+23276946894',NULL,0,NULL,1,'$2a$10$Xh66c.3GdbDes545DDOaJeCEvuMfs6jUNnD7U2f1ihAVxuJ4TXTry',NULL,1,'2024-05-28 12:39:57',1,1,0,NULL,NULL,NULL,'2024-05-28 12:39:38','2024-05-28 12:39:57'),(67,'+23299822683','rolandeke49@gmail.com',0,NULL,2,'$2a$10$OwxKivVFn.Ti.ZBrH18.euRL37GL3dV1H5KNTNwaKhCbUERGnnZkm',NULL,1,'2024-05-28 16:52:59',1,1,0,NULL,NULL,NULL,'2024-05-28 16:52:36','2024-05-28 16:52:59'),(68,'+23234700269',NULL,0,NULL,1,'$2a$10$vaAiMmEkfVcBM.QPZqMU5ON0.IpKM3Xf5pEPbcTpnIb39ydlRJTPi',NULL,1,'2024-05-29 09:53:54',1,1,0,NULL,NULL,NULL,'2024-05-29 09:51:35','2024-05-29 09:53:53'),(69,'+23278454870',NULL,0,NULL,1,'$2a$10$HJZTiEsrjTDF1wdszQa9kulexmbyK8uf5RZ.XHJqZYHguHw/J0zDi',NULL,1,'2024-05-29 10:13:27',1,1,0,NULL,NULL,NULL,'2024-05-29 10:12:49','2024-05-29 10:13:26'),(71,'+23278722255','sovulahaja@gmail.com',0,NULL,2,'$2a$10$w/TX2ljI6QIcqL3tVR30geKbf.hJCMoyHTl.LNIb4a/vDoquZtjyK',NULL,1,'2024-06-18 10:28:17',1,1,0,NULL,NULL,NULL,'2024-06-18 10:25:33','2024-06-18 10:28:17'),(72,'+23299229399',NULL,0,NULL,1,'$2a$10$4CE6H0KbJEfG/hE/mygxFOxA6OxJziI8tdNkDTioCOhFL7yPGcbQq',NULL,1,'2024-06-19 13:49:58',1,1,0,NULL,NULL,NULL,'2024-06-19 13:49:33','2024-06-19 13:49:58'),(73,'+23278767090','macjajuapeter@gmail.com',0,NULL,2,'$2a$10$AFhUD2yjcheHhynDJF2pDeI1TLWYJfeHRhlgkzGTHGxlrdqzVC9vW',NULL,1,'2024-06-21 11:45:56',1,1,0,NULL,NULL,NULL,'2024-06-21 11:42:14','2024-06-21 11:45:55'),(74,'+23278271034','contehamara5839@gmail.com',0,NULL,2,'$2a$10$cx334BgOoWT8C6n3r880n.S82S.JEniQek0yociTtv29VkYjUYE/6',NULL,1,'2024-06-21 13:58:37',1,1,0,NULL,NULL,NULL,'2024-06-21 12:31:32','2024-06-21 13:58:36'),(76,'+23231428732','tambakemoh@gmail.com',0,NULL,2,'$2a$10$4xoj2TAlw3sG5VQUglhNLutsxvapDcyOVGHfv4lm3LTl0mtKwVEMm',NULL,1,'2024-06-24 13:19:14',1,1,0,NULL,NULL,NULL,'2024-06-24 13:16:51','2024-06-24 13:19:13'),(81,'+23276380190',NULL,0,NULL,1,'$2a$10$aUdohFIRqBAlvQVCFGx.ju/k0lFc7ORVqWSPRIggeJXYwXkJBQke.',NULL,1,'2024-09-19 17:05:19',1,1,0,NULL,NULL,NULL,'2024-09-19 17:04:49','2024-09-22 03:43:28'),(83,'+23288575381',NULL,0,NULL,1,'$2a$10$AjyqRbffEN1MNPuZsxz6Se1yzIoiEfX/rbqvw4buq9mp6T.znOegS',NULL,1,'2024-10-10 16:39:33',1,1,0,NULL,NULL,NULL,'2024-10-10 16:38:56','2024-11-27 15:27:21'),(96,'+23288952253',NULL,0,NULL,1,'$2a$10$ZtnGlMcqPTc4o.gu0q0dk.0AP8eKcXTqJIcoiofWQcDE8UpXaL15i',NULL,1,'2024-11-27 14:22:00',1,1,0,NULL,NULL,NULL,'2024-11-27 14:21:46','2024-11-27 14:22:00'),(98,'+23272874044',NULL,0,NULL,1,'$2a$10$MYhSWOWU510AplXtPdMngOTyo/y14k3NVFdwYmzFaepZt8JljIoZe',NULL,1,'2024-11-28 14:27:30',1,1,0,NULL,NULL,NULL,'2024-11-28 14:26:56','2024-11-28 14:27:29'),(99,'+23280349371',NULL,0,NULL,1,'$2a$10$3g65h5iNCVdkC9bmGUIm.u0eFqLq02FmW.Gl21/p969ahK7gvu3Ua',NULL,1,'2024-11-28 14:55:24',1,1,0,NULL,NULL,NULL,'2024-11-28 14:54:57','2024-11-28 14:55:23'),(100,'+23288454969',NULL,0,NULL,1,'$2a$10$9DKvxtlkX0r7S3jZSYpV1.v3E44Wrsbuh/kXexBFtn6UgZd7lvwpC',NULL,1,'2024-12-02 15:34:01',1,1,0,NULL,NULL,NULL,'2024-12-02 15:33:38','2024-12-02 15:34:01'),(101,'+23288288413',NULL,0,NULL,1,'$2a$10$g/yCAC9ovOBH3RDOHXjLIuwWQabQoniXkZjdpOuTTfDJhzGjLtP2K',NULL,1,'2024-12-03 13:08:51',1,1,0,NULL,NULL,NULL,'2024-12-03 13:08:23','2024-12-03 13:08:50'),(102,'+23277364149',NULL,0,NULL,1,'$2a$10$M2JOect9MOpLhBxTa9NQtuV1BbR6sv4v2dD9pjMOE4OmWhN.b.tEm',NULL,1,'2024-12-03 13:11:20',1,1,0,NULL,NULL,NULL,'2024-12-03 13:09:25','2024-12-03 13:20:09'),(103,'+23288161727',NULL,0,NULL,1,'$2a$10$Yz/uXotzHrvo1zCYAK2zjuTvKrIrfusZ6SuzLO.zivRWW8k1C0CDu',NULL,1,'2024-12-03 13:21:21',1,1,0,NULL,NULL,NULL,'2024-12-03 13:20:49','2024-12-03 13:21:21'),(104,'+23288110565',NULL,0,NULL,1,'$2a$10$SJTQuY5qpOtVAAXBOQDpbO5Jy1QlZvdPGju.d1VepXgINkGR1vnCC',NULL,1,'2024-12-03 13:23:46',1,1,0,NULL,NULL,NULL,'2024-12-03 13:21:57','2024-12-03 13:23:46'),(106,'+23277739426',NULL,0,NULL,1,'$2a$10$akWVUQXXurQseJz/plX3r.G.nkYz5wbWniU9.jMQYaoVzW0svnJbm',NULL,1,'2024-12-03 13:25:33',1,1,0,NULL,NULL,NULL,'2024-12-03 13:25:06','2024-12-03 13:25:32'),(107,'+23276600086',NULL,0,NULL,1,'$2a$10$.F5EqXHOAFLGlLrlDo/UD.bsuNzTgJNeApxXkzC5hrPeJDEOuvi7i',NULL,1,'2024-12-03 13:29:52',1,1,0,NULL,NULL,NULL,'2024-12-03 13:29:13','2024-12-03 14:34:37'),(108,'+23234258257',NULL,0,NULL,1,'$2a$10$aXvveOGvY4MmNMllcBaYz.TWF9rW.auxijM.dtwqHJThvTj2v26MG',NULL,1,'2024-12-03 13:49:29',1,1,0,NULL,NULL,NULL,'2024-12-03 13:48:34','2024-12-03 13:49:28'),(109,'+23233587652',NULL,0,NULL,1,'$2a$10$68kym7B09ZMvJKMkIWObD.IKMufVTT0aRurl8dj/Gnt40ETA0sXTm',NULL,1,'2024-12-03 22:27:25',1,1,0,NULL,NULL,NULL,'2024-12-03 22:27:02','2025-02-04 18:34:52'),(110,'+23277481795',NULL,0,NULL,1,'$2a$10$gKe6SBTlGI4Xe/8Wf6fWJevrStY7XCybQQL52OFeiFT633Az1y1ui',NULL,1,'2024-12-03 22:37:03',1,1,0,NULL,NULL,NULL,'2024-12-03 22:36:21','2024-12-03 22:37:03'),(111,'+23277324981',NULL,0,NULL,1,'$2a$10$uie0m.VjcaT5sZCdqdVkCuh5BmURJdgN8JIVqdA5Qb/3CCdRPsyhO',NULL,1,'2024-12-03 22:38:47',1,1,0,NULL,NULL,NULL,'2024-12-03 22:38:11','2024-12-03 22:38:47'),(112,'+23279682121',NULL,0,NULL,1,'$2a$10$i9zS0GBLOdIwpAEpYjguuutpsaM5t9FvdkLdcO/yZIaq8gMiQ5QrO',NULL,1,'2024-12-04 13:54:02',1,1,0,NULL,NULL,NULL,'2024-12-04 13:52:48','2024-12-04 13:54:02'),(114,'+23275160408',NULL,0,NULL,1,'$2a$10$H5TNctJddmfy/IEvAKX4xuhBHWSCMIVJ1GckOWpjHQcyDhsFgM1hq',NULL,1,'2024-12-04 15:42:53',1,1,0,NULL,NULL,NULL,'2024-12-04 15:42:16','2024-12-04 15:42:53'),(115,'+23274437106',NULL,0,NULL,1,'$2a$10$1hk4qo7qxK.yy0Uq02g/e.7vH0rSmMadPadaNepT1kVYRaeXdkLa6',NULL,1,'2024-12-04 16:49:30',1,1,0,NULL,NULL,NULL,'2024-12-04 16:48:22','2024-12-04 16:49:29'),(118,'+23274830561',NULL,0,NULL,1,'$2a$10$rJFZHWlHTBZMZXxfxRrJAOejP.tYrF1DWkwkfLeo5.qFjuc6iyxP6',NULL,1,'2024-12-04 22:59:18',1,1,0,NULL,NULL,NULL,'2024-12-04 22:58:43','2024-12-04 22:59:17'),(119,'+23231979071',NULL,0,NULL,1,'$2a$10$ci7H7/uz5q1e.UM.6LhQ/.9edWdAXy7PteLXCBwtOMW.e/dcukii.',NULL,1,'2024-12-04 23:32:20',1,1,0,NULL,NULL,NULL,'2024-12-04 23:31:53','2024-12-04 23:32:20'),(120,'+23288206105',NULL,0,NULL,1,'$2a$10$m8mkfzoiMfIHRpwWdfxoAuupeemwAuT8MIsLQ.n2uVKL0T/mLvZtq',NULL,1,'2024-12-04 23:50:40',1,1,0,NULL,NULL,NULL,'2024-12-04 23:50:10','2024-12-04 23:50:40'),(121,'+23232364343',NULL,0,NULL,1,'$2a$10$Xq8GG6akFw2LfnSdAprSX.J6yCTIkbS3iV.EzGIdZxoNZBLDeEz6e',NULL,1,'2024-12-04 23:51:21',1,1,0,NULL,NULL,NULL,'2024-12-04 23:50:27','2024-12-04 23:51:21'),(122,'+23273891876',NULL,0,NULL,1,'$2a$10$tvECtZ5nkPZWwMjyL5klVOCWcQSIw9FwwHJaBCoPaFoZ6M/ituOBO',NULL,1,'2024-12-05 15:58:15',1,1,0,NULL,NULL,NULL,'2024-12-05 15:57:54','2024-12-05 15:58:14'),(123,'+23274850610',NULL,0,NULL,1,'$2a$10$GGnK94Ig3iF6VzLA9NsH9udeF2Vhb6CcYEC5jNkCwGdOlkFEF0MYy',NULL,1,'2024-12-05 16:00:27',1,1,0,NULL,NULL,NULL,'2024-12-05 15:59:15','2024-12-05 16:00:26'),(124,'+23288586214',NULL,0,NULL,1,'$2a$10$fFzgWA5OmFqM6c4bvxaJIe0Jw4U65KSD10OOdXR7eBquF68iAiz2G',NULL,1,'2024-12-05 19:13:19',1,1,0,NULL,NULL,NULL,'2024-12-05 19:12:38','2024-12-05 19:13:19'),(125,'+23278496624',NULL,0,NULL,1,'$2a$10$fZpxGt7oioBE9fWRpH6pZutsUIijZLWFVr83DtseeP8x6u0sFWdS2',NULL,1,'2024-12-05 20:04:53',1,1,0,NULL,NULL,NULL,'2024-12-05 20:04:12','2024-12-05 20:04:53'),(127,'+23234064772',NULL,0,NULL,1,'$2a$10$43rhO/Xp/jvdh5TeQffVfey7QET8Z.7xC1gY.vhnfcaVWoxc8oCz6',NULL,1,'2024-12-06 10:19:52',1,1,0,NULL,NULL,NULL,'2024-12-06 10:17:59','2024-12-06 10:19:52'),(128,'+23272734835',NULL,0,NULL,1,'$2a$10$aDUtuh0Fm.cG8l4upvT6u.D4qUs.TwKXhgGg81YsXLn3HkCWhY67O',NULL,1,'2024-12-06 10:22:35',1,1,0,NULL,NULL,NULL,'2024-12-06 10:22:11','2024-12-06 10:22:35'),(129,'+23230381880',NULL,0,NULL,1,'$2a$10$fWEkF6Rw/XmC6CVm/636k.J/xvVa1rdZw0WYGJux/l60rGrChuxp.',NULL,1,'2024-12-06 10:35:37',1,1,0,NULL,NULL,NULL,'2024-12-06 10:35:06','2024-12-06 10:35:36'),(130,'+23277551598',NULL,0,NULL,1,'$2a$10$.ekKFH02yWi2xMg3zRhXHub5iVxQjFCaWxS5S/ZGiWSIW8THoe4Bu',NULL,1,'2024-12-06 10:51:38',1,1,0,NULL,NULL,NULL,'2024-12-06 10:50:38','2024-12-06 10:51:38'),(131,'+23275009878',NULL,0,NULL,1,'$2a$10$rcTjQdw0NBFNVsKSycQqh.cnSdbeC8HNOWreZPByQ2Xd2lso59yKi',NULL,1,'2024-12-06 11:16:56',1,1,0,NULL,NULL,NULL,'2024-12-06 11:15:25','2024-12-06 11:16:56'),(132,'+23279333370',NULL,0,NULL,1,'$2a$10$MEBPsA5HKezS6Fd9l7UsoOsNeGJq3HkXnUj873C./j1nXnqAmz7MW',NULL,1,'2024-12-06 11:36:10',1,1,0,NULL,NULL,NULL,'2024-12-06 11:35:23','2024-12-06 11:36:09'),(135,'+23279648205',NULL,0,NULL,1,'$2a$10$e2XvwwDegLf/ZLq84E3SBORp1I8VmC.ELzWJd7EvdVVkUS5bV57ji',NULL,1,'2024-12-07 10:38:21',1,1,0,NULL,NULL,NULL,'2024-12-07 10:38:06','2024-12-07 10:38:20'),(136,'+23232272775',NULL,0,NULL,1,'$2a$10$P61v9pzxoiPJG8shmLLILu/AevV0lUz6rfQpV37/lzY.ehWFP5pRK',NULL,1,'2024-12-07 12:02:47',1,1,0,NULL,NULL,NULL,'2024-12-07 12:02:26','2024-12-07 12:02:46'),(137,'+23275858994',NULL,0,NULL,1,'$2a$10$MF64ifgzD6PXY5adXTVR1eZcIzoWU4Y/SZ0HKYJQAGSHzzoxpCOCm',NULL,1,'2024-12-07 12:23:46',1,1,0,NULL,NULL,NULL,'2024-12-07 12:22:38','2024-12-07 12:23:45'),(138,'+23277529873',NULL,0,NULL,1,'$2a$10$lbXUqwtKFb.piUO4AcBd/OFrE5.8f7n9OgLcalkTBn0H39VM1hNQW',NULL,1,'2024-12-07 17:10:33',1,1,0,NULL,NULL,'KC-CHIEKE921','2024-12-07 17:10:02','2024-12-07 17:10:33'),(139,'+23230697688',NULL,0,NULL,1,'$2a$10$LJIs6ivBFY1ioK7L.t3JreHe7/KiguMexadHxu8r39CjgU0YFh7uK',NULL,1,'2024-12-07 20:15:35',1,1,0,NULL,NULL,NULL,'2024-12-07 19:59:57','2024-12-07 20:15:34'),(140,'+23234815548',NULL,0,NULL,1,'$2a$10$yVWFC9B9XjPz5ubs8TptXuDKi.FA5sXoclAu9g64O2J66IOLz5YQC',NULL,1,'2024-12-07 20:14:59',1,1,0,NULL,NULL,NULL,'2024-12-07 20:02:23','2024-12-07 20:14:58'),(141,'+23279820375',NULL,0,NULL,1,'$2a$10$lA9W.OlH8SP8E0BX.oPxduLelljL/QLsn9jC3rHYF.YOh3/pCe2YW',NULL,1,'2024-12-07 20:18:08',1,1,0,NULL,NULL,NULL,'2024-12-07 20:17:00','2024-12-07 20:18:08'),(142,'+23288393288',NULL,0,NULL,1,'$2a$10$1EMx1j2O7VCVO21ov5iGxuGGGx7GR08WXmf36ycA9CIM6YVVzQXnW',NULL,1,'2024-12-07 20:19:47',1,1,0,NULL,NULL,NULL,'2024-12-07 20:18:37','2024-12-07 20:23:57'),(143,'+23279495294',NULL,0,NULL,1,'$2a$10$HjFQ0FxbBKr2t69opmy11uR5EG7TIPFwdfl.Lm0GZ5CBFzREpmOku',NULL,1,'2024-12-07 21:08:18',1,1,0,NULL,NULL,NULL,'2024-12-07 21:07:58','2024-12-07 21:08:17'),(144,'+23278962245',NULL,0,NULL,1,'$2a$10$4cxnbbTA50E3sei/i9aTDO9FiUTCxxTAJCeqG.Y9fV28Bwr.mA5oW',NULL,1,'2024-12-07 22:39:11',1,1,0,NULL,NULL,NULL,'2024-12-07 22:38:06','2024-12-07 22:39:10'),(145,'+23277900091',NULL,0,NULL,1,'$2a$10$OhlR9NiYmjt5LAE0IMjXUuc0.UzZPtnwRzOWh32A3FnLfE.csZjRi',NULL,1,'2024-12-08 11:57:00',1,1,0,NULL,NULL,NULL,'2024-12-08 11:55:49','2024-12-08 11:57:00'),(146,'+23276667363',NULL,0,NULL,1,'$2a$10$hVAJvAtfuiD9NGAHUyWaJO7ZXFp6N9mGccGKB4VsmeG/EExJ2iRYC',NULL,1,'2024-12-08 16:45:08',1,1,0,NULL,NULL,NULL,'2024-12-08 16:44:30','2024-12-08 16:45:07'),(147,'+23279562837',NULL,0,NULL,1,'$2a$10$HUcVS.m9/vjJWT7rBAxmGeggj.oqWD.8Hx1lQ93owYTcr.gORobxC',NULL,1,'2024-12-09 13:55:40',1,1,0,NULL,NULL,NULL,'2024-12-09 13:55:25','2024-12-09 13:55:39'),(148,'+23278348843',NULL,0,NULL,1,'$2a$10$qc9TCZqMK.K9qDa8OZtPMeKoez6JGIALVLl.bSrGqt0uNI/dNBRoa',NULL,1,'2024-12-09 13:57:50',1,1,0,NULL,NULL,NULL,'2024-12-09 13:57:31','2024-12-09 13:57:50'),(149,'+23231664538',NULL,0,NULL,1,'$2a$10$B9DlcUFj3dS.2EHnoZPcG.mhlvtIb8CXU0/DFPG7DDL6wK37uOqWa',NULL,1,'2024-12-09 14:22:32',1,1,0,NULL,NULL,NULL,'2024-12-09 14:22:20','2024-12-09 14:22:31'),(167,'+23277215357',NULL,0,NULL,1,'$2a$10$lNU7Sofz.Lh0WUbqCWHHAO78mAcIrdLIRiCUKPY/rbiwA.CvrPVxu',NULL,1,'2025-01-09 10:25:59',1,1,0,NULL,NULL,'KC-DAUKAM729','2025-01-09 10:25:10','2025-01-09 10:25:58'),(168,'+23277498926',NULL,0,NULL,1,'$2a$10$v4dCbbVOngWhTDKymlvQx.pFFB9Y07wu5YxgbENMqcgnExb7AMrBW',NULL,1,'2025-01-09 11:24:31',1,1,0,NULL,NULL,NULL,'2025-01-09 11:23:49','2025-01-09 11:24:30'),(170,'+23299467675',NULL,0,NULL,1,'$2a$10$unk1JcE0.FDg2IUj311siefn5SBUqoNZzS7cTbTbLF0LSuwymcMHq',NULL,1,'2025-01-09 11:52:04',1,1,0,NULL,NULL,NULL,'2025-01-09 11:51:31','2025-01-09 11:52:03'),(173,'+23277220864',NULL,0,NULL,1,'$2a$10$LWHSkbS1qyD3.UvG/Kwk0O9ymx1MIG7VaoO9f6oL84WhcIuDePm52',NULL,1,'2025-01-09 14:40:50',1,1,0,NULL,NULL,'KC-DAUKAM729','2025-01-09 14:40:14','2025-01-09 14:40:50'),(174,'+23280202317',NULL,0,NULL,1,'$2a$10$yXSZlrnJq5YFsvP57ZDNCe/WZOE/O.RWHpWsv5Q0UpU08dW1axXVm',NULL,1,'2025-01-09 15:23:34',1,1,0,NULL,NULL,'KC-DAUKAM729','2025-01-09 15:22:27','2025-01-09 15:23:33'),(175,'+23277260643',NULL,0,NULL,1,'$2a$10$JFcTDjNeGsRCHlngYdoUQOQ1dZ3wbWA41oSrjURER00kB2Uu43lli',NULL,1,'2025-01-09 18:13:03',1,1,0,NULL,NULL,'KC-DAUKAM729','2025-01-09 18:12:22','2025-01-09 18:13:03'),(176,'+23276824101',NULL,0,NULL,1,'$2a$10$bNMYIHquUor/16GH.RXINeE.p.NwKpkhPo7R6TsGfur5flDWaUc42',NULL,1,'2025-01-09 18:26:46',1,1,0,NULL,NULL,'KC-DAUKAM729','2025-01-09 18:26:09','2025-01-09 18:34:47'),(177,'+23279042504',NULL,0,NULL,1,'$2a$10$ajdUhP1cQdRVNtIEQeMfYu98y5cLr6XwxYx825QwY0vWM.7FXb7oS',NULL,1,'2025-01-09 19:28:14',1,1,0,NULL,NULL,NULL,'2025-01-09 19:27:52','2025-01-09 19:28:14'),(178,'+23277463408',NULL,0,NULL,1,'$2a$10$hB6X9CbbXuJ/Cu/lfFliVu/c2C7ra0HnieybD5ES5no4/9R2seOf.',NULL,1,'2025-01-10 11:46:21',1,1,0,NULL,NULL,'KC-DAUKAM729','2025-01-10 11:45:25','2025-01-10 11:46:21'),(180,'+23288729024',NULL,0,NULL,1,'$2a$10$lqYrybKZuPo81xkHgtbpb.TY/Kfk3Xstejh/hdqxcYKJNFG3Vhcoe',NULL,1,'2025-01-10 12:09:12',1,1,0,NULL,NULL,'KC-DAUKAM729','2025-01-10 12:08:43','2025-01-10 12:09:12'),(181,'+23276227244',NULL,0,NULL,1,'$2a$10$oOOUrGv/Z9dkPjiWEBaI.OFFt4jmnKiPYa9a9xvzCeLi1KTQqWZa2',NULL,1,'2025-01-10 12:50:43',1,1,0,NULL,NULL,'KC-DAUKAM729','2025-01-10 12:50:05','2025-01-10 12:50:43'),(182,'+23233600209',NULL,0,NULL,1,'$2a$10$l4mEVT1VmlhSoqaTXhWEXeJ3DgI26NtosTrgZbTNCLAiZyZASyTVO',NULL,1,'2025-01-10 14:26:14',1,1,0,NULL,NULL,'KC-DAUKAM729','2025-01-10 14:25:38','2025-01-10 14:26:14'),(184,'+23277244534',NULL,0,NULL,1,'$2a$10$Fpc1BT4EyBWO8nZq8pM68OtFnqSAN4W5MMImj4ebuh0IdyQuU48Zy','261446',1,'2025-01-10 16:38:08',1,1,0,NULL,NULL,'KC-DAUKAM729','2025-01-10 16:37:34','2025-02-07 15:51:14'),(185,'+23278327898',NULL,0,NULL,1,'$2a$10$RMh8RLSVzOCw/jvxn4Vb2ecjY0rvDAlG3Z7QNWQBSwu2kMp/IwJee',NULL,1,'2025-01-10 20:34:21',1,1,0,NULL,NULL,NULL,'2025-01-10 20:33:28','2025-01-10 20:34:20'),(187,'+23279933557',NULL,0,NULL,1,'$2a$10$stmuWFmVxe7y39hijOUrM.3yY1m0rKqoR6FuNs3e2MPKOZjyUfNOy',NULL,1,'2025-01-11 15:55:41',1,1,0,NULL,NULL,NULL,'2025-01-11 15:55:03','2025-01-11 15:55:40'),(188,'+23231864632',NULL,0,NULL,1,'$2a$10$RfvLmedAbyuHsD7IBBPiHulbE4KCUgq1A8z77wz/fMlXKlnkCHNr2',NULL,1,'2025-01-11 16:55:02',1,1,0,NULL,NULL,'KC-DAUKAM729','2025-01-11 16:54:38','2025-01-11 16:55:02'),(189,'+23276584305',NULL,0,NULL,1,'$2a$10$Gr/brTwLYXTaZxKtscaKTegizLp4TJEoCZu0t4zxpnmqsv9r75o6C',NULL,1,'2025-01-11 20:30:49',1,1,0,NULL,NULL,'KC-MARKAL971','2025-01-11 20:30:02','2025-01-11 20:30:49'),(191,'+23278342236',NULL,0,NULL,1,'$2a$10$s4Oe1AwUbApwu53ds/uqr.Y21sCBmVmNCQNj5.z4o.0Q0pD/nljwu',NULL,1,'2025-01-12 12:43:34',1,1,0,NULL,NULL,'KC-DAUKAM729','2025-01-12 12:43:00','2025-01-12 12:43:33'),(192,'+23288720689',NULL,0,NULL,1,'$2a$10$ndIkdSxCe2di2rkKg4693.4m6fcleMplgvQZrQXOWWB4rP85yuy4W',NULL,1,'2025-01-12 14:18:29',1,1,0,NULL,NULL,'KC-DAUKAM729','2025-01-12 14:17:47','2025-01-12 14:18:29'),(193,'+23290487124',NULL,0,NULL,1,'$2a$10$zD.Q0Pc4WdJyuA.zzrtZSewjhW.UGHLpZxL7TlYTCMr.O30zTkF2a',NULL,1,'2025-01-12 16:56:59',1,1,0,NULL,NULL,'KC-DAUKAM729','2025-01-12 16:56:32','2025-01-12 16:56:58'),(194,'+23230450945',NULL,0,NULL,1,'$2a$10$ukh.3.dKcL/KrBjVW33DM.VOmNmpqHwXGbJkvl48YhDob7j9tu04m',NULL,1,'2025-01-12 17:28:26',1,1,0,NULL,NULL,'KC-DAUKAM729','2025-01-12 17:28:01','2025-01-12 17:28:26'),(195,'+23277540522',NULL,0,NULL,1,'$2a$10$HOjlaD9Lbw/jhdxaDmTcOevXtqaGA/J0/87yHNxWsESxQ7biRo6Ie',NULL,1,'2025-01-12 17:49:22',1,1,0,NULL,NULL,'KC-DAUKAM729','2025-01-12 17:48:44','2025-01-12 17:49:21'),(196,'+23277718100',NULL,0,NULL,1,'$2a$10$YI247lgXI3ElFbW3A7kDzOIXoCkgBNDilqeiJxRRtofPVn0BX/RAO',NULL,1,'2025-01-12 22:10:27',1,1,0,NULL,NULL,'KC-DAUKAM729','2025-01-12 22:05:54','2025-01-12 22:10:26'),(199,'+23279553584',NULL,0,NULL,1,'$2a$10$xVZ3uur7zaOgYj.l8geM3.YJGiENiSTcU7M/e71zEyyAypOUOvlfS',NULL,1,'2025-01-13 18:06:30',1,1,0,NULL,NULL,'KC-DAUKAM729','2025-01-13 18:05:55','2025-01-13 18:06:29'),(200,'+23275821209',NULL,0,NULL,1,'$2a$10$XL9HYpH3Zsn/KSXRTKjB0.cmdKDCC1odMAWBsxDoLM5spanIVndje',NULL,1,'2025-01-13 19:49:43',1,1,0,NULL,NULL,'KC-ISAKOR525','2025-01-13 19:48:45','2025-01-13 19:49:43'),(201,'+23234968593',NULL,0,NULL,1,'$2a$10$wsDJyIJ/YOCVjoSejosSM.uwlc.HnDf5ppkhoOg7YjgcwDDzp9zLG',NULL,1,'2025-01-13 20:47:40',1,1,0,NULL,NULL,'KC-CLEKAM426','2025-01-13 20:47:13','2025-01-13 20:47:39'),(203,'+23230147718',NULL,0,NULL,1,'$2a$10$FSmGZAkoKZ3zXzjiXXdjW.lZZfikSWFucYFclWAvY1B2OeyGGosOm',NULL,1,'2025-01-13 21:22:09',1,1,0,NULL,NULL,'KC-DAUKAM729','2025-01-13 21:21:45','2025-01-13 21:22:08'),(205,'+23230174897',NULL,0,NULL,1,'$2a$10$cjepzJVyOt9mwKfDFkQzHexCAX9yx2H7Fnqg70nctazIT3I3.QKyO',NULL,1,'2025-01-13 22:49:05',1,1,0,NULL,NULL,'KC-MOHCON497','2025-01-13 22:48:53','2025-01-13 22:49:04'),(207,'+23275998176',NULL,0,NULL,1,'$2a$10$3HR5c0VF2i6AvUprUlSimO6AhVVzcylL.kmywThpIjXwCCvB6wCFq',NULL,1,'2025-01-14 15:41:58',1,1,0,NULL,NULL,'KC-DAUKAM729','2025-01-14 15:41:28','2025-01-14 15:54:30'),(208,'+23276895715',NULL,0,NULL,1,'$2a$10$8wtcgzM/cNN7wVYDId5E8uZD1TLWLypzPztlnGOJtUFO21gmkq.Gi',NULL,1,'2025-01-14 16:06:03',1,1,0,NULL,NULL,'KC-UMUBAH686','2025-01-14 16:05:41','2025-01-14 16:06:03'),(209,'+23299108544',NULL,0,NULL,1,'$2a$10$u7lq3Agh4ckOOT7kh2n73e86l9HQPvAO4PUKIwHZCZ6hXyWspm/R.',NULL,1,'2025-01-14 16:20:40',1,1,0,NULL,NULL,'KC-UMUBAH686','2025-01-14 16:19:52','2025-01-14 16:20:40'),(210,'+23233030191',NULL,0,NULL,1,'$2a$10$UoWReKyPURIN2vQD1rJwo.5sGldsnbhPj5e8aLwa8i6q0WC2Onalu',NULL,1,'2025-01-14 16:26:41',1,1,0,NULL,NULL,'KC-DAUKAM729','2025-01-14 16:26:12','2025-01-14 16:26:41'),(211,'+23232620715',NULL,0,NULL,1,'$2a$10$BDraUEMXZWF5D/zMtxGopOXzTNK23op.2XHCqYEyPdr3QHaJk30T2',NULL,1,'2025-01-14 16:33:56',1,1,0,NULL,NULL,'KC-CLEKAM426','2025-01-14 16:33:14','2025-01-14 16:33:56'),(212,'+23290528868',NULL,0,NULL,1,'$2a$10$bBVXPednK3S2IMGhR4JTaeqi40lxJatCS6LOmF8ZhIQw/zeJtbtti',NULL,1,'2025-01-14 17:25:27',1,1,0,NULL,NULL,'KC-UMUBAH686','2025-01-14 17:25:06','2025-01-14 17:25:27'),(213,'+23278712183',NULL,0,NULL,1,'$2a$10$qJNybOHY7rK6LaFgRVCB1u0UCyZUolTX4q4m6eCIXE7fShWwROhxm',NULL,1,'2025-01-14 18:20:14',1,1,0,NULL,NULL,'KC-CLEKAM426','2025-01-14 18:19:47','2025-01-14 18:20:13'),(214,'+23276287305',NULL,0,NULL,1,'$2a$10$ttj1e2/GP2WZmmwBUb1sfOIbO2tCx.qkAJCVpgmfEcfFVcAAXj9rW',NULL,1,'2025-01-14 18:38:02',1,1,0,NULL,NULL,'KC-CLEKAM426','2025-01-14 18:37:33','2025-01-14 18:38:02'),(215,'+23276148554',NULL,0,NULL,1,'$2a$10$35H/gtk.nx4u595H/s1GoewAvWltmi0q5k.DTZGcHV68WlWMSGG9O',NULL,1,'2025-01-14 18:56:34',1,1,0,NULL,NULL,'KC-CLEKAM426','2025-01-14 18:55:49','2025-01-14 18:56:34'),(216,'+23277714898',NULL,0,NULL,1,'$2a$10$50CqafqEJ0e1henUJ/rf.ugMDuLsz3NYFG/msZ6K2xNn9XijE4GRm',NULL,1,'2025-01-14 19:02:46',1,1,0,NULL,NULL,'KC-CLEKAM426','2025-01-14 19:02:02','2025-01-14 19:02:46'),(217,'+23299389658',NULL,0,NULL,1,'$2a$10$9a280kII8yGoKwNfd5oTAuojt86iywtNm4FZZDKLe5VDr99vJK732',NULL,1,'2025-01-14 19:37:39',1,1,0,NULL,NULL,'KC-CLEKAM426','2025-01-14 19:37:04','2025-01-14 19:37:39'),(218,'+23230850886',NULL,0,NULL,1,'$2a$10$D88O9D6nzs5tqKTDDNUrxuF/loS2SPQOAAuwQ.1HEHhCqtHQPHk.a',NULL,1,'2025-01-14 19:46:20',1,1,0,NULL,NULL,'KC-CLEKAM426','2025-01-14 19:45:41','2025-01-14 19:46:20'),(219,'+23290580438',NULL,0,NULL,1,'$2a$10$PgjNQsGSsZlroYbHeN8abOro3/5vTkcKFbbGnxMzwep0eDhKnRVa2',NULL,1,'2025-01-14 19:58:18',1,1,0,NULL,NULL,'KC-CLEKAM426','2025-01-14 19:57:40','2025-01-14 19:58:18'),(220,'+23234508625',NULL,0,NULL,1,'$2a$10$NWfBrJe.mG1g2G5VkK/tv.GxiWjii8LNxamYvmZa5.flXck2ULm4W',NULL,1,'2025-01-14 20:12:36',1,1,0,NULL,NULL,'KC-CLEKAM426','2025-01-14 20:11:09','2025-01-14 20:12:36'),(221,'+23230250890',NULL,0,NULL,1,'$2a$10$wX9n.6lLdRmuOzx975UJOug8.cVVAsi.i4/MQNYVAgGHOWjXx/WK.',NULL,1,'2025-01-15 10:37:08',1,1,0,NULL,NULL,'KC-DAUKAM729','2025-01-15 10:36:41','2025-01-15 10:37:08'),(222,'+23231091407',NULL,0,NULL,1,'$2a$10$03nUZgyYtQxnkfH6dzuVQ.XiLPxztZwvIhE/19JA9BVCKtK2CBbHG',NULL,1,'2025-01-15 14:14:46',1,1,0,NULL,NULL,'KC-DAUKAM729','2025-01-15 14:14:25','2025-01-15 14:14:45'),(223,'+23277916458',NULL,0,NULL,1,'$2a$10$S2Yvq5D54EEc95w5OyfatuEAPR6nfnZUYuDhGXPQT7QXXviLVCXQm',NULL,1,'2025-01-16 09:12:09',1,1,0,NULL,NULL,NULL,'2025-01-16 09:11:00','2025-01-16 09:12:09'),(224,'+23275765130',NULL,0,NULL,1,'$2a$10$sMGVdnAuXU2eTYr4J5/w7uI6RbPdQfAe7pSsTb/YXJFOjWhg8NfPm',NULL,1,'2025-01-16 09:41:00',1,1,0,NULL,NULL,'KC-MARKAL971','2025-01-16 09:40:30','2025-01-16 09:41:00'),(225,'+23280249434',NULL,0,NULL,1,'$2a$10$G6eY/pVr6mDhjGRdioKqNu8RpTbvO4PF1Ny6OAm8tFtAnU8fsodcC',NULL,1,'2025-01-16 10:05:58',1,1,0,NULL,NULL,'KC-MARKAL971','2025-01-16 10:04:54','2025-01-16 10:05:57'),(226,'+23276755330',NULL,0,NULL,1,'$2a$10$R1mZ61ad2ahttjVj1tHvNO4eQndTsZuNXJeyrcETOFJJ.w4ELV14S',NULL,1,'2025-01-16 12:39:56',1,1,0,NULL,NULL,'KC-MARKAL971','2025-01-16 12:38:57','2025-01-16 12:39:55'),(228,'+23275424344',NULL,0,NULL,1,'$2a$10$EY.V54yLwoaSkKBUmFWKe.Ki.DPnKMN7ecme1gaozIB2dSAqLVqOm',NULL,1,'2025-01-16 13:08:57',1,1,0,NULL,NULL,'KC-DAUKAM729','2025-01-16 13:08:24','2025-01-16 13:08:56'),(230,'+23290757534',NULL,0,NULL,1,'$2a$10$PW/3gfdUJBuffZk5j2dlx.a5KkbpaYqPWpE4g1HUMQmoDXIoLJwOi',NULL,1,'2025-01-16 13:31:39',1,1,0,NULL,NULL,'KC-DAUKAM729','2025-01-16 13:31:24','2025-01-16 13:31:39'),(231,'+23272190672',NULL,0,NULL,1,'$2a$10$R29SN4c9tGsDlAaCQkc1kuExQdwZcjH3aoM8HpikZaaFkPwLq9ohS',NULL,1,'2025-01-16 16:18:15',1,1,0,NULL,NULL,'KC-CLEKAM426','2025-01-16 16:17:18','2025-01-16 16:18:14'),(232,'+23234379910',NULL,0,NULL,1,'$2a$10$4oS4WPnGWJ3O/R9ha0l/N.bK0FYLYpS8AkelooKKcK94hVzy0uCPG',NULL,1,'2025-01-16 17:12:40',1,1,0,NULL,NULL,'KC-DAUKAM729','2025-01-16 17:12:07','2025-01-16 17:12:39'),(233,'+23272282221',NULL,0,NULL,1,'$2a$10$gWgxcuXCtYV9tOYLuE10YebwGzVg1CcApcefke1yZzbEk6Ldx1x06',NULL,1,'2025-01-16 17:24:11',1,1,0,NULL,NULL,'KC-DAUKAM729','2025-01-16 17:23:36','2025-01-16 17:24:11'),(235,'+23275560617',NULL,0,NULL,1,'$2a$10$apidapRntCC.KuGrJP9KQeiDc8pNNSc7kdxX4PEAy1.BOpenVX18u',NULL,1,'2025-01-16 20:47:42',1,1,0,NULL,NULL,NULL,'2025-01-16 20:47:19','2025-01-16 20:47:42'),(236,'+23274555594',NULL,0,NULL,1,'$2a$10$VoawoIJZgTsnGPbXWNiJK.c/qWwjfg/cOsweQiLuCp0liSlOFWVMW',NULL,1,'2025-01-16 23:51:51',1,1,0,NULL,NULL,'KC-UMUBAH686','2025-01-16 23:51:18','2025-01-16 23:51:50'),(237,'+23276299417',NULL,0,NULL,1,'$2a$10$xcrs69FU5LtQCDMWVtQMneSEXWWcxjgzZg.6wdTcNmOSHDCSWmGZe',NULL,1,'2025-01-17 11:57:28',1,1,0,NULL,NULL,NULL,'2025-01-17 11:56:25','2025-01-17 11:57:28'),(238,'+23290575904',NULL,0,NULL,1,'$2a$10$Myriiryxt5RDseHS.Vp6q.R9T8P8bWf/mkqZRTHijju8tB3t7OKb2',NULL,1,'2025-01-17 12:09:49',1,1,0,NULL,NULL,NULL,'2025-01-17 12:08:52','2025-01-17 12:09:48'),(239,'+23280118623',NULL,0,NULL,1,'$2a$10$qwH1BAsTnTJhvLH1h3Lw3.jYP9pnn3xf/dW3CvBt5YzcT2TkUxAD2','663739',1,'2025-01-17 12:19:21',1,1,0,NULL,NULL,'KC-UMUBAH686','2025-01-17 12:18:31','2025-01-31 15:37:34'),(240,'+23233374181',NULL,0,NULL,1,'$2a$10$MpIumGtL8QA/3sc16LlWk.sAnP0u/7nxeY3nlr3t8PPtAnuY442xm',NULL,1,'2025-01-17 13:20:10',1,1,0,NULL,NULL,'KC-MARKAL971','2025-01-17 13:19:20','2025-01-17 13:20:10'),(241,'+23272470607',NULL,0,NULL,1,'$2a$10$GW5rNOAc5f58KEuBPAjZwepudpKfsFIzdhbuqM36afTwdCBUs4TQa',NULL,1,'2025-01-17 13:31:03',1,1,0,NULL,NULL,'KC-MARKAL971','2025-01-17 13:30:36','2025-01-17 13:31:02'),(244,'+23232359741',NULL,0,NULL,1,'$2a$10$dIN/MWesj4aLEhTta2q84O4Gnq1HkjHO5U91A7T22szv/eiyQ2PUq',NULL,1,'2025-01-17 14:00:06',1,1,0,NULL,NULL,'KC-MARKAL971','2025-01-17 13:59:22','2025-01-17 14:00:05'),(245,'+23231474308',NULL,0,NULL,1,'$2a$10$hSZZR8QBRbuG.pDU436EUuDOd.cimGBmhsPCkZ1EBe1L350a0OLhm',NULL,1,'2025-01-17 14:22:47',1,1,0,NULL,NULL,'KC-DAUKAM729','2025-01-17 14:21:14','2025-01-17 14:22:47'),(247,'+23234940612',NULL,0,NULL,1,'$2a$10$PcrWvqcXFPt80eIFzMJ3R.OC.Wu/qpzio.yNK0wYqT32U93Qd3xM.',NULL,1,'2025-01-17 17:14:40',1,1,0,NULL,NULL,'KC-UMUBAH686','2025-01-17 15:24:38','2025-01-17 17:14:40'),(248,'+23277678657',NULL,0,NULL,1,'$2a$10$gdtI9WRE/OVGgQWg6yt0We3FuCtux8EQuNAo33KIRSaUDYuZUo3N6',NULL,1,'2025-01-17 17:20:56',1,1,0,NULL,NULL,'KC-UMUBAH686','2025-01-17 17:20:07','2025-01-17 17:20:56'),(249,'+23290760733',NULL,0,NULL,1,'$2a$10$n.O3VQ90iHoOdqQ.q/gB9.DH3y9OkZinCtTuG2f0ySznxDWJ4muVG',NULL,1,'2025-01-18 15:53:09',1,1,0,NULL,NULL,'KC-CLEKAM426','2025-01-18 15:52:28','2025-01-18 15:53:09'),(250,'+23299776516',NULL,0,NULL,1,'$2a$10$JSJ63SALsbSUbIUdAgH5G.jsdtMBDt78nnTd61K2X8yQ8i2ZPgLMW',NULL,1,'2025-01-18 16:07:14',1,1,0,NULL,NULL,'KC-CLEKAM426','2025-01-18 16:06:21','2025-01-18 16:07:14'),(251,'+23276887873',NULL,0,NULL,1,'$2a$10$5yl3axLTv0a0q3DL1dPkne8ZonKFwdHHXpC5JSY8UgVHQGFpMc.Sy',NULL,1,'2025-01-18 16:12:45',1,1,0,NULL,NULL,'KC-CLEKAM426','2025-01-18 16:11:47','2025-01-18 16:12:44'),(255,'+23234719196',NULL,0,NULL,1,'$2a$10$wD.J/G8SrOGpDWgkj0WKnuJCTuDih4gJEeQ976sCCR5MgnsZbSOJ.',NULL,1,'2025-01-18 20:11:50',1,1,0,NULL,NULL,'KC-ISAKOR525','2025-01-18 20:10:56','2025-01-18 20:11:49'),(256,'+23231850948',NULL,0,NULL,1,'$2a$10$NiYMAb9ep.d9cKfQJh7ASuZ5i4CASsiJTptBiOHCJF4faxWPpZc2u',NULL,1,'2025-01-18 21:04:52',1,1,0,NULL,NULL,'KC-ISAKOR525','2025-01-18 21:04:09','2025-01-18 21:04:52'),(258,'+23274143922',NULL,0,NULL,1,'$2a$10$MjRgX6h7uvbBFLDpOBnV8ewE/s16LKrBkeeFi5T7aTr9kRhUI/uGq',NULL,1,'2025-01-18 22:11:20',1,1,0,NULL,NULL,'KC-UMUBAH686','2025-01-18 22:06:41','2025-01-18 22:11:19'),(259,'+23280084874',NULL,0,NULL,1,'$2a$10$AqTIo9ezh/sutPDQL7WNDOdx9/ToDRHmgOzwjRuZJK2RW3Fs4b6ky',NULL,1,'2025-01-18 22:24:59',1,1,0,NULL,NULL,'KC-UMUBAH686','2025-01-18 22:22:41','2025-01-18 22:24:58'),(261,'+23232712625',NULL,0,NULL,1,'$2a$10$6RoM4.TA0Sx6NVkCr0/22uJ.IosEEyerjrKBsWrpEvR.DQpOOykUO',NULL,1,'2025-01-19 07:27:28',1,1,0,NULL,NULL,NULL,'2025-01-19 07:26:06','2025-01-19 07:27:28'),(263,'+23288967717',NULL,0,NULL,1,'$2a$10$hMAbfRwo8V5lrmnqeMb/tuPhPn9Vp3VlzQoZOmXB9KSJHW65EBnMe',NULL,1,'2025-01-19 11:18:40',1,1,0,NULL,NULL,'KC-UMUBAH686','2025-01-19 11:16:05','2025-01-19 11:18:40'),(264,'+23275664760',NULL,0,NULL,1,'$2a$10$mLBu.FoYdGVXbnHx0uW.8ejzZjKT5AEHpUPs9doVxq6i4VlsDmYna',NULL,1,'2025-01-19 11:22:29',1,1,0,NULL,NULL,'KC-DAUKAM729','2025-01-19 11:22:00','2025-01-19 11:30:32'),(265,'+23232680823',NULL,0,NULL,1,'$2a$10$Qq7cD0SmxkJdt4ukuLsB3OTLg9BIKUFAyQJAi1qNnzUmD52yth7eC',NULL,1,'2025-01-19 11:36:56',1,1,0,NULL,NULL,'KC-DAUKAM729','2025-01-19 11:36:09','2025-01-19 11:36:56'),(266,'+23230698678',NULL,0,NULL,1,'$2a$10$mKoxXRep.GKlpSd.cAyom.jnyCM2HHDG4mnnbHcVuvGVrEUFIjDvC',NULL,1,'2025-01-19 11:59:33',1,1,0,NULL,NULL,'KC-MOHCON497','2025-01-19 11:59:16','2025-01-19 11:59:32'),(267,'+23232563924',NULL,0,NULL,1,'$2a$10$WpKGfa9xcoA/rpis4bY88.KHF.tSTTcDmYDgK5vvCu5FN/ocmmNTu',NULL,1,'2025-01-19 13:33:22',1,1,0,NULL,NULL,'KC-UMUBAH686','2025-01-19 13:24:58','2025-01-19 13:33:22'),(269,'+23274972040',NULL,0,NULL,1,'$2a$10$1mVkXi2QcSlI1dryYkqoauMN05Yh96zFegDzF4zWxrvEMwRHMs3MW',NULL,1,'2025-01-19 17:05:22',1,1,0,NULL,NULL,'KC-CLEKAM426','2025-01-19 17:04:20','2025-01-19 17:05:21'),(271,'+23273906691',NULL,0,NULL,1,'$2a$10$CHIhvDvcq90UIBmKiy27r./TDtNMz/csXI0RvpsVo6i42uDj1pWw6',NULL,1,'2025-01-19 17:28:31',1,1,0,NULL,NULL,'KC-CLEKAM426','2025-01-19 17:27:36','2025-01-19 17:28:31'),(272,'+23288228089',NULL,0,NULL,1,'$2a$10$vjViusroGrgtvGWJQTiP0uZwn4VsLA4BcV9qmRIWCtL0hCNgphgh.',NULL,1,'2025-01-19 20:34:29',1,1,0,NULL,NULL,'KC-CLEKAM426','2025-01-19 20:33:37','2025-01-19 20:34:29'),(275,'+23299452673',NULL,0,NULL,1,'$2a$10$E/PvRi0llSkl4/8in0Qa0eJ3jmczYAyWfeXeWyJLzqk.ukC/Z/yX6',NULL,1,'2025-01-19 21:20:13',1,1,0,NULL,NULL,NULL,'2025-01-19 21:19:59','2025-01-19 21:20:12'),(276,'+23277300405',NULL,0,NULL,1,'$2a$10$yHeqoOfJSQLRaVrcC7F7Z.NfdUdVLkembHLK/eTbZQbd9PcF5OpVe',NULL,1,'2025-01-19 21:31:45',1,1,0,NULL,NULL,'KC-MOHCON497','2025-01-19 21:31:23','2025-01-19 21:31:45'),(278,'+23279543074',NULL,0,NULL,1,'$2a$10$mrAvhvMj0JXY6NevQzzUZOgGOUf1bALcRnl.9FjcdX5pw9fWvk52S',NULL,1,'2025-01-20 00:08:29',1,1,0,NULL,NULL,'KC-UMUBAH686','2025-01-20 00:07:37','2025-01-20 00:08:28'),(279,'+23278739087',NULL,0,NULL,1,'$2a$10$xJXBraxh3Uduu0N2cJHIGerwALjEYpM3Lqph2eBImkWUtTcProsoC',NULL,1,'2025-01-20 09:32:29',1,1,0,NULL,NULL,NULL,'2025-01-20 09:31:47','2025-01-20 09:32:28'),(280,'+23277361753',NULL,0,NULL,1,'$2a$10$kK57S.UcYJ8kkJHiZaOKp.bTd6s5KT13Y3ADlXTJFpkeEp.EJYfrK',NULL,1,'2025-01-20 10:43:05',1,1,0,NULL,NULL,'KC-MARKAL971','2025-01-20 10:42:32','2025-01-20 10:43:04'),(281,'+23276553287','ishakanwah@gmail.com',0,NULL,2,'$2a$10$nYrdq1z3qaXMzdibXti7ceLL.RSwAVqaPEvyPY4dNvLw6YHJBNoq.',NULL,1,'2025-01-20 11:14:21',1,1,0,NULL,NULL,'KC-MARKAL971','2025-01-20 11:13:59','2025-01-20 11:14:20'),(284,'+23288944376',NULL,0,NULL,1,'$2a$10$1vyhCUuqWxyL6zs8iD.PNu87Ny0NGO0vJY8RwO9OAMYDgZonewce2',NULL,1,'2025-01-20 12:33:48',1,1,0,NULL,NULL,'KC-DAUKAM729','2025-01-20 12:33:20','2025-01-20 12:33:47'),(285,'+23274770651',NULL,0,NULL,1,'$2a$10$nBu06Uis1clItqyreXUcYOuZtp49ACiLf6i0zquzKJbVGq7KRcQf6',NULL,1,'2025-01-20 15:00:24',1,1,0,NULL,NULL,'KC-DAUKAM729','2025-01-20 15:00:05','2025-01-20 15:00:23'),(286,'+23272383769',NULL,0,NULL,1,'$2a$10$O20fUaO4etzdvSXyqyhIYeAf6eX.bxLSan/wikRTSMCuSzQNcUKYS',NULL,1,'2025-01-20 15:15:44',1,1,0,NULL,NULL,'KC-DAUKAM729','2025-01-20 15:15:23','2025-01-20 15:15:44'),(288,'+23279334860',NULL,0,NULL,1,'$2a$10$IurfOsoQnnNJXonzpYTZfOz2p3ROWNj6TzrXCJGa5zzvB4lGrfgjS',NULL,1,'2025-01-20 15:35:05',1,1,0,NULL,NULL,'KC-MOHCON497','2025-01-20 15:34:23','2025-01-20 15:35:04'),(289,'+23230492767',NULL,0,NULL,1,'$2a$10$mQXznG3un/Cd4QzM4kTCmuF/k4GyNddzM/j19edaEwKnd6W2JgLK2',NULL,1,'2025-01-20 15:41:52',1,1,0,NULL,NULL,'KC-MOHCON497','2025-01-20 15:41:23','2025-01-20 15:41:52'),(290,'+23288910581',NULL,0,NULL,1,'$2a$10$Ko1VeURR.Q7LE3BqLHd8Ju8egx7Bnm0hT32D3fgBVX/eg/rZhEt9a',NULL,1,'2025-01-20 15:54:53',1,1,0,NULL,NULL,'KC-MOHCON497','2025-01-20 15:54:25','2025-01-20 15:54:53'),(292,'+23288730797',NULL,0,NULL,1,'$2a$10$whCcOgD4VPUQk74PiEqgOuoKXZYw.uTpnd3jLzzvjbgXxQ08uyJaG',NULL,1,'2025-01-20 18:40:18',1,1,0,NULL,NULL,'KC-MARKAL971','2025-01-20 18:39:14','2025-01-20 18:40:18'),(293,'+23233013666',NULL,0,NULL,1,'$2a$10$KEQXVwtfZIzBkLPEuA/F0uyLk2pvHFQnoTINUjYyMyHji8US0E8/S',NULL,1,'2025-01-20 18:40:58',1,1,0,NULL,NULL,NULL,'2025-01-20 18:39:45','2025-01-20 18:40:58'),(294,'+23278199514',NULL,0,NULL,1,'$2a$10$90d.PWKMxOAjtDR5e99Viuonv7zUV53rWEGzdNgMkl9o8DXP5R5qm',NULL,1,'2025-01-20 18:44:07',1,1,0,NULL,NULL,NULL,'2025-01-20 18:43:38','2025-01-20 18:44:06'),(295,'+23280362104',NULL,0,NULL,1,'$2a$10$RKa3qY.0dkfXN6.RP.zsze7POeS3GJj.0cdub4PYNpHVV4C6CFVdu',NULL,1,'2025-01-20 19:05:36',1,1,0,NULL,NULL,'KC-MARKAL971','2025-01-20 19:03:58','2025-01-20 19:05:36'),(296,'+23276959468',NULL,0,NULL,1,'$2a$10$TE3KoxC1BPr/FnrHi6Dp5.eoQXOqqPHWU1iuusu/5Su717DwsZEW6',NULL,1,'2025-01-20 19:43:52',1,1,0,NULL,NULL,'KC-MARKAL971','2025-01-20 19:38:50','2025-01-20 19:43:51'),(297,'+23288636179',NULL,0,NULL,1,'$2a$10$s9hvLq1kdgh49tBddIA54.11FwFPrkTRHjbIL1qPWHHbX.oJgfvX6',NULL,1,'2025-01-20 22:10:58',1,1,0,NULL,NULL,'KC-DAUKAM729','2025-01-20 22:10:20','2025-01-20 22:10:57'),(298,'+23234335857',NULL,0,NULL,1,'$2a$10$I68sde2hvzatHnbmV8v.d.XV5XBczGUoqCo1JgU4t/srqzzdOxQzG',NULL,1,'2025-01-20 23:11:54',1,1,0,NULL,NULL,'KC-MOHCON497','2025-01-20 23:11:09','2025-01-20 23:11:54'),(299,'+23230239538',NULL,0,NULL,1,'$2a$10$G4aYMR/Xl41RD0PKt4YEX.rkjGb8KEmAqX7x5NHAxwTIhkSa1yoQK',NULL,1,'2025-01-20 23:27:38',1,1,0,NULL,NULL,'KC-DAUKAM729','2025-01-20 23:27:20','2025-01-20 23:27:38'),(300,'+23234673982',NULL,0,NULL,1,'$2a$10$EI90ojroFJH7UH6YcZ0lCO4LKJUxwSr4Bnl89HQksb6JhxdxumBdK',NULL,1,'2025-01-20 23:36:20',1,1,0,NULL,NULL,NULL,'2025-01-20 23:35:59','2025-01-20 23:36:19'),(301,'+23275200042',NULL,0,NULL,1,'$2a$10$4Xb9dUPGob5BI/rrjVMuZOpGgZBlk1sZkO3XqNxN3QAYbTQqfF.uK',NULL,1,'2025-01-20 23:37:01',1,1,0,NULL,NULL,'KC-DAUKAM729','2025-01-20 23:36:39','2025-01-20 23:37:01'),(302,'+23277586272',NULL,0,NULL,1,'$2a$10$X6UIShCorSsNOkJDEW2oYuRa8C6MdmPbhZOILcOiu./M.xj5WHK8O',NULL,1,'2025-01-21 07:32:31',1,1,0,NULL,NULL,'KC-MARKAL971','2025-01-21 07:31:28','2025-01-21 07:32:30'),(303,'+23232027270',NULL,0,NULL,1,'$2a$10$SZkOPK38Dvpi/EJgkH6eJ.vLrtq7vtLPf6iChD06cPV2sPKb1JnZS',NULL,1,'2025-01-21 08:35:24',1,1,0,NULL,NULL,'KC-REBCON550','2025-01-21 08:34:55','2025-01-21 08:35:24'),(304,'+23276863667',NULL,0,NULL,1,'$2a$10$O.yaH93585V9GWgRFwnrreMy9EDMJltpQ3FQ9JLVcjTMGaAPno8OK','175651',1,'2025-01-21 09:50:09',1,1,0,NULL,NULL,'KC-DAUKAM729','2025-01-21 09:49:43','2025-01-21 12:20:00'),(305,'+23277744804',NULL,0,NULL,1,'$2a$10$Py1TAXtYU2vUMEJXstlvbeftQAClaFDEbcp.JRcAbWzODNHoPeJhe',NULL,1,'2025-01-21 09:57:31',1,1,0,NULL,NULL,'KC-DAUKAM729','2025-01-21 09:57:05','2025-01-21 09:57:31'),(306,'+23288763550',NULL,0,NULL,1,'$2a$10$YSPT5UO2WvD8Psde4VPZmeTEWQ.t8A2mvTCYP4KIgVIHhWTI9hof2',NULL,1,'2025-01-21 10:17:09',1,1,0,NULL,NULL,'KC-DAUKAM729','2025-01-21 10:16:43','2025-01-21 10:17:08'),(307,'+23234043538',NULL,0,NULL,1,'$2a$10$BYl0E6u1bPY7k7YoGVIIu.S8gHNVOz01GzwyUIiIYFUINXqt6yq1W',NULL,1,'2025-01-21 10:39:50',1,1,0,NULL,NULL,'KC-REBCON550','2025-01-21 10:39:22','2025-01-21 10:39:50'),(308,'+23275475245',NULL,0,NULL,1,'$2a$10$3UoSzvWZs5lISeVwHldvjuuychmxGjbYHEtGKTULRDzSucORja.am',NULL,1,'2025-01-21 11:20:53',1,1,0,NULL,NULL,'KC-MOHCON497','2025-01-21 11:20:18','2025-01-21 11:20:52'),(309,'+23278756435',NULL,0,NULL,1,'$2a$10$oJlBAysjNERIaN7WmzlttuO1IRZPmXiUKkeDZg8fa4esr7JwBTql2',NULL,1,'2025-01-21 13:05:53',1,1,0,NULL,NULL,'KC-DAUKAM729','2025-01-21 13:05:37','2025-01-21 13:05:53'),(310,'+23231426086',NULL,0,NULL,1,'$2a$10$Ji1YTPFTw3fHLNo2ZNxpDuAru4ZyxQoXGJ2bhJkyvKMrg4FcX8qtm',NULL,1,'2025-01-21 13:27:47',1,1,0,NULL,NULL,'KC-MOHCON497','2025-01-21 13:27:20','2025-01-21 13:27:47'),(311,'+23275836586',NULL,0,NULL,1,'$2a$10$1pkhI6XxjH/gIBx1Nk6PCuQ.QRWOGuQ2yG2xLA0ZYdbs2CinHBAc2',NULL,1,'2025-01-21 14:32:32',1,1,0,NULL,NULL,'KC-REBCON550','2025-01-21 14:31:57','2025-01-21 14:32:31'),(312,'+23276821319',NULL,0,NULL,1,'$2a$10$KiNnyLkUtAFFY60vwDLXy.C52Us4EE6QFFaX/4yOqz5HEXXv.tyE.',NULL,1,'2025-01-21 14:43:04',1,1,0,NULL,NULL,'KC-DAUKAM729','2025-01-21 14:42:31','2025-01-21 14:43:03'),(313,'+23274508857',NULL,0,NULL,1,'$2a$10$uRw2gHw1e1ekZ9RPiT8xEeA5rnd1BP307pfxAeMrMOWmZJbWtXGL6',NULL,1,'2025-01-21 14:44:49',1,1,0,NULL,NULL,'KC-REBCON550','2025-01-21 14:43:27','2025-01-21 14:44:49'),(314,'+23272611753',NULL,0,NULL,1,'$2a$10$BZVWNq9PV/yhJIGKQUQAW.FusFkhRAIhnyBJmui0FCaZGhI7qbJMm',NULL,1,'2025-01-21 14:54:50',1,1,0,NULL,NULL,'KC-REBCON550','2025-01-21 14:54:30','2025-01-21 14:54:49'),(316,'+23231252588',NULL,0,NULL,1,'$2a$10$1/MkaVEioYC45MNpYR0tAuBIGIaCZrzEemFkiVwYZZX59JbopPVe6',NULL,1,'2025-01-21 15:31:49',1,1,0,NULL,NULL,'KC-UMUBAH686','2025-01-21 15:28:43','2025-01-21 15:31:49'),(318,'+23233381741',NULL,0,NULL,1,'$2a$10$gv9Jxzpgf719GVO2fCoEeuL0IlsrL5XmyCN9bGUS.WTGDz5d4Ff6e',NULL,1,'2025-01-21 16:13:35',1,1,0,NULL,NULL,'KC-MOHCON497','2025-01-21 16:13:06','2025-01-21 16:13:34'),(319,'+23279477732',NULL,0,NULL,1,'$2a$10$cA7cP1bHtgm2RxLzRcyKyud3mAy/e7RUQOsuPhgeUjsYm1N5LJERK',NULL,1,'2025-01-21 17:41:18',1,1,0,NULL,NULL,'KC-REBCON550','2025-01-21 17:40:54','2025-01-21 17:41:18'),(320,'+23232991181',NULL,0,NULL,1,'$2a$10$YUkJZbkWwfoaGPHpJ7lOOOUf0RX9pj4U22CtYRL24yCtLSvrKe0Tm',NULL,1,'2025-01-21 19:27:46',1,1,0,NULL,NULL,'KC-CLEKAM426','2025-01-21 19:26:36','2025-01-21 19:27:45'),(321,'+23290864417',NULL,0,NULL,1,'$2a$10$68WlfEDdXOxDCzQaC8TSZu343mEc0YIJcdSeUFoSkPDEbmgvc0YMi',NULL,1,'2025-01-22 08:59:17',1,1,0,NULL,NULL,'KC-CLEKAM426','2025-01-22 08:58:24','2025-01-22 08:59:17'),(322,'+23207496615',NULL,0,NULL,1,'$2a$10$6NkbfW28yCcHc4f0mW1ABe5WRZ744dbCx.8jFEgjJU3yFE2mtB7KK','066462',0,NULL,1,0,0,NULL,NULL,'KC-CLEKAM426','2025-01-22 09:08:35','2025-01-22 09:08:35'),(323,'+23274966157',NULL,0,NULL,1,'$2a$10$nRsCt5veAyG2wdncCjnDLufxZMnfxdZxA8a2GBMzuhsK4AqYap6WO',NULL,1,'2025-01-22 09:13:39',1,1,0,NULL,NULL,'KC-CLEKAM426','2025-01-22 09:12:38','2025-01-22 09:13:38'),(324,'+23278676880',NULL,0,NULL,1,'$2a$10$bo.10dMRgOVZ9f3aNJznReQN4MDoWIi/DMjSb422CWkWE56BSkGzC',NULL,1,'2025-01-22 13:13:09',1,1,0,NULL,NULL,'KC-DAUKAM729','2025-01-22 13:12:23','2025-01-22 13:13:08'),(325,'+23231946561',NULL,0,NULL,1,'$2a$10$7i35TKv8HHXi0cagIOeEyO146Sk9nHj1BBW7u4G7oDpzIhPMD9P1G',NULL,1,'2025-01-22 15:09:51',1,1,0,NULL,NULL,'KC-DAUKAM729','2025-01-22 15:09:36','2025-01-22 15:09:51'),(326,'+23277097864',NULL,0,NULL,1,'$2a$10$.vyNWQm6HiPJBvWesx7hmuaxZc1yL1tC118yVtoDrfV12ddWh8/GK',NULL,1,'2025-01-22 22:59:04',1,1,0,NULL,NULL,'KC-REBCON550','2025-01-22 22:58:43','2025-01-22 22:59:04'),(327,'+23299801424',NULL,0,NULL,1,'$2a$10$S8BESdUQCJuk4w2QPvYZluQ./hSEn9jl7WkDnWIoDqPuC30v81wEm',NULL,1,'2025-01-23 13:18:53',1,1,0,NULL,NULL,'KC-CLEKAM426','2025-01-23 13:18:22','2025-01-23 13:18:52'),(328,'+23275662827',NULL,0,NULL,1,'$2a$10$VzLW/p/P/Li4g1hJdx/t.OhSO/D48sRe/eMfNJMdATsRqy1qGmnJq',NULL,1,'2025-01-23 13:31:06',1,1,0,NULL,NULL,'KC-CLEKAM426','2025-01-23 13:30:33','2025-01-23 13:31:06'),(329,'+23290771064',NULL,0,NULL,1,'$2a$10$Aii5l.Wl42vjjhQoweR2HuyZQd7HCpMEFv2QD.8W6uxk1SPlGkTIi',NULL,1,'2025-01-23 13:38:32',1,1,0,NULL,NULL,'KC-CLEKAM426','2025-01-23 13:38:01','2025-01-23 13:38:32'),(330,'+23276244137',NULL,0,NULL,1,'$2a$10$m0aRll4U55xkqNf6yPw91e6r8eukjyjsl9XKf7rmzTH3lo2T6ayua',NULL,1,'2025-01-23 19:02:05',1,1,0,NULL,NULL,'KC-DAUKAM729','2025-01-23 19:01:48','2025-01-23 19:02:04'),(331,'+23280515684',NULL,0,NULL,1,'$2a$10$MRqfkwnHiC7osxwZZAeujei/NdqYXonK53lE4oUdcLMOVxNiGqIV2',NULL,1,'2025-01-23 20:11:56',1,1,0,NULL,NULL,'KC-CLEKAM426','2025-01-23 20:10:45','2025-01-23 20:11:55'),(332,'+23234035595',NULL,0,NULL,1,'$2a$10$F8ubTpE8UrgzXl3bBI/1TuJJM/I/liwdMh/jWkUCxohKBADfhVqge',NULL,1,'2025-01-23 20:29:28',1,1,0,NULL,NULL,'KC-CLEKAM426','2025-01-23 20:28:39','2025-01-23 20:29:28'),(333,'+23299580528',NULL,0,NULL,1,'$2a$10$WuNPvs5geB1Sm2soX4oFR.QjRHj7UBjwX.oC4XOZDtI8Kgl8ZCV4m',NULL,1,'2025-01-23 20:37:01',1,1,0,NULL,NULL,'KC-DAUKAM729','2025-01-23 20:36:47','2025-01-23 20:37:01'),(334,'+23279497787',NULL,0,NULL,1,'$2a$10$FS7oW4yA.tHCgHoopBulL.LNTf59EKB5yfZz9A1bclliF5Iqim8Uu',NULL,1,'2025-01-23 20:45:04',1,1,0,NULL,NULL,'KC-DAUKAM729','2025-01-23 20:44:50','2025-01-23 20:45:03'),(335,'+23232308979',NULL,0,NULL,1,'$2a$10$kWfwNhIUx8rAG9cmoGjGf.9yb8DA0ggGy2Tc9.KgTRUUU/4YvJo7q','283517',0,NULL,1,0,0,NULL,NULL,'KC-ISAKOR525','2025-01-23 21:20:04','2025-01-23 21:20:04'),(337,'+23274192747',NULL,0,NULL,1,'$2a$10$jLbJYEhkzbjNmHIlGM3q8ur163GKV5K1lJ1744PJi0BTqyXPvUvFG',NULL,1,'2025-01-24 07:57:40',1,1,0,NULL,NULL,'KC-REBCON550','2025-01-24 07:55:30','2025-01-24 07:57:40'),(338,'+23234824691',NULL,0,NULL,1,'$2a$10$labj/Hu3//soCpPk4fW8I.BSJZ.WZqm3kFwHBVm69jzS6Cz21/BRG',NULL,1,'2025-01-24 08:00:34',1,1,0,NULL,NULL,'KC-ISAKOR525','2025-01-24 07:59:46','2025-01-24 08:00:33'),(339,'+23278064971',NULL,0,NULL,1,'$2a$10$NeuqExOmpysWZsltMg64LekFiD06ydKaIcLWHnutUSC/yluJODPmu',NULL,1,'2025-01-24 08:17:15',1,1,0,NULL,NULL,'KC-REBCON550','2025-01-24 08:16:15','2025-01-24 08:17:14'),(340,'+23274131977',NULL,0,NULL,1,'$2a$10$SmUlgH8URcvxTDQZ5IXMAOnUiNj8bDdyvfy6XHFz9ebXJjCtBRHcu',NULL,1,'2025-01-24 09:54:24',1,1,0,NULL,NULL,'KC-REBCON550','2025-01-24 09:54:10','2025-01-24 09:54:23'),(341,'+23280855023',NULL,0,NULL,1,'$2a$10$7jAgGLtBFRPcOnPL7JkDyOW0G11f7etUyvWv/FN8Bse4CcuMTA/TS',NULL,1,'2025-01-24 10:11:55',1,1,0,NULL,NULL,'KC-DAUKAM729','2025-01-24 10:11:23','2025-01-24 10:11:55'),(342,'+23273591907',NULL,0,NULL,1,'$2a$10$GJIbdtCECXyBGEP0vFxPPutxJjZuDvC5E3Adl7N8ZjtUmh8BofTXW',NULL,1,'2025-01-24 10:34:58',1,1,0,NULL,NULL,'KC-CLEKAM426','2025-01-24 10:34:04','2025-01-24 10:34:57'),(343,'+23277737639',NULL,0,NULL,1,'$2a$10$U8C10.8viWkEPcZbRLvrPeob8am0FG5l1Zrsh3GTHKQtlwc7J1mDu','712717',0,NULL,1,0,0,NULL,NULL,'KC-CLEKAM426','2025-01-24 10:44:43','2025-01-24 10:44:43'),(344,'+23233354106',NULL,0,NULL,1,'$2a$10$YZXWGWASe7v.kB9InhVc2eproHplY6p94L0MuJ6I5m9Yxy3TsK9UG','280271',1,'2025-01-24 11:45:12',1,1,0,NULL,NULL,'KC-DAUKAM729','2025-01-24 11:44:48','2025-01-24 15:13:04'),(345,'+23233808152',NULL,0,NULL,1,'$2a$10$TT.eOMwkNAhYp53rxluvYuK7ePzI4qk6Szm9kA01mbkZLw2XRcgmy',NULL,1,'2025-01-24 11:47:16',1,1,0,NULL,NULL,'KC-DAUKAM729','2025-01-24 11:46:52','2025-01-24 11:47:16'),(346,'+23274575556',NULL,0,NULL,1,'$2a$10$hDZZZ0EKequ7VoNELvxzUe2yavFjk5iDoH.HHJptUTE/vgUXMoMbe',NULL,1,'2025-01-24 12:00:22',1,1,0,NULL,NULL,'KC-DAUKAM729','2025-01-24 11:59:52','2025-01-24 12:00:22'),(347,'+23280287739',NULL,0,NULL,1,'$2a$10$DfVTEfbtWu2oIBVw98BTDufG0V/rovZmZmFQEhw.ZNDdqu5X0ywhG',NULL,1,'2025-01-24 13:51:23',1,1,0,NULL,NULL,'KC-MOHCON497','2025-01-24 13:50:48','2025-01-24 13:51:23'),(348,'+23277340255',NULL,0,NULL,1,'$2a$10$tIf7itJlvaaVDKuBkwjzU.IfcHCsEPmH0XeQGMDHlpfbHK6Zfbhle','165541',0,NULL,1,0,0,NULL,NULL,'KC-CLEKAM426','2025-01-24 14:33:51','2025-01-24 14:33:51'),(349,'+23273169519',NULL,0,NULL,1,'$2a$10$X0Nea.GfYi/hYSdHxNU/c.7yktWDMEx6OV29m8ok9dCR3Lf03g8eW','912964',0,NULL,1,0,0,NULL,NULL,'KC-MOHCON497','2025-01-24 14:34:56','2025-01-24 14:34:56'),(350,'+23278981848',NULL,0,NULL,1,'$2a$10$2ihvU6rozJ7AvspHLROE1ur8d/XwtSm.tVKmL4/ko0hBq97/.Takm',NULL,1,'2025-01-24 14:38:57',1,1,0,NULL,NULL,'KC-CLEKAM426','2025-01-24 14:38:02','2025-01-24 14:38:57'),(351,'+23288199196',NULL,0,NULL,1,'$2a$10$b9aFAlhNa1eC/ZK/l5lIHeBD9POPVbTmEgC3J9ZK959guC5uor/Di',NULL,1,'2025-01-24 14:46:56',1,1,0,NULL,NULL,'KC-DAUKAM729','2025-01-24 14:46:35','2025-01-24 14:46:56'),(352,'+23230120636',NULL,0,NULL,1,'$2a$10$bz3iRQPHoHM5sFnfSIehoeZSMPOOmfGDznYGA1UWJlOgG3m0q8D2W',NULL,1,'2025-01-24 14:53:38',1,1,0,NULL,NULL,'KC-MOHCON497','2025-01-24 14:53:09','2025-01-24 14:53:37'),(353,'+23279139552',NULL,0,NULL,1,'$2a$10$WKERAbbJf0LwOsGZKrsGKOijt6Hp98uJ7tTAuLlS6B2NDqz6q4avi',NULL,1,'2025-01-24 16:39:50',1,1,0,NULL,NULL,'KC-DAUKAM729','2025-01-24 16:39:31','2025-01-24 16:39:49'),(354,'+23277805359',NULL,0,NULL,1,'$2a$10$9ft3tUtwXQWY7nvdkFBdgOOCTwUmCmkAqF25Cx/OaeAU9hc6z0Ulm','248503',1,'2025-01-24 17:11:58',1,1,0,NULL,NULL,'KC-MOHCON497','2025-01-24 17:11:38','2025-01-26 03:00:00'),(355,'+23277247876',NULL,0,NULL,1,'$2a$10$f65G0h9biJyH4TuA1sk8LO8I/X1RDgWq/LZIJnzzagzsjNSh5ujnG',NULL,1,'2025-01-24 17:20:44',1,1,0,NULL,NULL,'KC-MOHCON497','2025-01-24 17:20:17','2025-01-24 17:20:43'),(356,'+23277797339',NULL,0,NULL,1,'$2a$10$GT8zzEVdG7gFBPaltjw5rOWYtrV56Ld5fTb4ISUuleUDAHjIu0feK',NULL,1,'2025-01-24 17:48:07',1,1,0,NULL,NULL,'KC-MOHCON497','2025-01-24 17:47:23','2025-01-24 17:48:07'),(357,'+23231744675',NULL,0,NULL,1,'$2a$10$ZroOimmSRGA785eicVmUcu9EalhLb6VyX/F3LjRC9IaSpZnh4zLl2',NULL,1,'2025-01-24 17:55:22',1,1,0,NULL,NULL,'KC-MOHCON497','2025-01-24 17:54:57','2025-01-24 17:55:21'),(358,'+23234957869',NULL,0,NULL,1,'$2a$10$q9FfThTAuSDCr2XPKRQ8TuiDsxCZGQe2LUEKcK9NiwOzThY8kUvB.',NULL,1,'2025-01-24 18:00:24',1,1,0,NULL,NULL,'KC-DAUKAM729','2025-01-24 17:59:56','2025-01-24 18:00:24'),(359,'+23275211270',NULL,0,NULL,1,'$2a$10$Rcb3jpyxm1xN65pXmLpg5u1kwZamPhePLyXv06AjE3b/GWxGD2n/C',NULL,1,'2025-01-24 18:02:31',1,1,0,NULL,NULL,'KC-MOHCON497','2025-01-24 18:02:04','2025-01-24 18:02:30'),(360,'+23230302929',NULL,0,NULL,1,'$2a$10$ndDJTVpu1lkPOwOCgo/E7uGgIprhSHc8/QzmwbhJbSjjq/rHaETCq',NULL,1,'2025-01-24 18:22:14',1,1,0,NULL,NULL,'KC-MOHCON497','2025-01-24 18:21:25','2025-01-24 18:22:13'),(361,'+23274727359',NULL,0,NULL,1,'$2a$10$5FKpHiWlPdFdQ.3ZHN3zp.g9FVPIWoFYqSNbLQ3U9Jv/R1uYlpZhm',NULL,1,'2025-01-24 18:27:50',1,1,0,NULL,NULL,'KC-DAUKAM729','2025-01-24 18:27:04','2025-01-24 18:27:49'),(362,'+23275272380',NULL,0,NULL,1,'$2a$10$0O90sE8qBFH.IIncACoOUuG2O3ArBZGUyykJJ4/3f9ES.56IT9GRm',NULL,1,'2025-01-24 18:28:29',1,1,0,NULL,NULL,'KC-MOHCON497','2025-01-24 18:27:49','2025-01-24 18:28:29'),(363,'+23280940727',NULL,0,NULL,1,'$2a$10$lUNWfkACvQvIlagL77Dws.tbGSXFzasDcEvQHDH19sd2SoDGSAD8O',NULL,1,'2025-01-24 18:49:03',1,1,0,NULL,NULL,'KC-MOHCON497','2025-01-24 18:48:42','2025-01-24 18:49:03'),(364,'+23277405457',NULL,0,NULL,1,'$2a$10$fGJuvYQobdILMcxATdAbmO3MiVbo9qAI9RCjlMvvP7wlVIhQOtTjy',NULL,1,'2025-01-24 18:52:53',1,1,0,NULL,NULL,'KC-ISAKOR525','2025-01-24 18:51:59','2025-01-24 18:52:53'),(365,'+23275084124',NULL,0,NULL,1,'$2a$10$eMiF7E5zTuGvsY8phEFNE.uZvrvzoA29cI0L4fq5yoyAlydBPrsLK',NULL,1,'2025-01-24 18:55:16',1,1,0,NULL,NULL,'KC-MOHCON497','2025-01-24 18:55:02','2025-01-24 18:55:15'),(366,'+23290572919',NULL,0,NULL,1,'$2a$10$RPVLNH.2vD23R/DC1qHPmeX7wX2ANK4MQnVmmUorJ5TrE2Jb426Gu',NULL,1,'2025-01-24 19:00:04',1,1,0,NULL,NULL,'KC-MOHCON497','2025-01-24 18:59:47','2025-01-24 19:00:03'),(367,'+23230733967',NULL,0,NULL,1,'$2a$10$6Jb3CD/TOHyqqOe0fXLax.3aOtM93LnTsThf34o1N6rIhVG/Y0nBu',NULL,1,'2025-01-24 19:04:39',1,1,0,NULL,NULL,'KC-MOHCON497','2025-01-24 19:04:20','2025-01-24 19:04:39'),(368,'+23234535760',NULL,0,NULL,1,'$2a$10$VlKbZ6voZ9I2yQC5tSKM4.xwugd8YLa8lNbnd1iytCR5QPP1yGZyi',NULL,1,'2025-01-24 19:34:43',1,1,0,NULL,NULL,'KC-REBCON550','2025-01-24 19:29:04','2025-01-24 19:34:43'),(369,'+23231011007',NULL,0,NULL,1,'$2a$10$xwQ.t66Udl9wg7n.QyUbH.FSVuN7cX9wg8K9EOh/eGk9CarNH.naS','453559',0,NULL,1,0,0,NULL,NULL,NULL,'2025-01-24 19:48:31','2025-01-24 19:48:31'),(370,'+23276443927',NULL,0,NULL,1,'$2a$10$1atRAW6KOg3KtP.soEXrI.rBGRLdF2BlrAsA7iR4QqbH3SZbNMe.q','647582',0,NULL,1,0,0,NULL,NULL,'KC-REBCON550','2025-01-24 19:49:42','2025-01-24 19:49:42'),(371,'+23277043500',NULL,0,NULL,1,'$2a$10$JCRAUhCiEtSDEa7LB8T24eUKDpfPC8FID3H/jIg5dJ6Gu0HsWrAl.','542438',0,NULL,1,0,0,NULL,NULL,'KC-REBCON550','2025-01-24 19:50:54','2025-01-24 19:50:54'),(372,'+23277993466',NULL,0,NULL,1,'$2a$10$PWhZLRwucewkGueUREOEM.t.id16UM7qzwxITuryk0vajICwBtu/K',NULL,1,'2025-01-24 20:05:13',1,1,0,NULL,NULL,'KC-MOHCON497','2025-01-24 20:04:56','2025-01-24 20:05:12'),(373,'+23275676035',NULL,0,NULL,1,'$2a$10$YM1/PWWyFtr1hMzOE5Q8E.rD.AcGi5NAq.l2/gFnEiPk7NY60Rh0K',NULL,1,'2025-01-24 20:23:28',1,1,0,NULL,NULL,'KC-MOHCON497','2025-01-24 20:22:58','2025-01-24 20:23:28'),(374,'+23234414806',NULL,0,NULL,1,'$2a$10$AvacCtt/h5N.NZ2uNLoZOucjivhlL3w0tj9hgKNZmB8uxuFZuY18i',NULL,1,'2025-01-24 20:30:22',1,1,0,NULL,NULL,'KC-MOHCON497','2025-01-24 20:29:53','2025-01-24 20:30:21'),(375,'+23232954967',NULL,0,NULL,1,'$2a$10$lKI7ZHVTF1LKtY1Ct1A3KOYYyN18HGWDee4AB6wsZ4kac3uBAUoGy',NULL,1,'2025-01-24 20:38:32',1,1,0,NULL,NULL,'KC-MOHCON497','2025-01-24 20:38:07','2025-01-24 20:38:31'),(376,'+23277510093',NULL,0,NULL,1,'$2a$10$kgfBty7VAZHQfdAEwvhZZuLbpTZccgWMOg68R0T/Q466DZNrnUtsa',NULL,1,'2025-01-24 20:46:32',1,1,0,NULL,NULL,'KC-MOHCON497','2025-01-24 20:46:03','2025-01-24 20:46:31'),(377,'+23275601966',NULL,0,NULL,1,'$2a$10$/.yrsFEuC2Jzx7cHngskueGV47Yz0a7dtFEiIr2HwtuXh2FR/26sG','172910',0,NULL,1,0,0,NULL,NULL,'KC-MOHCON497','2025-01-24 20:50:39','2025-01-24 20:50:39'),(378,'+23230246861',NULL,0,NULL,1,'$2a$10$aqaky36.BNlQGMb.sKUkhu5lGvFWnqD9wLoeNPLAt/NHEVhNrEZjC',NULL,1,'2025-01-24 20:57:39',1,1,0,NULL,NULL,'KC-DAUKAM729','2025-01-24 20:57:23','2025-01-24 20:57:38'),(379,'+23275515602',NULL,0,NULL,1,'$2a$10$Gbge9aIiSStPtrzP7RGKWO.vmPH9OHHc79PqvehhgUPDNIAubxFZq','848671',0,NULL,1,0,0,NULL,NULL,'KC-REBCON550','2025-01-25 10:40:55','2025-01-25 10:40:55'),(380,'+23234485870',NULL,0,NULL,1,'$2a$10$qmsRE4MX8RVfBY4O2xnDNubEOkffh/k0IBRAewJm2lo8K//yHxi2m',NULL,1,'2025-01-25 10:44:24',1,1,0,NULL,NULL,'KC-REBCON550','2025-01-25 10:43:36','2025-01-25 10:44:24'),(382,'+23276115382',NULL,0,NULL,1,'$2a$10$Nj65ejMxuVjg4VypIfrbEuo0pwLLDOk2dDzGIwwOBUBG4eWxZiRLO',NULL,1,'2025-01-25 14:25:12',1,1,0,NULL,NULL,'KC-DAUKAM729','2025-01-25 14:24:54','2025-01-25 14:25:12'),(383,'+23272256705',NULL,0,NULL,1,'$2a$10$wKWX5F3kkGhSQCn5Ilx19eKKQxLqpgaF2sCLhrG7njmwZbbY9CSnW','434944',0,NULL,1,0,0,NULL,NULL,'KC-ISAKOR525','2025-01-25 16:14:40','2025-01-25 16:14:40'),(384,'+23231679907',NULL,0,NULL,1,'$2a$10$OO6BS/HT9hxL/xbRjdWqK.c0o1aLper9yVU1O7mRxKOhoHISPVFvK',NULL,1,'2025-01-25 17:16:41',1,1,0,NULL,NULL,'KC-MOHCON497','2025-01-25 17:16:17','2025-01-25 17:16:41'),(385,'+23279283650',NULL,0,NULL,1,'$2a$10$fcL4Fb5Sf2OHWj4TPnZcZO4L1syf18RbjhCal6qeQ8ED0H5LVW2Z6',NULL,1,'2025-01-25 17:20:22',1,1,0,NULL,NULL,'KC-MOHCON497','2025-01-25 17:20:04','2025-01-25 17:20:21'),(386,'+23272133106',NULL,0,NULL,1,'$2a$10$NJPRIEXuZF2n1gbjYdnR6OgbSaZILLQPniR9GUzYqTQF9rm58F2ii',NULL,1,'2025-01-26 10:55:05',1,1,0,NULL,NULL,'KC-ISAKOR525','2025-01-26 10:54:38','2025-01-26 10:55:05'),(387,'+23234274642',NULL,0,NULL,1,'$2a$10$dNF801piPb5Rvanz5gGFtO3Qf.XPO7wjbv3xHeXHBiP/xJDbsW5Xa',NULL,1,'2025-01-26 19:21:36',1,1,0,NULL,NULL,'KC-ISAKOR525','2025-01-26 19:21:03','2025-01-26 19:21:36'),(388,'+23290447829',NULL,0,NULL,1,'$2a$10$x1PcEoBp9l0PfjwairPSk.VDwPNq.e5VoLIsi8Uow8zlHNbWgOjyK',NULL,1,'2025-01-26 19:30:44',1,1,0,NULL,NULL,'KC-ISAKOR525','2025-01-26 19:30:09','2025-01-26 19:30:44'),(389,'+23231686465',NULL,0,NULL,1,'$2a$10$4sxS0mhitvWjBKT1KIkrJuBfmJXYVNSKZMDR.loANnvCDoZuA.8V6',NULL,1,'2025-01-26 19:41:31',1,1,0,NULL,NULL,'KC-ISAKOR525','2025-01-26 19:41:02','2025-01-26 19:41:31'),(390,'+23280198874',NULL,0,NULL,1,'$2a$10$le1d.JxPhvnllp9kFb0qguf3gu0JLdUlM9ThhYZJnXd1JJ7NNpTZa',NULL,1,'2025-01-26 20:53:48',1,1,0,NULL,NULL,'KC-CLEKAM426','2025-01-26 20:53:13','2025-01-26 20:53:48'),(391,'+23280319693',NULL,0,NULL,1,'$2a$10$1sc6NrCp2F9qe/4nVkivPudWwnWAa42Cgf5AaV.c9kBAv9H3pccMi',NULL,1,'2025-01-27 00:03:29',1,1,0,NULL,NULL,'KC-ISAKOR525','2025-01-27 00:02:29','2025-01-27 00:03:28'),(392,'+23288505443',NULL,0,NULL,1,'$2a$10$AWJP6aYpUqchdtq3ecxpLe7M5shVA5RzIHQGP1dYtp2qX5H2Ffaim',NULL,1,'2025-01-27 17:46:57',1,1,0,NULL,NULL,'KC-DAUKAM729','2025-01-27 17:46:30','2025-01-27 17:46:56'),(393,'+23233384363',NULL,0,NULL,1,'$2a$10$1g0EAePYuwI0MWxk6euia.pXgJC4T.KWQ0NQO/HSk0B/Cmk3Xx1nC',NULL,1,'2025-01-27 22:18:29',1,1,0,NULL,NULL,'KC-ISAKOR525','2025-01-27 22:18:12','2025-01-27 22:18:29'),(394,'+23231946270',NULL,0,NULL,1,'$2a$10$i8kvq9WHtHCPfdol3cs.B.rjB5AOU96/iT0b.0kKMnYyRhQtNm7UK',NULL,1,'2025-01-27 22:33:58',1,1,0,NULL,NULL,'KC-ISAKOR525','2025-01-27 22:33:32','2025-01-27 22:33:57'),(395,'+23276906391',NULL,0,NULL,1,'$2a$10$e8NDlQ4MuYzAvTw53S07neteMuWfJ/lAD4FEz3iJly9BaVnMty.E6',NULL,1,'2025-01-28 07:31:33',1,1,0,NULL,NULL,'KC-CLEKAM426','2025-01-28 07:31:05','2025-01-28 07:31:33'),(396,'+23277418356',NULL,0,NULL,1,'$2a$10$CqHyjPEmO5WR31tcrHwOnuXwW4ZmriFV7C.V0FML92ZTbwW6uFAjW',NULL,1,'2025-01-28 09:50:01',1,1,0,NULL,NULL,'KC-ISAKOR525','2025-01-28 09:49:26','2025-01-28 09:50:00'),(397,'+23280332350',NULL,0,NULL,1,'$2a$10$wMCPZmPXN7nXo/SR3G/l0eZoxezZxNB7B/Gzp0y4.OX8T.sEC6h1q',NULL,1,'2025-01-28 10:44:17',1,1,0,NULL,NULL,NULL,'2025-01-28 10:43:45','2025-01-28 10:44:16'),(398,'+23280516391',NULL,0,NULL,1,'$2a$10$Wq5atsof7p8cit9bV2BNc.i48hcheZCHWWYL4rLlJg1V1jaMX4W/K',NULL,1,'2025-01-28 10:45:00',1,1,0,NULL,NULL,'KC-CLEKAM426','2025-01-28 10:44:26','2025-01-28 10:44:59'),(399,'+23232398639',NULL,0,NULL,1,'$2a$10$hRPENJZvQhrxocKEvvkX.eumn2mXzrFZTTtaR7tUb0GGU73r/5Gia',NULL,1,'2025-01-29 10:45:10',1,1,0,NULL,NULL,'KC-UMUBAH686','2025-01-28 11:19:17','2025-01-29 10:45:09'),(400,'+23230744890',NULL,0,NULL,1,'$2a$10$/2SncsfmCd7XWgBaKuDtSOyi6j7L5GOLlHm/sx/aOcQX0YewyjRTe','069003',0,NULL,1,0,0,NULL,NULL,'KC-UMUBAH686','2025-01-28 11:50:49','2025-01-28 11:50:49'),(401,'+23233127572',NULL,0,NULL,1,'$2a$10$XP69UIQRfEJ0nbXy0Q0zHOpsb9lz1L4YVoOYkKLfjRyJWNsU1I74C',NULL,1,'2025-01-28 12:11:06',1,1,0,NULL,NULL,'KC-ISAKOR525','2025-01-28 12:10:53','2025-01-28 12:11:06'),(402,'+23233469504',NULL,0,NULL,1,'$2a$10$ABGo5pYJnA5dTxGNeoKlL.UQzcTdZIVeLAcDwiBk7gwQzWGmHV8Vm',NULL,1,'2025-01-28 12:25:57',1,1,0,NULL,NULL,'KC-ISAKOR525','2025-01-28 12:25:11','2025-01-28 12:25:57'),(403,'+23276525430',NULL,0,NULL,1,'$2a$10$D4nf6mTj3PdjykqzJYwbtukClpa5QRTiPFTbGqmY1LGUA.mdCf2NC',NULL,1,'2025-01-28 15:17:02',1,1,0,NULL,NULL,'KC-UMUBAH686','2025-01-28 15:16:42','2025-01-28 15:17:01'),(404,'+23231119774',NULL,0,NULL,1,'$2a$10$UDndGKpBG5q/3zfkuOg3iOnRpHvvN1/gXl.wEeM5F/LKZhAm42Ywi',NULL,1,'2025-01-28 15:21:16',1,1,0,NULL,NULL,'KC-UMUBAH686','2025-01-28 15:20:58','2025-01-28 15:21:16'),(405,'+23280766184',NULL,0,NULL,1,'$2a$10$A8lF/bGoXn6z.NJ.paIYYulUuPaSQx.4ft6wUq5AzZRouC4ZwCgzy',NULL,1,'2025-01-28 15:24:46',1,1,0,NULL,NULL,'KC-UMUBAH686','2025-01-28 15:23:52','2025-01-28 15:24:45'),(406,'+23231955893',NULL,0,NULL,1,'$2a$10$zoJixzEjD.I.gPtglMtGD.qnNEhoNN3pIrnoHR5FOvUR7eokRiZ.e',NULL,1,'2025-01-28 15:26:58',1,1,0,NULL,NULL,'KC-ISAKOR525','2025-01-28 15:26:21','2025-01-28 15:26:58'),(407,'+23277209416',NULL,0,NULL,1,'$2a$10$RZqfPnmtzBLpOYCZfdjBZuV3r6mDNZrZNjAg/eW0f0KT9oynBqAV2',NULL,1,'2025-01-28 15:28:24',1,1,0,NULL,NULL,'KC-UMUBAH686','2025-01-28 15:28:07','2025-01-28 15:28:23'),(408,'+23279812494',NULL,0,NULL,1,'$2a$10$r3aRElE70DnKir5xEBK42ewvKuGmnWI0ummprcIFt.qcHYhdLXeQy',NULL,1,'2025-01-28 15:38:44',1,1,0,NULL,NULL,'KC-UMUBAH686','2025-01-28 15:34:29','2025-01-28 15:38:44'),(409,'+23299371244',NULL,0,NULL,1,'$2a$10$B5FKm9nrzJj55neAZw.1reVZWfnh/f6vAHjqgOEVt1SUoS6qAgwcC',NULL,1,'2025-01-28 15:48:14',1,1,0,NULL,NULL,'KC-UMUBAH686','2025-01-28 15:47:44','2025-01-28 15:48:13'),(410,'+23278138808',NULL,0,NULL,1,'$2a$10$3tiQsEvCQ47yyqIh0e8Wj.oBKfJsUyGOnMhVkHqj4kE2i8KF3y5se',NULL,1,'2025-01-28 16:31:28',1,1,0,NULL,NULL,'KC-UMUBAH686','2025-01-28 16:30:49','2025-01-28 16:31:27'),(411,'+23231252731',NULL,0,NULL,1,'$2a$10$HRHW2vQuoEOvUtBgPuybkOKNB4AZUCP4z72Z7fx6gUn1P.IHUPmHm',NULL,1,'2025-01-28 16:36:43',1,1,0,NULL,NULL,'KC-UMUBAH686','2025-01-28 16:34:47','2025-01-28 16:36:42'),(412,'+23276587617',NULL,0,NULL,1,'$2a$10$TFA62E/l/ukMsq5wvxm.U.KuZ5U0JK3oBW5GDPGOCTpmADfhmMU0.',NULL,1,'2025-01-28 21:23:08',1,1,0,NULL,NULL,'KC-MOHCON497','2025-01-28 21:22:54','2025-01-28 21:23:07'),(413,'+23274993855',NULL,0,NULL,1,'$2a$10$MVWTCx4mREgTZvbOs4aSPOTFbZsfEeHK6NaDBQFzWvWxD1HJu.Q7C',NULL,1,'2025-01-29 08:53:43',1,1,0,NULL,NULL,NULL,'2025-01-29 08:52:02','2025-01-29 08:53:42'),(415,'+23288516311',NULL,0,NULL,1,'$2a$10$pvYiO59igv02wJaFSRgCOemS5hTpewVdT.w6MUSmrgeHZDwGHVFEG',NULL,1,'2025-01-29 12:12:17',1,1,0,NULL,NULL,'KC-ISAKOR525','2025-01-29 12:11:18','2025-01-29 12:12:16'),(416,'+23288889018',NULL,0,NULL,1,'$2a$10$6VecFQjGtJ7CyCR8FByRUugvy.Fl71jI//2SzS5wrFRMhyxY65DzS',NULL,1,'2025-01-29 18:11:23',1,1,0,NULL,NULL,'KC-ISAKOR525','2025-01-29 17:30:49','2025-01-29 18:11:23'),(417,'+23273961980',NULL,0,NULL,1,'$2a$10$8eV4U92df2eaCOedVavS.OcWz2N4c4iYbDJgehXf0FtFm5Xg/57Pm',NULL,1,'2025-01-29 21:45:08',1,1,0,NULL,NULL,'KC-UMUBAH686','2025-01-29 21:43:48','2025-01-29 21:45:07'),(418,'+23299709914',NULL,0,NULL,1,'$2a$10$VeM8UgipSQA8t3Ti4G4MBePwNBqqyjRpOu0ubWKD.vxgDOaRmr3jO',NULL,1,'2025-01-29 21:50:34',1,1,0,NULL,NULL,'KC-UMUBAH686','2025-01-29 21:50:06','2025-01-29 21:50:34'),(419,'+23234686608',NULL,0,NULL,1,'$2a$10$voVHnHachj/HiOsqyhScg.DJJOK8HvlUEAYN4X5mVWUfSqhFTMVDS',NULL,1,'2025-01-29 21:57:28',1,1,0,NULL,NULL,'KC-UMUBAH686','2025-01-29 21:57:03','2025-01-29 21:57:27'),(420,'+23288543832',NULL,0,NULL,1,'$2a$10$ZDIIZ1sBql.LPaYK6DQ2/eWwOCsaHVYjitJjKsaF.Q4tuYfvTwpqi',NULL,1,'2025-01-29 22:02:07',1,1,0,NULL,NULL,'KC-UMUBAH686','2025-01-29 22:01:41','2025-01-29 22:02:07'),(421,'+23231243338',NULL,0,NULL,1,'$2a$10$Zmuf0MtVV/TxWc91uDb8P..lJEWYZ5lX2uapNzNG1m3nV3m4HQMFm',NULL,1,'2025-01-29 22:08:27',1,1,0,NULL,NULL,'KC-UMUBAH686','2025-01-29 22:07:04','2025-01-29 22:08:26'),(422,'+23276309109',NULL,0,NULL,1,'$2a$10$Jwj2EGjQofk7TkLsIOD55eWm1w42KjNho9yBGoCu19OhspQHFV/mu',NULL,1,'2025-01-29 22:31:38',1,1,0,NULL,NULL,'KC-ISAKOR525','2025-01-29 22:31:03','2025-01-29 22:31:38'),(423,'+23231408601',NULL,0,NULL,1,'$2a$10$niK.yQ0UEj7VIaJtX8PcxODzcsm03lDMexK5j1bFavfXWIOojAf4y','989017',1,'2025-01-29 22:34:36',1,1,0,NULL,NULL,'KC-UMUBAH686','2025-01-29 22:34:03','2025-01-29 22:53:38'),(424,'+23234491629',NULL,0,NULL,1,'$2a$10$B1ciUjQgzNA3wZGEgsvZ8egfSPP5D5ShVFLDvSJc9/qsOqiH7CMTC',NULL,1,'2025-01-30 11:54:14',1,1,0,NULL,NULL,'KC-CLEKAM426','2025-01-30 11:51:31','2025-01-30 11:54:14'),(425,'+23272126580',NULL,0,NULL,1,'$2a$10$MD09SFWwzPpuyt22NV73HOkgxykR0mthKWD2EsouBXBZo9zAl4o8W',NULL,1,'2025-01-30 11:58:37',1,1,0,NULL,NULL,'KC-CLEKAM426','2025-01-30 11:58:13','2025-01-30 11:58:37'),(426,'+23274303569',NULL,0,NULL,1,'$2a$10$sx.ZN1wL/AjO979tydT2ouFOOB3ccE6EqYOIf2RK8FLBxzmnTw3m6',NULL,1,'2025-01-30 12:10:52',1,1,0,NULL,NULL,'KC-CLEKAM426','2025-01-30 12:10:23','2025-01-30 12:10:52'),(427,'+23230726841',NULL,0,NULL,1,'$2a$10$A4RrNnSGfbwkMF.Wb64rEOVxnr1lxLCA2dY0gWWeOjiSGMJ9K43Ai',NULL,1,'2025-01-30 12:15:48',1,1,0,NULL,NULL,'KC-CLEKAM426','2025-01-30 12:15:29','2025-01-30 12:15:48'),(428,'+23299013619',NULL,0,NULL,1,'$2a$10$FYz/yMk1atuhiQwaWof6Xe84e1x4MdqWrI6VyqFe25xPrvMUDxvSm',NULL,1,'2025-01-30 14:10:05',1,1,0,NULL,NULL,'KC-MOHCON497','2025-01-30 14:09:31','2025-01-30 14:10:04'),(429,'+23275337616',NULL,0,NULL,1,'$2a$10$bvOi9e/AfRTEYaKDhaN1PuARioglFvx5Oob21QqhzesGwrfr8HBPG','515543',0,NULL,1,0,0,NULL,NULL,'KC-MOHCON497','2025-01-30 14:15:50','2025-01-30 14:15:50'),(430,'+23232827975',NULL,0,NULL,1,'$2a$10$HvhL/Lxbsxt9y7HWHqZaCux.lFvUajvl1evPu5fMvly6iAeSDyFwy',NULL,1,'2025-01-30 14:19:13',1,1,0,NULL,NULL,'KC-MOHCON497','2025-01-30 14:18:55','2025-01-30 14:19:12'),(431,'+23231020603',NULL,0,NULL,1,'$2a$10$QogadTrjiTyflqFYMU1peuW3DYjlqmHFtTyhrLQif8TqUQpKO.bTW',NULL,1,'2025-01-30 14:25:01',1,1,0,NULL,NULL,'KC-MOHCON497','2025-01-30 14:24:27','2025-01-30 14:25:00'),(432,'+23277264309',NULL,0,NULL,1,'$2a$10$5lY1I1BQTuZpMO7xHRGHZeZlcgCTFb83WAhe3ufHU54OiuLZsDV7C',NULL,1,'2025-01-30 14:32:00',1,1,0,NULL,NULL,'KC-MOHCON497','2025-01-30 14:31:20','2025-01-30 14:31:59'),(433,'+23288337382',NULL,0,NULL,1,'$2a$10$NwuUur9mYPbqEYbTgrxsY.6/ea0rF5tC0kFM/aMd6XngRRgrl5db6',NULL,1,'2025-01-30 14:43:05',1,1,0,NULL,NULL,'KC-MOHCON497','2025-01-30 14:42:28','2025-01-30 14:43:04'),(434,'+23280566963',NULL,0,NULL,1,'$2a$10$WjpsE2RmSiGoaCB3cOhh4OP9tyIowu7vAkZ/3r7Ms6Vgj2ELwIk7e',NULL,1,'2025-01-30 14:46:22',1,1,0,NULL,NULL,'KC-MOHCON497','2025-01-30 14:46:00','2025-01-30 14:46:22'),(435,'+23288957310',NULL,0,NULL,1,'$2a$10$pYigc4vUu86NiXdziA733u4d7d4r3VKyXlqJJI/4X9.6A5NorxB9a',NULL,1,'2025-01-30 14:53:26',1,1,0,NULL,NULL,'KC-MOHCON497','2025-01-30 14:52:51','2025-01-30 14:53:25'),(436,'+23279050938',NULL,0,NULL,1,'$2a$10$KjucC5R3/fWhEtQbinp9uuhOYDJcuI8HkxMwx9uqe/gvyJiivRiU2',NULL,1,'2025-01-30 14:58:03',1,1,0,NULL,NULL,'KC-MOHCON497','2025-01-30 14:57:48','2025-01-30 14:58:03'),(437,'+23233223160',NULL,0,NULL,1,'$2a$10$Rh/cJ7rDnrHqut2jZ8hoNuh65.T.d4l6Sr0LeeME1u98GhmoGhbse',NULL,1,'2025-01-30 15:03:24',1,1,0,NULL,NULL,'KC-MOHCON497','2025-01-30 15:03:01','2025-01-30 15:03:23'),(438,'+23279927209',NULL,0,NULL,1,'$2a$10$nlGGGGI8ZKi6B9RcvaltGe3DPhMM3NYX6qDoaIHOk7sS00yK.e/Ui',NULL,1,'2025-01-30 15:17:15',1,1,0,NULL,NULL,'KC-MOHCON497','2025-01-30 15:16:50','2025-01-30 15:17:14'),(439,'+23280654981',NULL,0,NULL,1,'$2a$10$Qw28OJ.RaNJf3NVAiHlju.lQRX74N8uApSuEwwmnAj04P1BklQ2iG',NULL,1,'2025-01-30 15:19:59',1,1,0,NULL,NULL,'KC-MOHCON497','2025-01-30 15:19:37','2025-01-30 15:19:58'),(440,'+23232572985',NULL,0,NULL,1,'$2a$10$1JITW0SNNbk6x1qEAXDoa.bscpSZbZb0Uz5rdFY0LWlHbdvCgKlXy',NULL,1,'2025-01-30 15:22:48',1,1,0,NULL,NULL,'KC-MOHCON497','2025-01-30 15:22:25','2025-01-30 15:22:48'),(441,'+23279572985',NULL,0,NULL,1,'$2a$10$31lae/eAePTVwBfGZctbZuFniZ7bpGuyPGya2Y455Y0cne2ZGWhge',NULL,1,'2025-01-30 15:26:04',1,1,0,NULL,NULL,'KC-MOHCON497','2025-01-30 15:25:36','2025-01-30 15:26:04'),(442,'+23232762223',NULL,0,NULL,1,'$2a$10$tO9bGZkcLI9sdRM7SrxymeEs.CD05WvMk9M7GFgQDDPL3otda/YFK',NULL,1,'2025-01-30 15:30:38',1,1,0,NULL,NULL,'KC-MOHCON497','2025-01-30 15:29:52','2025-01-30 15:30:37'),(443,'+23275811905',NULL,0,NULL,1,'$2a$10$Q.eCySyoNhljeYm/lOfUkO4YJE4eTFpX8WqOTGe0Lb3s06wylp8Gu',NULL,1,'2025-01-30 15:33:58',1,1,0,NULL,NULL,'KC-MOHCON497','2025-01-30 15:33:14','2025-01-30 15:33:58'),(444,'+23288380193',NULL,0,NULL,1,'$2a$10$jhN7G6Gh2CDLWgj1an7EIOTbJBpryGXhj0ZE6aEgtgzYKUAFgXx6K',NULL,1,'2025-01-30 15:51:17',1,1,0,NULL,NULL,'KC-MOHCON497','2025-01-30 15:50:33','2025-01-30 15:51:16'),(445,'+23231484665',NULL,0,NULL,1,'$2a$10$RZPvGtG4sYTmR5/MYs/0UOWQuWbH2ewD2lRZI0yVa7pB3X1sPIIz2',NULL,1,'2025-01-30 15:56:25',1,1,0,NULL,NULL,'KC-MOHCON497','2025-01-30 15:55:52','2025-01-30 15:56:25'),(446,'+23274846002',NULL,0,NULL,1,'$2a$10$OK13eluPPpJUBYBMeesTQejX2dF82FdBeWKVwmH4/ZRFvo9RW4pcu',NULL,1,'2025-01-30 16:01:21',1,1,0,NULL,NULL,'KC-ISAKOR525','2025-01-30 15:58:36','2025-01-30 16:01:20'),(447,'+23299716014',NULL,0,NULL,1,'$2a$10$2wX.cpVU74ivjzCYh6oj0ekEivo7ByDL/BLz6VnmcVJsfZTNpPt.a',NULL,1,'2025-01-30 19:16:14',1,1,0,NULL,NULL,'KC-MARKAL971','2025-01-30 19:14:27','2025-01-30 19:16:13'),(448,'+23277352141',NULL,0,NULL,1,'$2a$10$QIOSid5o0mVbM0mmxEMVZeW8HXluxZaMFL4dmVzLgP0P7bLXaKw9i',NULL,1,'2025-01-30 19:28:46',1,1,0,NULL,NULL,'KC-MARKAL971','2025-01-30 19:28:13','2025-01-30 19:28:45'),(449,'+23232357155',NULL,0,NULL,1,'$2a$10$8ZJq7uz3bLYOVYTo0k25Se82TjX/WLgZYg6pDv2jSzTxP.FhO6Gwe','727860',0,NULL,1,0,0,NULL,NULL,'KC-MARKAL971','2025-01-30 19:54:42','2025-01-30 19:54:42'),(450,'+23276195822',NULL,0,NULL,1,'$2a$10$Vi76A10wEF5K3m/iA3dMh.xUa3cEUoT.6.Yauu2F7Mu04gmC8FpOK',NULL,1,'2025-01-30 20:02:19',1,1,0,NULL,NULL,'KC-MARKAL971','2025-01-30 20:01:48','2025-01-30 20:02:19'),(451,'+23230496651',NULL,0,NULL,1,'$2a$10$rtLwtGvqrD.kXJUcWgkEhO0Tu0JWFgV0mB7icdmIfiudwIVGuTHaK',NULL,1,'2025-01-30 21:40:51',1,1,0,NULL,NULL,'KC-UMUBAH686','2025-01-30 21:39:56','2025-01-30 21:40:51'),(452,'+23230509514',NULL,0,NULL,1,'$2a$10$9AUKdu.DP1Qs2djLnIBPuuE.WR/PC4PZRB2823UehHn/u1J.7Ejg.',NULL,1,'2025-01-31 10:48:35',1,1,0,NULL,NULL,'KC-CLEKAM426','2025-01-31 10:47:58','2025-01-31 10:48:34'),(453,'+23275359744',NULL,0,NULL,1,'$2a$10$FL4tYGXPbfzoVaahpYWfGOaOls/sxVGBa/aTqyOc1ULJqa/GZZlgy',NULL,1,'2025-01-31 11:22:08',1,1,0,NULL,NULL,'KC-CLEKAM426','2025-01-31 11:21:25','2025-01-31 11:22:07'),(454,'+23230120492',NULL,0,NULL,1,'$2a$10$FThPYTzsLD9sb9knc54pFuxzjfeJSWDTjFHyQ8tNWUA.1SI2zeztq',NULL,1,'2025-01-31 11:27:25',1,1,0,NULL,NULL,'KC-CLEKAM426','2025-01-31 11:25:55','2025-01-31 11:27:25'),(455,'+23279944794',NULL,0,NULL,1,'$2a$10$odAFsBpvvWiMWM9YGMM8QuiUjXTKdMFBtT4DH9FG8IyY.ImAqhvye','720178',0,NULL,1,0,0,NULL,NULL,'KC-ISAKOR525','2025-01-31 11:37:39','2025-01-31 11:37:39'),(456,'+23290862149',NULL,0,NULL,1,'$2a$10$xEtC.2l6zfx93vJAWNg4R.D6g30xVNnyogB9DpSYjW0OWPkoJR.ZW',NULL,1,'2025-01-31 12:03:25',1,1,0,NULL,NULL,'KC-DAUKAM729','2025-01-31 12:03:01','2025-01-31 12:03:24'),(457,'+23272278280',NULL,0,NULL,1,'$2a$10$jX0b6kG31Vk3.efV/yVd6eyoTtv3nnWFtc.ph4niFgPuuma9NVJQ6',NULL,1,'2025-01-31 13:39:02',1,1,0,NULL,NULL,'KC-REBCON550','2025-01-31 13:38:08','2025-01-31 13:39:01'),(458,'+23230448709',NULL,0,NULL,1,'$2a$10$oWAC6BTl16prlmIkFNgR/.QrjvIAmaUEPQnO4isAxYzbVkW8hX4hK','996396',0,NULL,1,0,0,NULL,NULL,'KC-UMUBAH686','2025-01-31 15:07:46','2025-01-31 15:07:46'),(459,'+23288788948',NULL,0,NULL,1,'$2a$10$Q4Jzqd13YtSHNgEgJEvc8e24zLeY31DMwRQxi/1zerlGfclgtsbdS',NULL,1,'2025-01-31 15:14:41',1,1,0,NULL,NULL,'KC-UMUBAH686','2025-01-31 15:09:32','2025-01-31 15:14:40'),(460,'+23277921891',NULL,0,NULL,1,'$2a$10$3NbTtFYCIxxV7tNragqYn.YOu5FZQf7kOjHu3T3nDfzfq9e67FJ4S',NULL,1,'2025-01-31 15:21:44',1,1,0,NULL,NULL,'KC-UMUBAH686','2025-01-31 15:17:44','2025-01-31 15:21:44'),(461,'+23278269594',NULL,0,NULL,1,'$2a$10$eyGCsNMU7iubTlehivos7O/YqW9q.p9eInOb9zQQoCKEUhkL2NM.y',NULL,1,'2025-01-31 15:28:48',1,1,0,NULL,NULL,'KC-UMUBAH686','2025-01-31 15:27:00','2025-02-02 12:04:42'),(462,'+23277812694',NULL,0,NULL,1,'$2a$10$mjjqVStHSJOrH9EWXo7oNOu3S6sz0BWUqrCtoULuq6V17UK3BeSzW',NULL,1,'2025-01-31 20:59:16',1,1,0,NULL,NULL,'KC-DAUKAM729','2025-01-31 20:58:51','2025-01-31 20:59:15'),(463,'+23230311255',NULL,0,NULL,1,'$2a$10$Ys9ggt/khtYTLepliqj66e8NqEe5fIXA74cHbqS.isFCwKe.MURy.',NULL,1,'2025-02-01 13:36:09',1,1,0,NULL,NULL,'KC-MARKAL971','2025-02-01 13:33:57','2025-02-01 13:36:08'),(464,'+23288063404',NULL,0,NULL,1,'$2a$10$our4HxVtrJnBWBzBpsNviuOzU.xzaQmmNdyQ.JJ1VIvf7jmZUljB6',NULL,1,'2025-02-01 13:42:45',1,1,0,NULL,NULL,'KC-MARKAL971','2025-02-01 13:40:14','2025-02-01 13:42:44'),(465,'+23233296194',NULL,0,NULL,1,'$2a$10$wmU8Q5YoT78eQQaTVIAVVebdh5jm.fgSOVIhsG89nxJ9ZDT3CpEKC',NULL,1,'2025-02-01 13:48:10',1,1,0,NULL,NULL,'KC-MARKAL971','2025-02-01 13:47:16','2025-02-01 13:48:10'),(466,'+23288366144',NULL,0,NULL,1,'$2a$10$a.Dw.jlv0eDvWFJmcXopBek2q9ssk/9TMBUwlwedytbk1etO4f8Bi',NULL,1,'2025-02-01 14:05:34',1,1,0,NULL,NULL,'KC-MARKAL971','2025-02-01 14:04:47','2025-02-01 14:05:34'),(467,'+23299588033',NULL,0,NULL,1,'$2a$10$ayVeJKt/Bgai/n6FjX8Ne.TxQ048wLWidI68yhEwhiTtQw2buWWt.',NULL,1,'2025-02-01 14:09:49',1,1,0,NULL,NULL,'KC-MARKAL971','2025-02-01 14:09:10','2025-02-01 14:09:49'),(468,'+23288314944',NULL,0,NULL,1,'$2a$10$9k27L7RA6oEobatDk4b0p.OWfPnPqFmI/jqJq66OcluB44Al6hOWO',NULL,1,'2025-02-01 14:21:01',1,1,0,NULL,NULL,'KC-MARKAL971','2025-02-01 14:19:24','2025-02-01 14:21:01'),(469,'+23233621544',NULL,0,NULL,1,'$2a$10$tNwbKab5MLc5jxNNCndDEejOtFc.0obWhHp2zowitvgZ9/QVrmede',NULL,1,'2025-02-01 14:32:48',1,1,0,NULL,NULL,'KC-MARKAL971','2025-02-01 14:31:45','2025-02-01 14:32:47'),(470,'+23208266951',NULL,0,NULL,1,'$2a$10$.amBmqlbFajPCmaWT9Vmhey5CsEwD.XRWBTqlda/4m84tCrQxV1y6','840202',0,NULL,1,0,0,NULL,NULL,'KC-MARKAL971','2025-02-01 15:40:16','2025-02-01 15:40:16'),(471,'+23280826951',NULL,0,NULL,1,'$2a$10$AgHY1BMo2613GVuqUUJRaeG36huERKfW/l8RUP6RiHQg3itUHncOO',NULL,1,'2025-02-01 15:45:40',1,1,0,NULL,NULL,'KC-MARKAL971','2025-02-01 15:45:22','2025-02-01 15:45:40'),(472,'+23278360051',NULL,0,NULL,1,'$2a$10$/mmWObE5B5gB6QqavvUJWeOkomD/n37tddnIwZ2grqwp4OpnK9ohC',NULL,1,'2025-02-01 16:35:42',1,1,0,NULL,NULL,'KC-MARKAL971','2025-02-01 16:33:41','2025-02-01 16:35:42'),(473,'+23280788492',NULL,0,NULL,1,'$2a$10$KfiPKn4i9gINOhIRM5YhUuKotCtVF8bSdLX.6n4dGS1WoMNgaGgUG',NULL,1,'2025-02-01 16:43:11',1,1,0,NULL,NULL,'KC-MARKAL971','2025-02-01 16:42:35','2025-02-01 16:43:11'),(474,'+23277854233',NULL,0,NULL,1,'$2a$10$yvzNZ97or5kR2WMrE5j6i.dXB6NgRm1fpqiz7cbJpe/nCydcKcv2.',NULL,1,'2025-02-01 22:18:05',1,1,0,NULL,NULL,'KC-DAUKAM729','2025-02-01 22:17:20','2025-02-01 22:18:04'),(475,'+23274412526',NULL,0,NULL,1,'$2a$10$7eJa8tpek.IUCgL./eYplOOjyZI82PMclJMExQLwUEkFop9cPNypy',NULL,1,'2025-02-01 22:33:00',1,1,0,NULL,NULL,'KC-DAUKAM729','2025-02-01 22:32:26','2025-02-01 22:33:00'),(476,'+23232859081',NULL,0,NULL,1,'$2a$10$rg1whCGFnarQhv1..1z2M.dCkyqWaT1xz6p0LglC56On.jlvY9pfq',NULL,1,'2025-02-02 09:45:29',1,1,0,NULL,NULL,'KC-CLEKAM426','2025-02-02 09:44:42','2025-02-02 09:45:29'),(477,'+23278036673',NULL,0,NULL,1,'$2a$10$xsnnw5fkvQUSjvF9R3SfDeymshyIhqGnKbonlq2xxPB9F1yhDwW26',NULL,1,'2025-02-02 09:56:58',1,1,0,NULL,NULL,'KC-CLEKAM426','2025-02-02 09:49:56','2025-02-02 09:56:57'),(478,'+23273852533',NULL,0,NULL,1,'$2a$10$oRiXrSXY689l0d2L9Sj4Au.Mk7nmn/ZjFUqymXxuqFO4FGwr4wg1.',NULL,1,'2025-02-02 10:25:54',1,1,0,NULL,NULL,'KC-CLEKAM426','2025-02-02 10:25:10','2025-02-02 10:25:54'),(479,'+23277244334',NULL,0,NULL,1,'$2a$10$l2Zvzs620nkIGwQGaOFabOn3W4IyojPbaFEejF.4c.t9mSYmr4Pom','514094',0,NULL,1,0,0,NULL,NULL,'KC-DAUKAM729','2025-02-02 11:35:04','2025-02-02 11:35:04'),(481,'+23288011860',NULL,0,NULL,1,'$2a$10$VhKoq8lxcheW7TxYGoxOVuHQb4RVOXIuGhD0OgOJ5RzBubAolkZcG',NULL,1,'2025-02-02 13:17:52',1,1,0,NULL,NULL,'KC-CLEKAM426','2025-02-02 13:17:23','2025-02-02 13:17:52'),(482,'+23233075922',NULL,0,NULL,1,'$2a$10$Tq3RZg93DnYOZLi810xaueljYyltIs.fwru2mv0X0XtTiMAP29Poy',NULL,1,'2025-02-02 13:46:40',1,1,0,NULL,NULL,'KC-CLEKAM426','2025-02-02 13:46:04','2025-02-02 13:46:40'),(483,'+23279220907',NULL,0,NULL,1,'$2a$10$EBnXAB0ncQHVW6sxqgzkh.rghN5XBurZFj53E2ctBoJYO7faeo4/K',NULL,1,'2025-02-02 13:51:28',1,1,0,NULL,NULL,'KC-CLEKAM426','2025-02-02 13:50:55','2025-02-02 13:51:28'),(484,'+23288745174',NULL,0,NULL,1,'$2a$10$LEwembUDLvLR0TdDB.vdu.cN1Dq8I9f.a0bIuIiAt9gsjXbucZQ5i',NULL,1,'2025-02-03 09:29:04',1,1,0,NULL,NULL,'KC-MARKAL971','2025-02-03 09:27:12','2025-02-03 09:29:03'),(485,'+23279267063',NULL,0,NULL,1,'$2a$10$//ba1fw5.t2hEB7ENhqTIuALdlIj1C54Q5ksIcB.8deYBE8dhnSwC',NULL,1,'2025-02-03 09:52:18',1,1,0,NULL,NULL,'KC-MARKAL971','2025-02-03 09:51:42','2025-02-03 09:52:18'),(486,'+23299921048',NULL,0,NULL,1,'$2a$10$30ba3srKZ8Dp5pvhPgJnguhkh7ki/Ok0uNfFJmZTlN2wHiiPj8dTW',NULL,1,'2025-02-03 13:53:05',1,1,0,NULL,NULL,'KC-ISAKOR525','2025-02-03 13:52:24','2025-02-03 13:53:05'),(487,'+23230004365',NULL,0,NULL,1,'$2a$10$LkoZPtwpJi.onMQin1FwEeyUTsdOziUfTrqEcGLYXMLc8GWPqjFfO',NULL,1,'2025-02-03 13:55:05',1,1,0,NULL,NULL,'KC-REBCON550','2025-02-03 13:54:43','2025-02-03 13:55:05'),(488,'+23273991262',NULL,0,NULL,1,'$2a$10$/BHGJt3Zi7QoGgb0vKRoueDwOjetTdCuwJRKRciasXcKfgA.sdORK','471816',0,NULL,1,0,0,NULL,NULL,'KC-ISAKOR525','2025-02-03 13:55:49','2025-02-03 13:55:49'),(489,'+23288252631',NULL,0,NULL,1,'$2a$10$nIBEz2s86kT8bp7xhnOW4.wDmSFDWAIMsQTFh3jpOxlOVUVc3vUSW',NULL,1,'2025-02-03 14:07:43',1,1,0,NULL,NULL,'KC-ISAKOR525','2025-02-03 14:07:22','2025-02-03 14:07:43'),(490,'+23233992974',NULL,0,NULL,1,'$2a$10$4gGL2Cb2o3Do/AC2jhlZI.lv6gl/Dcz2dCP6X2obRtvs/wj3iGiB2',NULL,1,'2025-02-03 15:22:13',1,1,0,NULL,NULL,'KC-ISAKOR525','2025-02-03 15:21:46','2025-02-03 15:22:12'),(491,'+23274329510',NULL,0,NULL,1,'$2a$10$xjaKLQlki84KF65e9NzOQuoZGP4TTKIjP4XMaIXmkcP7TEy5dUwNK',NULL,1,'2025-02-03 17:13:33',1,1,0,NULL,NULL,'KC-CLEKAM426','2025-02-03 17:13:00','2025-02-03 17:13:32'),(492,'+23280947009',NULL,0,NULL,1,'$2a$10$6pXnLZWaeLXizxLqO6/AfusT.Pf7G9mGbWMAdKOaCipLIXPHo0vUm',NULL,1,'2025-02-03 17:21:48',1,1,0,NULL,NULL,'KC-CLEKAM426','2025-02-03 17:20:59','2025-02-03 17:21:48'),(493,'+23278240399',NULL,0,NULL,1,'$2a$10$z6NgmikKA5J5tPE56uVnIO3acx6LsoKWhKwUhnlt4ilWB7D5SuR5m',NULL,1,'2025-02-03 17:39:14',1,1,0,NULL,NULL,'KC-CLEKAM426','2025-02-03 17:36:24','2025-02-03 17:39:13'),(494,'+23232260790',NULL,0,NULL,1,'$2a$10$XwKCCD.SPxmXZmclhVt5ku4a//MHelr1jkaxUhZhyJ3uNA97uXC/K',NULL,1,'2025-02-03 17:37:39',1,1,0,NULL,NULL,'KC-ISAKOR525','2025-02-03 17:36:54','2025-02-03 17:37:38'),(495,'+23277898925',NULL,0,NULL,1,'$2a$10$Zjdc899L981nSuHzo4u.COdkLYzANTQ4GGyDQISWfGw2ny3rugxKu',NULL,1,'2025-02-03 17:46:18',1,1,0,NULL,NULL,'KC-CLEKAM426','2025-02-03 17:45:54','2025-02-03 17:46:18'),(496,'+23288446997',NULL,0,NULL,1,'$2a$10$9EOq/sNxZ3s6yhGeOF94m.wl3J4pGodCnDXyOz5kH/ZVbtGRs7oNy',NULL,1,'2025-02-03 17:46:16',1,1,0,NULL,NULL,'KC-ISAKOR525','2025-02-03 17:45:54','2025-02-03 17:46:15'),(497,'+23278341807',NULL,0,NULL,1,'$2a$10$wNxc.jFwXeGB514DFVTGBO7/d8seyTT0TL7D2/Vrjtq8qExv.t.iW',NULL,1,'2025-02-04 07:20:16',1,1,0,NULL,NULL,NULL,'2025-02-04 07:19:36','2025-02-04 10:08:57'),(498,'+23274979704',NULL,0,NULL,1,'$2a$10$v/03zyhWLitWhrOmjQERbu/aP46wEXgI88ZRY925quaDIYbk14Dhe',NULL,1,'2025-02-04 08:32:34',1,1,0,NULL,NULL,'KC-MARKAL971','2025-02-04 08:31:37','2025-02-04 08:32:33'),(499,'+23299755535',NULL,0,NULL,1,'$2a$10$j.MvuLzqsTh0lGbcYofQj.v8I7mAkzHSaHddiVkqmR2QLH8PcQjf6',NULL,1,'2025-02-04 08:38:26',1,1,0,NULL,NULL,'KC-MARKAL971','2025-02-04 08:37:56','2025-02-04 08:38:25'),(500,'+23277264010',NULL,0,NULL,1,'$2a$10$lHbTVNZf/u9Dok4fPMZ4CuR9Tw.Emc8.Nk4pE4I4FF1xaEQGx3sta',NULL,1,'2025-02-04 08:48:45',1,1,0,NULL,NULL,'KC-MARKAL971','2025-02-04 08:47:47','2025-02-04 08:48:44'),(501,'+23279972741',NULL,0,NULL,1,'$2a$10$lK5aqduGEHLq44Vk.Ztwi.5QP63JcMwYvuoWRhd/9Yu6i70.E3WPS',NULL,1,'2025-02-04 13:15:21',1,1,0,NULL,NULL,'KC-MOHCON497','2025-02-04 13:14:59','2025-02-04 13:15:21'),(502,'+23231580238',NULL,0,NULL,1,'$2a$10$NIotzZHkTR6TtfMY226h8O4aadFeN5MpkDOjan1NIwYN1W.usino6',NULL,1,'2025-02-04 13:31:12',1,1,0,NULL,NULL,'KC-MOHCON497','2025-02-04 13:30:18','2025-02-04 13:31:11'),(503,'+23233959882',NULL,0,NULL,1,'$2a$10$VwRFqBLyXt1DeW5UBQm9v.kod0ZaxlCXWaYzfvDkRlyduOc2owHT2',NULL,1,'2025-02-04 14:11:16',1,1,0,NULL,NULL,'KC-MOHCON497','2025-02-04 14:10:47','2025-02-04 14:11:15'),(504,'+23277437820',NULL,0,NULL,1,'$2a$10$X1NdDM1fbUqneVL3seCLeu6/YLMq8Eh75aTQKIizTBfmRK4YUyqTa',NULL,1,'2025-02-04 14:17:03',1,1,0,NULL,NULL,'KC-MOHCON497','2025-02-04 14:16:03','2025-02-04 14:17:02'),(505,'+23231442699',NULL,0,NULL,1,'$2a$10$1ATeTh7UWHFaoBUdUNRCi.cPZTK3FKwv07y4Vh6RGdbBP8hbQ1wi.',NULL,1,'2025-02-04 14:20:12',1,1,0,NULL,NULL,'KC-MOHCON497','2025-02-04 14:19:44','2025-02-04 14:20:11'),(506,'+23276953286',NULL,0,NULL,1,'$2a$10$A527ddvInPONNhsmQ3x4Z.gcbh4I0uE406G1YztmhwMIBokp0Z88.',NULL,1,'2025-02-04 14:21:26',1,1,0,NULL,NULL,'KC-DAUKAM729','2025-02-04 14:20:58','2025-02-04 14:21:25'),(507,'+23279884949',NULL,0,NULL,1,'$2a$10$DUrY/qR1J1laxWzfFsRK6OJkGThwbTpJwGXDCbEscX7nXDwmWgGyO',NULL,1,'2025-02-04 14:24:30',1,1,0,NULL,NULL,'KC-MOHCON497','2025-02-04 14:23:53','2025-02-04 14:24:30'),(508,'+23288620360',NULL,0,NULL,1,'$2a$10$rjG3LFYlQqX3xxO0UxwtVux3JYaFR/p8SOrj1CKWlL7csI/BpLpk.',NULL,1,'2025-02-04 14:47:57',1,1,0,NULL,NULL,'KC-MOHCON497','2025-02-04 14:47:39','2025-02-04 14:47:56'),(509,'+23232266711',NULL,0,NULL,1,'$2a$10$3w/vnrdaZRP9kPDH.4o6o.TUhsK8ElDHPwSKurrL9JArbQGJa1W9C',NULL,1,'2025-02-04 14:51:46',1,1,0,NULL,NULL,'KC-DAUKAM729','2025-02-04 14:51:25','2025-02-04 14:51:45'),(512,'+23276294676',NULL,0,NULL,1,'$2a$10$Fso83GA8aB9EL/mySPbnj.aG7fGiyJCWSBZBIBS7q6L2U2hWdGgd.','466612',0,NULL,1,0,0,NULL,NULL,'KC-UMUBAH686','2025-02-04 17:38:42','2025-02-04 17:38:42'),(513,'+23275089374',NULL,0,NULL,1,'$2a$10$RNtbpG3A0LTaYAZoSXZ0au1roAGKPqJQa90rUrIHohCpRyfaznMwq',NULL,1,'2025-02-04 17:41:21',1,1,0,NULL,NULL,'KC-UMUBAH686','2025-02-04 17:40:53','2025-02-04 17:41:21'),(514,'+23275595104',NULL,0,NULL,1,'$2a$10$/63tAHMqTnZRea8SXETr.eyPWWQNZ7Rht2dqNHLxVwLuhkGb5UriO',NULL,1,'2025-02-04 17:50:22',1,1,0,NULL,NULL,'KC-REBCON550','2025-02-04 17:50:12','2025-02-04 17:50:22'),(515,'+23279511359',NULL,0,NULL,1,'$2a$10$HhXquMXBvNR69YRjc.jT0ekpm/XmPPUCCFDlDu2Pvzeq1BCz/bJFm','885202',0,NULL,1,0,0,NULL,NULL,'KC-REBCON550','2025-02-04 18:00:33','2025-02-04 18:00:33'),(516,'+23234987757',NULL,0,NULL,1,'$2a$10$wZfNsraDhIcfz2twNWnkB.RLjjEb5vt.k750vj9sJCd9fanR4pduO',NULL,1,'2025-02-04 18:17:48',1,1,0,NULL,NULL,'KC-REBCON550','2025-02-04 18:17:20','2025-02-04 18:17:47'),(517,'+23275134954',NULL,0,NULL,1,'$2a$10$.Kp.GMWYSQ3ynnnqynzl0O6A2kH9URJdyJxSH3UHso5Ae.XGmNvd2','856849',0,NULL,1,0,0,NULL,NULL,'KC-REBCON550','2025-02-04 18:31:00','2025-02-04 18:31:00'),(518,'+23279241378',NULL,0,NULL,1,'$2a$10$zXMc7J5pZkYIpC.TJ7nXGOAbaCRbnCmp7t0jnp.AdDVFDuuoJGPCG',NULL,1,'2025-02-04 18:40:47',1,1,0,NULL,NULL,'KC-REBCON550','2025-02-04 18:40:25','2025-02-04 18:40:46'),(519,'+23272247029',NULL,0,NULL,1,'$2a$10$l.rY2HvLFIJIK9HZJpkeaOvliati5HAblhw1m.mfaEVz7f8lsIrNK','715957',0,NULL,1,0,0,NULL,NULL,'KC-ISAKOR525','2025-02-04 21:10:51','2025-02-04 21:10:51'),(520,'+23230065709',NULL,0,NULL,1,'$2a$10$4C3bd74LX6j7o.ugKbtOLuMvaHgoU0zedpOcNf4TNIJR2xQl46s7i','728216',0,NULL,1,0,0,NULL,NULL,'KC-ISAKOR525','2025-02-04 22:48:40','2025-02-04 22:48:40'),(522,'+23277683694',NULL,0,NULL,1,'$2a$10$O1iFen7xICx9qMTx2T6JNu0igdcRbCJ.W.1al5oTcnJfRj7gKLPWa',NULL,1,'2025-02-05 08:48:04',1,1,0,NULL,NULL,'KC-MOHCON497','2025-02-05 08:47:35','2025-02-05 08:48:04'),(523,'+23279923811',NULL,0,NULL,1,'$2a$10$ZjIMS1sGDq7/EEoNx9O1M.p9/xRY6Ux8OaON82wpRa09vJ.P9Yw7G',NULL,1,'2025-02-05 08:51:59',1,1,0,NULL,NULL,'KC-MOHCON497','2025-02-05 08:51:36','2025-02-05 08:51:58'),(524,'+23234582008',NULL,0,NULL,1,'$2a$10$oGKKuVz4r1VsaE6pF2RZXOO/5lIbiJ.KSgifk63Si6bWQ3mAc9ctW',NULL,1,'2025-02-05 08:55:42',1,1,0,NULL,NULL,'KC-MOHCON497','2025-02-05 08:55:05','2025-02-05 08:55:41'),(525,'+23278342524',NULL,0,NULL,1,'$2a$10$4MdSabkfORvsEuB6DtVT3.rTqLTJIBDeOFX7qUvqUdlW2XZrQT9iK','104359',0,NULL,1,0,0,NULL,NULL,'KC-MOHCON497','2025-02-05 08:58:57','2025-02-05 08:58:57'),(526,'+23278342514',NULL,0,NULL,1,'$2a$10$yNQlLeDnEtFhnEXo/aV/CexzRdqeGB.ZVhYK3PVHLpdOO8hq/NeZm',NULL,1,'2025-02-05 09:01:10',1,1,0,NULL,NULL,'KC-MOHCON497','2025-02-05 09:00:39','2025-02-05 09:01:09'),(527,'+23233085209',NULL,0,NULL,1,'$2a$10$OI9S5aa/t2B/5IhfaHeb9O8RPaO9JnB98KjKaywh3koWKRHAuq0bG',NULL,1,'2025-02-05 09:11:45',1,1,0,NULL,NULL,'KC-MOHCON497','2025-02-05 09:10:48','2025-02-05 09:11:44'),(528,'+23288460918',NULL,0,NULL,1,'$2a$10$4FGsGtAenMBryqLBJuVtouLtQv2d8N9TNa.rEPvyCQe34pqMk.yWa',NULL,1,'2025-02-05 09:14:53',1,1,0,NULL,NULL,'KC-MOHCON497','2025-02-05 09:14:21','2025-02-05 09:14:52'),(529,'+23278155651',NULL,0,NULL,1,'$2a$10$2zqo/NqCNrhoH.daxosSI.icioM9mlpoxZmoZvTsl2CubK9mjgHza',NULL,1,'2025-02-05 09:19:14',1,1,0,NULL,NULL,'KC-MOHCON497','2025-02-05 09:18:34','2025-02-05 09:19:14'),(530,'+23277436227',NULL,0,NULL,1,'$2a$10$27tyZeNOV03Wp8.yIInWUO6ZwAguhqvsUrdMpJPXsjpfECxZq2IBy',NULL,1,'2025-02-05 09:23:57',1,1,0,NULL,NULL,'KC-MOHCON497','2025-02-05 09:23:29','2025-02-05 09:23:56'),(531,'+23277216979',NULL,0,NULL,1,'$2a$10$F8jTTsy/9xUVMK1mQurid.kWIm71LCEKjv44x1VcUAdmAkGCnek1O','347773',0,NULL,1,0,0,NULL,NULL,'KC-CLEKAM426','2025-02-05 09:53:35','2025-02-05 09:53:35'),(532,'+23279909792',NULL,0,NULL,1,'$2a$10$M7g7ca98i8d2QVHvnDEyLebdqkLfsDeXpXkP0ODyxyk.ysiLxL0VO',NULL,1,'2025-02-05 10:01:33',1,1,0,NULL,NULL,'KC-ISAKOR525','2025-02-05 10:00:54','2025-02-05 10:01:33'),(533,'+23232057815',NULL,0,NULL,1,'$2a$10$l7UgeGGbwb3lmGRw4NRavu7pJq0L3oldxir3Lt2RIB8rA2.5vRPeS',NULL,1,'2025-02-05 10:07:34',1,1,0,NULL,NULL,'KC-CLEKAM426','2025-02-05 10:06:15','2025-02-05 10:07:34'),(534,'+23279372987',NULL,0,NULL,1,'$2a$10$/Z/Fu/1QmvkiWdzoI9PKKucZANa828mIdKs1Usy0D6.nHz1xb0W5C',NULL,1,'2025-02-05 10:17:10',1,1,0,NULL,NULL,'KC-CLEKAM426','2025-02-05 10:13:35','2025-02-05 10:17:09'),(535,'+23280560706',NULL,0,NULL,1,'$2a$10$7df5l.wHhH4YA0E4LaFZkesgDX5jv5jWfC6MWMZuYeHYes89LoWra',NULL,1,'2025-02-05 11:03:16',1,1,0,NULL,NULL,'KC-MOHCON497','2025-02-05 11:02:55','2025-02-05 11:03:15'),(536,'+23276394149',NULL,0,NULL,1,'$2a$10$xH5i5qdZ3zwtj1N0y3h8kuQwWbsZRKvGRkgs.iYS06fqYa9ehbhH2',NULL,1,'2025-02-05 11:05:40',1,1,0,NULL,NULL,'KC-MOHCON497','2025-02-05 11:05:22','2025-02-05 11:05:40'),(545,'+23233596789',NULL,0,NULL,1,'$2a$10$R9.oCIrx51gwfWo4PpQuBOUDAt9MRybvPO/XGUd.0HBeCLx1Ekw7i',NULL,1,'2025-02-05 15:21:56',1,1,0,NULL,NULL,'KC-REBCON550','2025-02-05 15:21:44','2025-02-05 15:21:55'),(546,'+23277533629',NULL,0,NULL,1,'$2a$10$M4olFCUSNXqvkawtJN0rpeQbvOwYJXlEsaXHVvcvzjTVUPayPhPGO',NULL,1,'2025-02-05 16:02:36',1,1,0,NULL,NULL,NULL,'2025-02-05 16:02:08','2025-02-05 16:02:36'),(547,'+23232981916',NULL,0,NULL,1,'$2a$10$IWVmZwfmStX8EevGOuitbO3VoNzLzn24sEH6S80bCZQQWalIHUqzC',NULL,1,'2025-02-05 18:21:22',1,1,0,NULL,NULL,'KC-CLEKAM426','2025-02-05 18:20:49','2025-02-05 18:21:21'),(548,'+23276970442',NULL,0,NULL,1,'$2a$10$yO1Nh2DF7JjR2YC5rsAvI.wdvaVbx.Ah3qqEgr3ph/tY9xrW48UY6',NULL,1,'2025-02-05 18:27:29',1,1,0,NULL,NULL,'KC-CLEKAM426','2025-02-05 18:26:48','2025-02-05 18:27:29'),(549,'+23275308979',NULL,0,NULL,1,'$2a$10$ukmwQscwKGqrcU57QvI2Ou.ZYGN54IjqEGCTfYq/AsLmZNNSeXM6K',NULL,1,'2025-02-05 22:16:18',1,1,0,NULL,NULL,'KC-ISAKOR525','2025-02-05 22:15:51','2025-02-05 22:16:17'),(550,'+23276315156',NULL,0,NULL,1,'$2a$10$cJSe4IDmYsYUUaL0zXq8mulzd3Q6oI.22gIu6VlmPq3/O8oVllv8e',NULL,1,'2025-02-05 22:20:42',1,1,0,NULL,NULL,'KC-ISAKOR525','2025-02-05 22:20:14','2025-02-05 22:20:42'),(551,'+23271930943',NULL,0,NULL,1,'$2a$10$umgJ.XYQG0zimwp1CJ3byeb9Q2nfAFyMD2djm5BtjrMVj05WnPuW2','003351',0,NULL,1,0,0,NULL,NULL,'KC-ISAKOR525','2025-02-05 22:26:03','2025-02-05 22:26:03'),(552,'+23279930943',NULL,0,NULL,1,'$2a$10$Vz6D/DHVtfp0/3IcTvuzfuW7eoN0SJmYmqbYpcF.DH772g/sraKvK',NULL,1,'2025-02-05 22:29:54',1,1,0,NULL,NULL,'KC-ISAKOR525','2025-02-05 22:29:31','2025-02-05 22:29:54'),(553,'+23288199607',NULL,0,NULL,1,'$2a$10$gvymvpiDFlrE/nAZQWfI/.WN/nuS5pbtmjzoifRKDaFZAiQ.z3.hy',NULL,1,'2025-02-06 00:01:17',1,1,0,NULL,NULL,'KC-UMUBAH686','2025-02-05 23:57:32','2025-02-06 00:01:16'),(554,'+23230266397',NULL,0,NULL,1,'$2a$10$yW3n2KMYrvPLvSBfZowIve6A70TPu0/rSeRqNZi1d7dqbFf4fXr/i',NULL,1,'2025-02-06 10:46:24',1,1,0,NULL,NULL,'KC-MOHCON497','2025-02-06 10:46:00','2025-02-06 10:46:23'),(555,'+23274630208',NULL,0,NULL,1,'$2a$10$NEJTcY/P2ldPTTjZ5Cno0.TrJSYlZsuqyjAsTXJQ3lqBEy2pin7WK',NULL,1,'2025-02-06 10:50:19',1,1,0,NULL,NULL,'KC-MOHCON497','2025-02-06 10:50:04','2025-02-06 10:50:18'),(556,'+23233249614',NULL,0,NULL,1,'$2a$10$kLLRR4OHNvseptImGZ4GYOAjgX8Ov3YfgKxDH3e1P8jbvm2W6nB1.',NULL,1,'2025-02-06 10:54:21',1,1,0,NULL,NULL,'KC-MOHCON497','2025-02-06 10:53:49','2025-02-06 10:54:20'),(557,'+23278140628',NULL,0,NULL,1,'$2a$10$sSQH9cSNP6rC5a6WT.loquhSeNfZJR6ZLOhKXsY0icDGfwg/BI5E.',NULL,1,'2025-02-06 10:57:46',1,1,0,NULL,NULL,'KC-MOHCON497','2025-02-06 10:57:21','2025-02-06 10:57:45'),(558,'+23230212265',NULL,0,NULL,1,'$2a$10$cRHSlisTQBTHJPs0FxmbYOj35ZirelpohqRz29Anw3G4xuTiEDJmC','810767',0,NULL,1,0,0,NULL,NULL,'KC-MOHCON497','2025-02-06 11:00:58','2025-02-06 11:00:58'),(559,'+23299881241',NULL,0,NULL,1,'$2a$10$uqNVTtnPGrjaapEBzG8TaeUlBILOMkZIY5Q0aW2nWg31irFMJMjNO',NULL,1,'2025-02-06 11:10:53',1,1,0,NULL,NULL,'KC-MOHCON497','2025-02-06 11:10:27','2025-02-06 11:10:52'),(560,'+23274723975',NULL,0,NULL,1,'$2a$10$A0BL8edAGrX/R/bWgkxXtOJ0g5X5gt4dG9dEmWJYCtPZU0N.q.jZK',NULL,1,'2025-02-06 11:13:17',1,1,0,NULL,NULL,'KC-MOHCON497','2025-02-06 11:12:44','2025-02-06 11:13:16'),(562,'+23275479524',NULL,0,NULL,1,'$2a$10$/vn6ugEcOW.fwiAzZtxfA.6gUwOIj80B1tyWbluP68C80gLoX89CG',NULL,1,'2025-02-06 11:19:29',1,1,0,NULL,NULL,'KC-MOHCON497','2025-02-06 11:18:27','2025-02-06 11:19:28'),(563,'+23231663748',NULL,0,NULL,1,'$2a$10$NzuKvzSEbdP4n31j8besfeeQbkLMBhewYuQZUbwRAalY5vqjESRD.',NULL,1,'2025-02-06 11:29:26',1,1,0,NULL,NULL,'KC-ISAKOR525','2025-02-06 11:29:08','2025-02-06 11:29:26'),(564,'+23275282578',NULL,0,NULL,1,'$2a$10$BBs2uDbOd7l4N/Rcurq45.RUxCUIAWFhhbjiEpX0p5mapZ59Vj1Tq',NULL,1,'2025-02-06 11:36:47',1,1,0,NULL,NULL,'KC-ISAKOR525','2025-02-06 11:31:56','2025-02-06 11:36:47'),(565,'+23276182241',NULL,0,NULL,1,'$2a$10$aWDhVg8Awk5iltRvFvWQbe5ZrD6dA3TlynI2ZPLzoouW0Ohq/Tse6',NULL,1,'2025-02-06 11:35:22',1,1,0,NULL,NULL,'KC-ISAKOR525','2025-02-06 11:34:22','2025-02-06 11:35:22'),(566,'+23278204334',NULL,0,NULL,1,'$2a$10$s9nKgJ8rVRWB6jMqWopQn.5o3nsagJ8cbBFQZFzDYdeX51FGgX7kO',NULL,1,'2025-02-06 11:43:08',1,1,0,NULL,NULL,'KC-ISAKOR525','2025-02-06 11:42:47','2025-02-06 11:43:08'),(567,'+23231414294',NULL,0,NULL,1,'$2a$10$kzYPIqwxAhy3Xl5y5emyteN/JdTcZoz8nXtQUYMvHIGasmav/84Ei','661053',0,NULL,1,0,0,NULL,NULL,'KC-ISAKOR525','2025-02-06 12:01:43','2025-02-06 12:01:43'),(568,'+23231062122',NULL,0,NULL,1,'$2a$10$I41kiVJrDsBrp.qTdWvEieYO0.kUdT2vfvZOnWPDQs/yhTDX58Og2',NULL,1,'2025-02-06 12:03:37',1,1,0,NULL,NULL,'KC-ISAKOR525','2025-02-06 12:03:05','2025-02-06 12:03:37'),(569,'+23276113333',NULL,0,NULL,1,'$2a$10$FjvRa36gESiVR6b/k3BTqu4bkgwmd7cZRMN1Az6ADuq3EyRix0p0C',NULL,1,'2025-02-06 12:06:18',1,1,0,NULL,NULL,'KC-DAUKAM729','2025-02-06 12:06:02','2025-02-06 12:06:18'),(570,'+23276573527',NULL,0,NULL,1,'$2a$10$e3OoSgVjjhcpQwilIFSfqeEZ.yFrT9fGqq5/hDWVgde/3HejCCaQ2',NULL,1,'2025-02-06 13:21:39',1,1,0,NULL,NULL,'KC-DAUKAM729','2025-02-06 13:21:22','2025-02-06 13:21:39'),(571,'+23277454293',NULL,0,NULL,1,'$2a$10$tI45eyUl/xkfC9DNtHdEcuviGMujCnzF0ijPDFf0wfXM59qyxhTau',NULL,1,'2025-02-06 15:51:45',1,1,0,NULL,NULL,'KC-MARKAL971','2025-02-06 15:49:32','2025-02-06 15:51:45'),(572,'+23233272065',NULL,0,NULL,1,'$2a$10$kJ4QaA08b.jI1BJuxj2/uOiorEoG7zkIzoCh9GnEcLmrQCRVIdaLO','709777',1,'2025-02-06 16:06:22',1,1,0,NULL,NULL,'KC-ISAKOR525','2025-02-06 16:05:06','2025-02-06 18:33:20'),(574,'+23231436843',NULL,0,NULL,1,'$2a$10$JGK6RMOfPbs83qz5jRRHmOqM1rC7k/8./KOsWvozcAHufqeYNy4pi',NULL,1,'2025-02-06 16:17:38',1,1,0,NULL,NULL,'KC-MARKAL971','2025-02-06 16:17:08','2025-02-06 16:17:37'),(575,'+23276579740',NULL,0,NULL,1,'$2a$10$iMVk3OaIcHKA.LDJvL2b2.o0viDod/RdCoLKehKB2MnLdN2msa2Au','902832',0,NULL,1,0,0,NULL,NULL,'KC-MARKAL971','2025-02-06 16:24:22','2025-02-06 16:24:22'),(576,'+23233598465',NULL,0,NULL,1,'$2a$10$0L2qZWYnrBTZOGqLr6.squA1qFMZVu5fUzRHBsncCmDnIP6w.leH.',NULL,1,'2025-02-06 16:28:38',1,1,0,NULL,NULL,'KC-DAUKAM729','2025-02-06 16:28:17','2025-02-06 16:28:37'),(577,'+23277846070',NULL,0,NULL,1,'$2a$10$TEYs8JSfjCdZDG4bUDv0Lu85mBggU/JJIKi39EHEpzW6LLlgIZrqC',NULL,1,'2025-02-06 16:40:22',1,1,0,NULL,NULL,'KC-MARKAL971','2025-02-06 16:39:53','2025-02-06 16:40:22'),(578,'+23231655861',NULL,0,NULL,1,'$2a$10$B6ZdC0Zqg2jHTFzt1PTJRuspB62GAbK3VpxwG9KcxDyo2apwm2QmO',NULL,1,'2025-02-06 16:46:07',1,1,0,NULL,NULL,'KC-MARKAL971','2025-02-06 16:45:30','2025-02-06 16:46:07'),(579,'+23273758922',NULL,0,NULL,1,'$2a$10$jZZzSjEOeQ5uslsJ6Qyyauoc5x1Das0tDEPgm4OJebObQQYAmdU7O',NULL,1,'2025-02-06 17:31:21',1,1,0,NULL,NULL,'KC-MARKAL971','2025-02-06 17:30:52','2025-02-06 17:31:21'),(580,'+23277972181',NULL,0,NULL,1,'$2a$10$HzDCnLXRFEw/UB/Q7hm8x.sBW3QVJ..9vMXdM3EGtnNm7eb6TCgsu',NULL,1,'2025-02-06 17:31:07',1,1,0,NULL,NULL,'KC-REBCON550','2025-02-06 17:30:55','2025-02-06 17:31:06'),(581,'+23274454764',NULL,0,NULL,1,'$2a$10$OvW1xW6fx4MOQEMhRLrAVuMOhTsnRuZyq2DwmmjonrkNtyED4kBmm','338438',0,NULL,1,0,0,NULL,NULL,'KC-MARKAL971','2025-02-06 17:38:42','2025-02-06 17:38:42'),(582,'+23274452764',NULL,0,NULL,1,'$2a$10$rjTp/t3WNu2pUVIKdjFTx.4rcRD/rjoednD//axvJWFQwKCMXHSI2','473533',0,NULL,1,0,0,NULL,NULL,'KC-MARKAL971','2025-02-06 17:43:23','2025-02-06 17:43:23'),(583,'+23274455264',NULL,0,NULL,1,'$2a$10$2J5BTXYClPe2yfszZWXYEecSTCXdwydPQdcI/N6Es3kRDywADUedi','593134',0,NULL,1,0,0,NULL,NULL,'KC-MARKAL971','2025-02-06 17:46:19','2025-02-06 17:46:19'),(584,'+23230572617',NULL,0,NULL,1,'$2a$10$Q3cmCnDOpdbj7e8wCYzjbOYltaJSc4eYWWlJj.qH7kTeMfw3xpFga','482826',0,NULL,1,0,0,NULL,NULL,'KC-REBCON550','2025-02-06 17:46:22','2025-02-06 17:46:22'),(585,'+23288203062',NULL,0,NULL,1,'$2a$10$XdZ104c8qZY4Rw5GCTcDaO4rdD9223c3Qa/uPhM2xGru0d8Giz0ym','228622',0,NULL,1,0,0,NULL,NULL,'KC-REBCON550','2025-02-06 17:49:19','2025-02-06 17:49:19'),(586,'+23277814263',NULL,0,NULL,1,'$2a$10$pTIy/81MjkH/wbj7x93Wa.ji2buYNde22iErPzweUDGKO2PsowoCq',NULL,1,'2025-02-06 17:50:15',1,1,0,NULL,NULL,'KC-MARKAL971','2025-02-06 17:49:25','2025-02-06 17:50:14'),(587,'+23233198691',NULL,0,NULL,1,'$2a$10$C.N3EiYoogPV7ckILs1bNuqHQD0YKJS33hYUY3M/q.asN/dwvDW8K',NULL,1,'2025-02-06 17:57:46',1,1,0,NULL,NULL,'KC-MARKAL971','2025-02-06 17:57:18','2025-02-06 17:57:45'),(588,'+23275223586',NULL,0,NULL,1,'$2a$10$1Zp5MiUjkhPqDWeEY/4xm.9ZaOchI/rVWe2m2Vm/MRF/3CAsKNSgu','125045',0,NULL,1,0,0,NULL,NULL,'KC-MARKAL971','2025-02-06 18:15:36','2025-02-06 18:15:36'),(589,'+23275223986',NULL,0,NULL,1,'$2a$10$FElfnDT9cZphPH.R9jfBmu7Ae.Xk.TToCHzfJq98jM5eVlhj15xvS',NULL,1,'2025-02-06 18:23:00',1,1,0,NULL,NULL,'KC-MARKAL971','2025-02-06 18:22:00','2025-02-06 18:23:00'),(590,'+23278014499',NULL,0,NULL,1,'$2a$10$nJ4ltcn7SAyksMhfsdCG5ObPFN4/Bin1RWcotP1glFwkO8LSijwwa',NULL,1,'2025-02-06 18:36:14',1,1,0,NULL,NULL,'KC-REBCON550','2025-02-06 18:35:50','2025-02-06 18:36:13'),(591,'+23275370075',NULL,0,NULL,1,'$2a$10$ZB4L/FGKDXz/OLLilSKJEuwX0ZuF948FA5ahSgCq7Pvi95LZiBjgW',NULL,1,'2025-02-06 18:42:03',1,1,0,NULL,NULL,'KC-MARKAL971','2025-02-06 18:41:09','2025-02-06 18:42:03'),(592,'+23233565402',NULL,0,NULL,1,'$2a$10$znN/ko.wFGuZ5IxG/jYYaOPNR5qIAN2ZRvFEEi1TuAK1KRYNDRPe.',NULL,1,'2025-02-06 18:48:37',1,1,0,NULL,NULL,'KC-MARKAL971','2025-02-06 18:48:11','2025-02-06 18:48:36'),(593,'+23275492255',NULL,0,NULL,1,'$2a$10$7kZFPqzd/QPkNPGoH4nn4usjDYcjxan5FNQ5DczpsbraE9rFFyd7y',NULL,1,'2025-02-06 19:10:52',1,1,0,NULL,NULL,'KC-ISAKOR525','2025-02-06 19:10:06','2025-02-06 19:10:52'),(594,'+23299130789',NULL,0,NULL,1,'$2a$10$le4XFHY/xM7s9Qmfesu.XeaCeiqIZ6oWsCbBnWBTixm3VtXVR.Y4u',NULL,1,'2025-02-06 19:22:18',1,1,0,NULL,NULL,'KC-REBCON550','2025-02-06 19:22:07','2025-02-06 19:22:18'),(595,'+23299814036',NULL,0,NULL,1,'$2a$10$S.E3U9o0adaJPlpAwJNIfeikTo7S5eH6VcDUR/mNwYBhMuzhSrA62',NULL,1,'2025-02-06 19:36:09',1,1,0,NULL,NULL,'KC-MARKAL971','2025-02-06 19:33:52','2025-02-06 19:36:09'),(596,'+23276063667',NULL,0,NULL,1,'$2a$10$ghk97hR6QQz/prtV4ILHD.H2t4JRflecKGhXn3ihILQ1MfynrV39C',NULL,1,'2025-02-06 20:16:40',1,1,0,NULL,NULL,NULL,'2025-02-06 20:16:17','2025-02-06 20:16:39'),(597,'+23278132949',NULL,0,NULL,1,'$2a$10$6I6lVbXwtMRj.FcetzP5DeqvdBTWLCEYmZVyHgsyIFGBtg1HBM90K',NULL,1,'2025-02-06 20:48:21',1,1,0,NULL,NULL,'KC-REBCON550','2025-02-06 20:48:06','2025-02-06 20:48:21'),(598,'+23276813712',NULL,0,NULL,1,'$2a$10$cycKaELovPYTIqaBwVDi5.vABM9hzlMoaJo9lUtemv4aDG4KpGqZC',NULL,1,'2025-02-06 20:57:10',1,1,0,NULL,NULL,NULL,'2025-02-06 20:56:39','2025-02-06 20:57:09'),(599,'+23272168189',NULL,0,NULL,1,'$2a$10$ZkZ4HgsG1WcXDb5sOT9O5uBVyfsLGFhUhn7zRx5UgANVKJiSpvms6',NULL,1,'2025-02-06 21:04:01',1,1,0,NULL,NULL,'KC-REBCON550','2025-02-06 21:03:23','2025-02-06 21:04:00'),(600,'+23272433565',NULL,0,NULL,1,'$2a$10$hLBpjpto0VZu8TWf9My/qu0h5na0et7LQaW4d5FHG7cv75/i82B4S',NULL,1,'2025-02-07 10:05:11',1,1,0,NULL,NULL,'KC-CLEKAM426','2025-02-07 10:04:50','2025-02-07 10:05:11'),(601,'+23231449978',NULL,0,NULL,1,'$2a$10$.WFgq1bwMnrNVLo7PErFRe19vygS0QXhd167anDNzL28GdBj.W.CG',NULL,1,'2025-02-07 10:13:11',1,1,0,NULL,NULL,'KC-CLEKAM426','2025-02-07 10:12:45','2025-02-07 10:13:11'),(602,'+23278785762',NULL,0,NULL,1,'$2a$10$J4DwHt41iJEbqjCdnrdAfeBt5D9JJcYjhxX0PEXZnLT4NlTKLVCJy','140899',0,NULL,1,0,0,NULL,NULL,'KC-ISAKOR525','2025-02-07 11:05:07','2025-02-07 11:05:07'),(603,'+23233052029',NULL,0,NULL,1,'$2a$10$2DphZb4wheJJaT3t/.wf4eOJAFzawqfGFiU90GXOWdm2bpF8mdbI.',NULL,1,'2025-02-07 11:25:16',1,1,0,NULL,NULL,'KC-ISAKOR525','2025-02-07 11:24:41','2025-02-07 11:25:16'),(604,'+23276746509',NULL,0,NULL,1,'$2a$10$B60LTI85res87mKi1rv8JO9UVNccgjxbMpaYfJwou4RkWIz7FEIzq',NULL,1,'2025-02-07 11:28:33',1,1,0,NULL,NULL,'KC-CLEKAM426','2025-02-07 11:27:54','2025-02-07 11:28:32'),(605,'+23280499656',NULL,0,NULL,1,'$2a$10$2kyn/qhjnaPytaoMuqzyMul/XG3TgIQx9n1qA6Via0GRwl2RmbCVm',NULL,1,'2025-02-07 11:33:08',1,1,0,NULL,NULL,'KC-CLEKAM426','2025-02-07 11:32:41','2025-02-07 11:33:07'),(606,'+23230606161',NULL,0,NULL,1,'$2a$10$911OX.aQQigI8YUZvjNJwer7CQXgkpPeyr3Y8Eu7LjCQIXWAHIJRW',NULL,1,'2025-02-07 15:00:26',1,1,0,NULL,NULL,'KC-REBCON550','2025-02-07 15:00:01','2025-02-07 15:00:25'),(607,'+23288358255',NULL,0,NULL,1,'$2a$10$bhceoLaAlGrQKY2FBa2e4.DoNRenFvDlmtypMWjNwKgZIt9UVTife',NULL,1,'2025-02-07 15:10:14',1,1,0,NULL,NULL,'KC-REBCON550','2025-02-07 15:09:46','2025-02-07 15:10:13'),(608,'+23276761396',NULL,0,NULL,1,'$2a$10$hLGOk5MhCi7qoNllp9XKJu.CKndXrZHwy743H6n/0sEpdX0GnFMrC',NULL,1,'2025-02-07 20:14:00',1,1,0,NULL,NULL,'KC-CLEKAM426','2025-02-07 20:13:22','2025-02-07 20:13:59'),(609,'+23275092415',NULL,0,NULL,1,'$2a$10$6iyKL5arArRLWRWdClMLeuR9RGU5ysL7X9g030YuYecAOcZkdj1eK',NULL,1,'2025-02-07 20:22:52',1,1,0,NULL,NULL,'KC-ISAKOR525','2025-02-07 20:20:41','2025-02-07 20:22:52'),(610,'+23276792020',NULL,0,NULL,1,'$2a$10$ZF32PH.fBOx.wjZ1FVzppOfZT60YLiSE8tLDcesUmMVpWlkKOmPKe',NULL,1,'2025-02-07 20:26:28',1,1,0,NULL,NULL,'KC-UMUBAH686','2025-02-07 20:25:49','2025-02-07 20:26:28'),(611,'+23277752606',NULL,0,NULL,1,'$2a$10$JLhmaz/VeEeBHdJYgJaoa.nKmZUHoxVPxFcyaEfKnTh28TNQUuisC',NULL,1,'2025-02-07 20:46:16',1,1,0,NULL,NULL,'KC-ISAKOR525','2025-02-07 20:45:36','2025-02-07 20:46:16'),(612,'+23272128768',NULL,0,NULL,1,'$2a$10$RMKAU7U0CRmCtuNeoUrpYuFGPE6dX5zTreRi3rtpG.ijezYWP2fay',NULL,1,'2025-02-07 20:50:52',1,1,0,NULL,NULL,'KC-ISAKOR525','2025-02-07 20:50:31','2025-02-07 20:50:51'),(613,'+23232549178',NULL,0,NULL,1,'$2a$10$LrG01lQHYnl6Ik864YWq3OkUi7pLOrkfZDUdXK62BjVGM8C6c53Bi','970077',0,NULL,1,0,0,NULL,NULL,'KC-ISAKOR525','2025-02-07 21:04:24','2025-02-07 21:04:24'),(614,'+23274595025',NULL,0,NULL,1,'$2a$10$1ZyBW5e/w.dP8iMcGk/cuumrzv5cTZ0BjisLlo3vlvvwV4I/tIL2G',NULL,1,'2025-02-08 19:16:34',1,1,0,NULL,NULL,'KC-ISAKOR525','2025-02-08 19:15:41','2025-02-08 19:16:33'),(615,'+23299802148',NULL,0,NULL,1,'$2a$10$Y8wy1VnAx1s/BFg1/t9wGeoECxS5nt9YTBB..j/.dMXrZDZB2CBmm',NULL,1,'2025-02-08 19:21:09',1,1,0,NULL,NULL,'KC-CLEKAM426','2025-02-08 19:20:49','2025-02-08 19:21:08'),(616,'+23278195352',NULL,0,NULL,1,'$2a$10$skdbWg2IJO63y0u41g6TM.c5VCypXq/cBQQuLmEb.hrxeSKD1Vkay',NULL,1,'2025-02-08 19:22:55',1,1,0,NULL,NULL,'KC-ISAKOR525','2025-02-08 19:22:33','2025-02-08 19:22:55'),(617,'+23299099874',NULL,0,NULL,1,'$2a$10$2Gi4hY/xlGyGfaFVxh/alei/u2q4Kzp2ORXL5U0zv0Z5MhvE8t7q6',NULL,1,'2025-02-08 19:26:26',1,1,0,NULL,NULL,'KC-ISAKOR525','2025-02-08 19:25:56','2025-02-08 19:26:25'),(618,'+23279748879',NULL,0,NULL,1,'$2a$10$YJka5Ckoh85KWqY2CRJnwu90DL2l3LCj78Z.zbjgLLPlmvWaIgSmC',NULL,1,'2025-02-08 20:27:03',1,1,0,NULL,NULL,'KC-UMUBAH686','2025-02-08 20:26:40','2025-02-08 20:27:03'),(619,'+23288889088',NULL,0,NULL,1,'$2a$10$AOPysUszUCZyExpf69nS0OfO7T0rqGe7xyQ.cfwO8Yvau2QVxVMuy',NULL,1,'2025-02-08 21:47:10',1,1,0,NULL,NULL,'KC-UMUBAH686','2025-02-08 21:45:36','2025-02-08 21:47:10'),(620,'+23277346796',NULL,0,NULL,1,'$2a$10$zLsdBEsPcVditaASgTN4Ge1T5Smf4XFGNUGdFNavqf72iWoisdBXW',NULL,1,'2025-02-08 22:49:06',1,1,0,NULL,NULL,'KC-UMUBAH686','2025-02-08 22:43:58','2025-02-08 22:49:05'),(621,'+23276324763',NULL,0,NULL,1,'$2a$10$WbD1JGmVO6avaPXnR1S0LOAJO98EVQiQteHtXXq8KGm2RRfnBf.em','367519',0,NULL,1,0,0,NULL,NULL,'KC-UMUBAH686','2025-02-08 22:52:46','2025-02-08 22:52:46'),(622,'+23276859132',NULL,0,NULL,1,'$2a$10$RvRctRSUVXWtp1gmMxkiyu5lVo8aiNQm5ufy0SSwFMSUu7CBvMqBu',NULL,1,'2025-02-08 23:30:34',1,1,0,NULL,NULL,'KC-UMUBAH686','2025-02-08 23:26:52','2025-02-08 23:30:33'),(623,'+23276133657',NULL,0,NULL,1,'$2a$10$zJR7YziMI1i.azQg5sxjJ.CYhuoqE8WgsREyNBGOULMTRHh/4Szhy',NULL,1,'2025-02-09 15:39:09',1,1,0,NULL,NULL,'KC-DAUKAM729','2025-02-09 15:38:51','2025-02-09 15:39:09'),(624,'+23272139762',NULL,0,NULL,1,'$2a$10$Jd60C58s0T/kjbuKupFwoeKE0WNgWTBeLmdivDlYh.a4EK8ZUvRpy','259631',0,NULL,1,0,0,NULL,NULL,'KC-ISAKOR525','2025-02-09 20:40:21','2025-02-09 20:40:21'),(625,'+23232881663',NULL,0,NULL,1,'$2a$10$wDOhiOsTKA9VVW1t6sY6euPiJJ3S3xfhZDo.BdFwHpJoQ6BAJRjHG','718730',0,NULL,1,0,0,NULL,NULL,'KC-DAUKAM729','2025-02-10 10:27:47','2025-02-10 10:27:47'),(626,'+23272881663',NULL,0,NULL,1,'$2a$10$PQSnGjpLI0o2AHlSsRALQupOEEJuZNggeUcTk2hkl/9Xn1HDA/HW6','988850',0,NULL,1,0,0,NULL,NULL,'KC-DAUKAM729','2025-02-10 10:29:06','2025-02-10 10:29:06'),(627,'+23230833237',NULL,0,NULL,1,'$2a$10$reii.pWk.EciCYHDNKu9Ju4SOAuKwMUL68uXKg7GvLEIRHkHgkL86',NULL,1,'2025-02-10 11:21:56',1,1,0,NULL,NULL,'KC-MARKAL971','2025-02-10 11:21:11','2025-02-10 11:21:55'),(628,'+23277060088',NULL,0,NULL,1,'$2a$10$jLSYtx5lEF1b7k/MIvA1VuUyuLFbXhwO223mgc9C6OZncTsCJw2Q6',NULL,1,'2025-02-10 11:45:54',1,1,0,NULL,NULL,'KC-MARKAL971','2025-02-10 11:45:28','2025-02-10 11:45:54'),(629,'+23278698783',NULL,0,NULL,1,'$2a$10$TJSyD4nwSdymwugcRT02w.HlQ4hNmMM88VKDCnv3yBr8.ZzyXqucq',NULL,1,'2025-02-10 12:54:05',1,1,0,NULL,NULL,NULL,'2025-02-10 12:53:33','2025-02-10 12:54:05'),(630,'+23277207528',NULL,0,NULL,1,'$2a$10$qDuWnfuD7A5POH5p9247y.2VgnOG3EzWzW2gABNir82RUnSQio5Ja',NULL,1,'2025-02-10 13:11:40',1,1,0,NULL,NULL,'KC-MARKAL971','2025-02-10 13:08:26','2025-02-10 13:11:40'),(631,'+23276287803',NULL,0,NULL,1,'$2a$10$.zV7F.9IFGURSkIc1.kHoe55x37VOUP.ukP832s1Tg1mWCkJEmKE6','921011',0,NULL,1,0,0,NULL,NULL,'KC-MARKAL971','2025-02-10 13:15:28','2025-02-10 13:15:28'),(632,'+23278068305','banguraib2020@gmail.com',0,NULL,2,'$2a$10$RAbPZLAZxXl1lbD0vqXuEO3WijxtUxuX8Hm7Jh1Sf7aDRRAsLrWyi',NULL,1,'2025-02-10 17:24:56',1,1,0,NULL,NULL,'KC-MARKAL971','2025-02-10 17:24:14','2025-02-10 17:24:56'),(633,'+23231679844',NULL,0,NULL,1,'$2a$10$e/jhlnSynI4tC0wt90rjH.V9CiJ/tWQz4LbxVGhkMAnnurltwVF7C',NULL,1,'2025-02-10 18:50:31',1,1,0,NULL,NULL,'KC-MARKAL971','2025-02-10 18:50:11','2025-02-10 18:50:30'),(634,'+23277383617',NULL,0,NULL,1,'$2a$10$TJlJME3UextfxOkXfnTCueZk/IeepNh1cP/UCD/77R0Cl3OHGzUBO',NULL,1,'2025-02-10 18:55:30',1,1,0,NULL,NULL,'KC-MARKAL971','2025-02-10 18:54:59','2025-02-10 18:55:30'),(635,'+23272433691',NULL,0,NULL,1,'$2a$10$.YUFprXbtq622kobo7N9RezuaHgarplgAJOVG.Chj1UAYHxChFXpe','455706',0,NULL,1,0,0,NULL,NULL,NULL,'2025-02-10 19:02:10','2025-02-10 19:02:10'),(636,'+23232824078',NULL,0,NULL,1,'$2a$10$rPVl.UH7.ZiEjcacLb0hPeunm7I5M942LTenUZ7hll.2S951Bln9m',NULL,1,'2025-02-10 19:09:26',1,1,0,NULL,NULL,'KC-MARKAL971','2025-02-10 19:08:57','2025-02-10 19:09:25'),(637,'+23288932782',NULL,0,NULL,1,'$2a$10$IH1aUYnbQ4NigwIuVE/WveyG5gDgB7G/3ue5zWHOy0ca8bAGKYQmq',NULL,1,'2025-02-10 19:48:14',1,1,0,NULL,NULL,'KC-MARKAL971','2025-02-10 19:47:55','2025-02-10 19:48:14'),(638,'+23288581987',NULL,0,NULL,1,'$2a$10$LUTReCR24/20vTTt2No6xurRktWI5JnFbeHJxPQRnR7NMQlHeNy9q',NULL,1,'2025-02-11 10:52:59',1,1,0,NULL,NULL,'KC-ISAKOR525','2025-02-11 10:52:29','2025-02-11 10:52:59'),(639,'+23278585629',NULL,0,NULL,1,'$2a$10$54/vzUsAqP3yECckZn.O4.jzp/rsRsE497ErBD4CWnjU5p1puqVr2',NULL,1,'2025-02-11 11:15:36',1,1,0,NULL,NULL,'KC-ISAKOR525','2025-02-11 11:12:47','2025-02-11 11:15:35'),(640,'+23234497126',NULL,0,NULL,1,'$2a$10$9ehEUceoS6Ps16/VLPKdLO1r3OdpvGSKNo3m/QylFT57PRJKo9la2',NULL,1,'2025-02-11 11:14:48',1,1,0,NULL,NULL,'KC-CLEKAM426','2025-02-11 11:14:20','2025-02-11 11:14:48'),(641,'+23279528682',NULL,0,NULL,1,'$2a$10$8tw4oVgaZw30UYDdsiOBv.pkgHkkgGVwujrui66lEVDZ9xFkC425S',NULL,1,'2025-02-11 11:44:31',1,1,0,NULL,NULL,'KC-CLEKAM426','2025-02-11 11:44:09','2025-02-11 11:44:31'),(642,'+23277369589',NULL,0,NULL,1,'$2a$10$Wed1cen8Qa2cKVUnODCcpevdGnYUB8qAhSDrOUInkJ2Fm5oEKwJ4e',NULL,1,'2025-02-11 11:47:37',1,1,0,NULL,NULL,'KC-CLEKAM426','2025-02-11 11:47:16','2025-02-11 11:47:36'),(643,'+23230157277',NULL,0,NULL,1,'$2a$10$Q2tr39vgH6QVaQFL6OpFLecnwSgVcOWSK9l3rMRuOP8E8Dd3PHF.a',NULL,1,'2025-02-11 11:52:02',1,1,0,NULL,NULL,'KC-CLEKAM426','2025-02-11 11:51:29','2025-02-11 11:52:02'),(644,'+23275366382',NULL,0,NULL,1,'$2a$10$EwG7NbsN90mQMso5mMbjbummE0g2YM1Y.FCUHdvMuTQkTDwJ21ck6',NULL,1,'2025-02-11 11:55:19',1,1,0,NULL,NULL,'KC-CLEKAM426','2025-02-11 11:54:51','2025-02-11 11:55:18'),(645,'+23232853919',NULL,0,NULL,1,'$2a$10$HVQ0giGniFD.LpENlI50oe8E1bGYWVevEb1JS4a7698LzH1UrX71O',NULL,1,'2025-02-11 12:06:47',1,1,0,NULL,NULL,'KC-MARKAL971','2025-02-11 12:06:11','2025-02-11 12:06:47'),(646,'+23273106626',NULL,0,NULL,1,'$2a$10$bu9nU4hsPJ/moDzTGWnlauSBvTQ0AaQuDCBndTHJKl4yQvB0V6o6m',NULL,1,'2025-02-11 12:16:27',1,1,0,NULL,NULL,'KC-CLEKAM426','2025-02-11 12:14:03','2025-02-11 12:16:27'),(648,'+23276532361',NULL,0,NULL,1,'$2a$10$FdSemoo4VOuOVCvknujlBechSenfak4AB4FyVFlI3GprZxaETpDcS',NULL,1,'2025-02-11 12:19:31',1,1,0,NULL,NULL,'KC-CLEKAM426','2025-02-11 12:19:13','2025-02-11 12:19:31'),(649,'+23230827400',NULL,0,NULL,1,'$2a$10$CRwNWbr4AEtJvT.6OCXHJ.G5w658Mn7kCPpqkw5SlORiadTqEs78O',NULL,1,'2025-02-11 12:29:09',1,1,0,NULL,NULL,'KC-MARKAL971','2025-02-11 12:27:39','2025-02-11 12:29:08'),(650,'+23276616232',NULL,0,NULL,1,'$2a$10$Y9gVoS3Wg1KtCtp4RON5s.YQNQiPgsBseZT2sI3Fkwl7QpBqU0ao2','775166',0,NULL,1,0,0,NULL,NULL,'KC-DAUKAM729','2025-02-11 13:06:30','2025-02-11 13:06:30'),(651,'+23274202754',NULL,0,NULL,1,'$2a$10$KEXOMeo.JBwC3fbV0u0M6eOuQHLVQL0Xt.tQDC81Ns6/8lTHQJcmi',NULL,1,'2025-02-11 13:19:04',1,1,0,NULL,NULL,'KC-DAUKAM729','2025-02-11 13:18:27','2025-02-11 13:19:03'),(652,'+23277090611',NULL,0,NULL,1,'$2a$10$ub2ne16.HCXgzQetzV7HMe0irtDvXYsJsDP5gXmtWvNEwc5SyIeqa',NULL,1,'2025-02-11 14:45:22',1,1,0,NULL,NULL,'KC-ISAKOR525','2025-02-11 14:42:01','2025-02-11 14:45:22'),(653,'+23278506142',NULL,0,NULL,1,'$2a$10$c0vV4rglaH/YwXl3lGEHHeHYVR4DLKBoo08gc6B4X.FFqE4phxU7K',NULL,1,'2025-02-11 14:48:36',1,1,0,NULL,NULL,'KC-ISAKOR525','2025-02-11 14:48:05','2025-02-11 14:48:35'),(654,'+23231354078',NULL,0,NULL,1,'$2a$10$dB5ldS9tjRE6hSUHqgNIIuFKFAo0f/g1kIPIOzHmIfuhfsHB6PIyq',NULL,1,'2025-02-11 18:25:00',1,1,0,NULL,NULL,'KC-MARKAL971','2025-02-11 18:24:34','2025-02-11 18:25:00'),(655,'+23299948418',NULL,0,NULL,1,'$2a$10$JCalGRI1AZN4iNSyMQc3D.RSOdXB8mvRv2OXSfe4oCK6dHS1sq9Au',NULL,1,'2025-02-11 19:34:10',1,1,0,NULL,NULL,'KC-CLEKAM426','2025-02-11 19:33:45','2025-02-11 19:34:10'),(656,'+23274964162',NULL,0,NULL,1,'$2a$10$WkGvGlJaM7PgCzuwpYrRZedSaSXdKkjpRFMZodOBM4Nqug.wqcUcu',NULL,1,'2025-02-11 19:38:27',1,1,0,NULL,NULL,'KC-CLEKAM426','2025-02-11 19:38:01','2025-02-11 19:38:26'),(657,'+23280770346',NULL,0,NULL,1,'$2a$10$3bF9W0xj9MehR3tu6Euw..vZxTfJVurLmNFIL9J.U54m2Y.F1AM6S',NULL,1,'2025-02-11 19:44:16',1,1,0,NULL,NULL,'KC-DAUKAM729','2025-02-11 19:43:57','2025-02-11 19:44:15'),(658,'+23278473535',NULL,0,NULL,1,'$2a$10$aPqTXb.bpE9McbmG5qAvbeSwH9QJoqXgJRUkHoVVtCwt/bW3CqIAe',NULL,1,'2025-02-12 08:38:07',1,1,0,NULL,NULL,'KC-CLEKAM426','2025-02-12 08:37:45','2025-02-12 08:38:06'),(659,'+23234659185',NULL,0,NULL,1,'$2a$10$GSv6wc2VRo2fqrVofdmBD.F170q7SYYARcdgq7xgFimxSQWT/Og1W','173667',0,NULL,1,0,0,NULL,NULL,'KC-CLEKAM426','2025-02-12 08:45:28','2025-02-12 08:45:28'),(660,'+23279788560',NULL,0,NULL,1,'$2a$10$M9susYt9QODYPNVqWAJwLeXoSThq.TjTUIPVDgDFDdvv0xLQDjtYW',NULL,1,'2025-02-12 08:53:33',1,1,0,NULL,NULL,'KC-CLEKAM426','2025-02-12 08:53:06','2025-02-12 08:53:32'),(661,'+23278615943',NULL,0,NULL,1,'$2a$10$m5ZlkSWZnJAqZWBXI6FYpeIhXQyDcrIoUCwaOprkqavju4FB/GkdW','201807',0,NULL,1,0,0,NULL,NULL,'KC-CLEKAM426','2025-02-12 09:06:12','2025-02-12 09:06:12'),(663,'+23276911118',NULL,0,NULL,1,'$2a$10$NpaVuH.QvHp25lEZoRebGu9zRjZ9I4aTfCHe7.efxggG4R/5MSDsi',NULL,1,'2025-02-12 09:21:51',1,1,0,NULL,NULL,'KC-MARKAL971','2025-02-12 09:21:06','2025-02-12 09:21:50'),(664,'+23288257809',NULL,0,NULL,1,'$2a$10$CjOlnA5tqYRBD6unUgcNzubelohHA5kM6VSqlVSxW5l93wGp3hjXm',NULL,1,'2025-02-12 09:35:53',1,1,0,NULL,NULL,NULL,'2025-02-12 09:35:29','2025-02-12 09:35:52'),(665,'+23299033248',NULL,0,NULL,1,'$2a$10$YPxT88AQgU8cgynet4gxO.DGXbWlJEhqTQbeCe5w3AgVbxDdh0I0y',NULL,1,'2025-02-12 09:49:19',1,1,0,NULL,NULL,'KC-CLEKAM426','2025-02-12 09:48:05','2025-02-12 09:49:19'),(666,'+23288257949',NULL,0,NULL,1,'$2a$10$gvnvP5PTEJkqxedamUWhP.7xSimnyEIVHWOf7x28tmZ1CrSS/kVlW',NULL,1,'2025-02-12 10:10:09',1,1,0,NULL,NULL,'KC-CLEKAM426','2025-02-12 10:09:11','2025-02-12 10:10:08'),(667,'+23279010331',NULL,0,NULL,1,'$2a$10$Ip11aLywob1JZtvqxDVuf.TI9xIxGStqb6SdMJurQKBlAm.WxihCa',NULL,1,'2025-02-12 12:05:53',1,1,0,NULL,NULL,'KC-CLEKAM426','2025-02-12 12:05:16','2025-02-12 12:05:53'),(668,'+23231380926',NULL,0,NULL,1,'$2a$10$yUbbJENQ6wXTcZ5J5cpPl.3XQKA9dJzBPS0HTuAxdtW5v02gtMHAW',NULL,1,'2025-02-12 12:09:34',1,1,0,NULL,NULL,'KC-CLEKAM426','2025-02-12 12:09:19','2025-02-12 12:09:34'),(669,'+23280797524',NULL,0,NULL,1,'$2a$10$nDYjjkCSZi15lCkoi1vZcugA6XOQE276iSP4nobsyh6KCRbTid4fi','860580',0,NULL,1,0,0,NULL,NULL,'KC-CLEKAM426','2025-02-12 12:13:23','2025-02-12 12:13:23'),(670,'+23274646454',NULL,0,NULL,1,'$2a$10$y4CRxXOpkbgUpawBLxx10.kiOGPFkDoozxnmObhoIMwfCd4lc63pu',NULL,1,'2025-02-12 12:22:48',1,1,0,NULL,NULL,'KC-CLEKAM426','2025-02-12 12:21:40','2025-02-12 12:22:48'),(672,'+23280002601',NULL,0,NULL,1,'$2a$10$Zs6yxejDCyntdluvzdV9.eFUWAGe/6GAqRVAb4dYDu8PUqLdJpeB.',NULL,1,'2025-02-12 12:26:04',1,1,0,NULL,NULL,'KC-DAUKAM729','2025-02-12 12:25:47','2025-02-12 12:26:03'),(673,'+23278544552',NULL,0,NULL,1,'$2a$10$T1GCp7dWmC38l4hYVGK/3.FhvTtlorQT8tNW2fQkURn0sdeQ3aALm',NULL,1,'2025-02-12 13:27:51',1,1,0,NULL,NULL,'KC-DAUKAM729','2025-02-12 13:27:06','2025-02-12 13:27:50'),(674,'+23276858310',NULL,0,NULL,1,'$2a$10$L1y3KQRKGpMLYDePjfcOWuD8xz/D6bTEEK4jVehtmynujlO1Rqi06',NULL,1,'2025-02-12 17:12:30',1,1,0,NULL,NULL,'KC-MARKAL971','2025-02-12 17:11:39','2025-02-12 17:12:29'),(675,'+23279886788',NULL,0,NULL,1,'$2a$10$NjAH8TvKoqqm4MoIOQO.zueb1LLwvwoZ8lXwKR8hh37Tkh5gNCzjq',NULL,1,'2025-02-12 17:17:15',1,1,0,NULL,NULL,'KC-MARKAL971','2025-02-12 17:16:30','2025-02-12 17:17:14'),(676,'+23233746275',NULL,0,NULL,1,'$2a$10$2qFhN/PXTgaVJSwpUJuDquZHmB3T78y896kxc9DAY8rqv5Ob/m3ae','744622',0,NULL,1,0,0,NULL,NULL,'KC-MARKAL971','2025-02-12 19:09:10','2025-02-12 19:09:10'),(677,'+23274515894',NULL,0,NULL,1,'$2a$10$bUYZScBNFw03ulMxLT0e3.CZqg/RO/ufBJlwWAsyZ1pxTraWlSNcG',NULL,1,'2025-02-12 22:54:49',1,1,0,NULL,NULL,'KC-ISAKOR525','2025-02-12 20:55:02','2025-02-12 22:54:49'),(678,'+23233663610',NULL,0,NULL,1,'$2a$10$2Fuz70VtxWOHYuLYpAYHuu0zVlFwsvLjmlhakzMfrVHo/BcUT1blG',NULL,1,'2025-02-12 21:00:39',1,1,0,NULL,NULL,'KC-ISAKOR525','2025-02-12 21:00:06','2025-02-12 21:00:39'),(679,'+23277590901',NULL,0,NULL,1,'$2a$10$U5aTdA2ExvDCyu5rVxljZegzWkTc.BEeMMArstyiORhGywG9Ky7f6',NULL,1,'2025-02-13 11:16:25',1,1,0,NULL,NULL,'KC-DAUKAM729','2025-02-13 11:15:50','2025-02-13 11:16:24'),(680,'+23275940432',NULL,0,NULL,1,'$2a$10$.40Hee6jFP4eBqzjEsU44O8H6synIZ2IVwHJr/zYh.euZ/DtEjwzC',NULL,1,'2025-02-13 12:01:34',1,1,0,NULL,NULL,'KC-ISAKOR525','2025-02-13 11:59:23','2025-02-13 12:01:34'),(681,'+23277805028',NULL,0,NULL,1,'$2a$10$pCUNdu7/HgUgtGjkUhR5yOH8wUT/X8IBQX7E/2K6fd1rqUza.CyWO',NULL,1,'2025-02-13 13:22:48',1,1,0,NULL,NULL,'KC-ISAKOR525','2025-02-13 13:22:17','2025-02-13 13:22:48'),(682,'+23272950365',NULL,0,NULL,1,'$2a$10$eWuYE..Sx.aQ36PMsqFAI.uTFjqi/Z4ldYap9XdLzOLjCSftRc.22',NULL,1,'2025-02-13 13:32:24',1,1,0,NULL,NULL,'KC-ISAKOR525','2025-02-13 13:31:58','2025-02-13 13:32:23'),(683,'+23278430417',NULL,0,NULL,1,'$2a$10$dr6srUkMLBybhwJ/9PZbZusttrrmYl18LMHGWX5o0fwfpdgiC.ZIW',NULL,1,'2025-02-13 13:50:18',1,1,0,NULL,NULL,'KC-DAUKAM729','2025-02-13 13:49:15','2025-02-13 13:50:17'),(684,'+23288385611',NULL,0,NULL,1,'$2a$10$YoilJ89mu2M8fe9J80bZKu4n0f1WYuaWldFPrbv6ZzejhS1AHd/Xe',NULL,1,'2025-02-13 18:08:43',1,1,0,NULL,NULL,'KC-MARKAL971','2025-02-13 18:07:57','2025-02-13 18:08:43'),(685,'+23280761545',NULL,0,NULL,1,'$2a$10$BXitewQhWyz.BnoYOzDgV./xZRhHJ5aUkUnZ7mAGOpOYMqkQSVxRe',NULL,1,'2025-02-13 18:41:54',1,1,0,NULL,NULL,'KC-MARKAL971','2025-02-13 18:41:34','2025-02-13 18:41:53'),(686,'+23278299053',NULL,0,NULL,1,'$2a$10$WQpBcR/zQvIELZCWjmVUueeSSMKMFW6aFrM0A7GUNrWdenAmInqQe','657866',0,NULL,1,0,0,NULL,NULL,NULL,'2025-02-13 18:50:55','2025-02-13 18:50:55'),(687,'+23280501905',NULL,0,NULL,1,'$2a$10$6l00Lhby.Tq5ppldbVep8ORMrmEmd0j4kxqeH7uPHptG.8PSsl9O6',NULL,1,'2025-02-13 19:03:11',1,1,0,NULL,NULL,'KC-MARKAL971','2025-02-13 19:02:37','2025-02-13 19:03:10'),(688,'+23280481180',NULL,0,NULL,1,'$2a$10$yb1alKYdoqjATc9xJb2L2uebSucs8we1lfLRggPHeIdYoVAJvenVC','484209',0,NULL,1,0,0,NULL,NULL,'KC-ISAKOR525','2025-02-13 19:12:09','2025-02-13 19:12:09'),(689,'+23274797791',NULL,0,NULL,1,'$2a$10$HPKuIn2pLiVtGKt8d29eXefBbNCjvu7w/Zxk6fsMC1yBjNZWhi/Kq',NULL,1,'2025-02-13 19:22:49',1,1,0,NULL,NULL,'KC-ISAKOR525','2025-02-13 19:22:12','2025-02-13 19:22:48'),(690,'+23290491973',NULL,0,NULL,1,'$2a$10$WKIMQSoKVJHe7DZSSMTzruUknZl93nuGoRouHyzEvO4fImJteXTuC',NULL,1,'2025-02-13 21:04:56',1,1,0,NULL,NULL,'KC-ISAKOR525','2025-02-13 21:04:23','2025-02-13 21:04:55'),(691,'+23278466837','sahrlawrencenga@gmail.com',0,NULL,2,'$2a$10$oEDEXsqS0Q80PEl4J3NFY.gh8w/ETCqnVtvTN75hGz.I.3TWDxtmu',NULL,1,'2025-02-14 22:02:30',1,1,0,NULL,NULL,'KC-DAUKAM729','2025-02-14 22:00:47','2025-02-14 22:02:29'),(692,'+23273838483',NULL,0,NULL,1,'$2a$10$vroVfXHogyCF8N6af.LsA..stAwy7pOopSXXoBKfLvXA9Aoaivqu2',NULL,1,'2025-02-15 11:14:39',1,1,0,NULL,NULL,'KC-CLEKAM426','2025-02-15 11:13:52','2025-02-15 11:14:39'),(693,'+23279774020',NULL,0,NULL,1,'$2a$10$pPwjbHogp1qxKOzo0.SHyuM8T1QsVy3BXwl5IWBR7VO4ZI8SMhqtO',NULL,1,'2025-02-15 11:31:18',1,1,0,NULL,NULL,'KC-CLEKAM426','2025-02-15 11:30:47','2025-02-15 11:31:17'),(694,'+23272057751',NULL,0,NULL,1,'$2a$10$9WxVtldIHMc1Y0BnVL7iFege3068vUyUxvNlZJzsC8/WfjKUm1x0S',NULL,1,'2025-02-15 12:53:23',1,1,0,NULL,NULL,'KC-ISAKOR525','2025-02-15 12:52:55','2025-02-15 12:53:23'),(695,'+23230543561',NULL,0,NULL,1,'$2a$10$yR22EFjcyOwlTdEsZ/6JFeRiZr234BD6FHkYIkoxUeZvpy2Wo10WK',NULL,1,'2025-02-15 14:49:01',1,1,0,NULL,NULL,'KC-MARKAL971','2025-02-15 14:48:35','2025-02-15 14:49:00'),(696,'+23288496897',NULL,0,NULL,1,'$2a$10$GugHrP6V3s5pYjWoUUcd/u8fZNAcRN4.l72uXNO8jQM0LMFp3AztK',NULL,1,'2025-02-15 14:57:09',1,1,0,NULL,NULL,'KC-MARKAL971','2025-02-15 14:56:26','2025-02-15 14:57:09'),(697,'+23274454208',NULL,0,NULL,1,'$2a$10$XeA1PZ1vDoAJgUsmcnXaMO.fKYUV8cxwXIRmgeXlfbFCvJMxVQofK',NULL,1,'2025-02-15 15:00:34',1,1,0,NULL,NULL,'KC-ISAKOR525','2025-02-15 14:59:57','2025-02-15 15:00:34'),(698,'+23275557799',NULL,0,NULL,1,'$2a$10$nFsa6rAjBuGSMb5yukG7XewcwoSdmWmfvt1R5WyRGIzuJACRkA.bC',NULL,1,'2025-02-15 15:03:08',1,1,0,NULL,NULL,'KC-MARKAL971','2025-02-15 15:02:39','2025-02-15 15:03:08'),(699,'+23288392676',NULL,0,NULL,1,'$2a$10$euY5KFLAz.3Oy9hHBAIMvO1NqE/GU2KGEhrWTy.XlSmgSksHM7H/6',NULL,1,'2025-02-15 15:09:13',1,1,0,NULL,NULL,'KC-MARKAL971','2025-02-15 15:08:54','2025-02-15 15:09:12'),(700,'+23278996088',NULL,0,NULL,1,'$2a$10$JASQUr0FRSd5hRD5OnpYF.WMRUzqrJRAuqC0qKh/DaKoFomHokfgu','228389',0,NULL,1,0,0,NULL,NULL,'KC-MARKAL971','2025-02-15 15:14:37','2025-02-15 15:14:37'),(701,'+23288647327',NULL,0,NULL,1,'$2a$10$WTiFP4xi5EUmtCCbRDBjley1gjxGbVkkaZzHuymebxdhKiZJj4hEm','620838',0,NULL,1,0,0,NULL,NULL,'KC-MARKAL971','2025-02-15 15:24:51','2025-02-15 15:24:51'),(702,'+23275096146',NULL,0,NULL,1,'$2a$10$TOn3XV/s9DretgHfqNpMFusdKrHQxARam4V.UD9OigNyHGNzBHM8u',NULL,1,'2025-02-15 15:34:00',1,1,0,NULL,NULL,'KC-MARKAL971','2025-02-15 15:32:10','2025-02-15 15:33:59'),(703,'+23288500093',NULL,0,NULL,1,'$2a$10$wBtVIhJTQau1gPRxRKSbSe3EIZZx7eKgGgYNn23t/zVlPOB6FuhKO',NULL,1,'2025-02-15 15:56:08',1,1,0,NULL,NULL,'KC-MARKAL971','2025-02-15 15:55:42','2025-02-15 15:56:08'),(704,'+23231797513',NULL,0,NULL,1,'$2a$10$5KLa.0Q7d1yKI5p//8AXruJ0pBOD6jU2X.wD8nUFHPSxKr0U3547W',NULL,1,'2025-02-15 17:50:55',1,1,0,NULL,NULL,'KC-ISAKOR525','2025-02-15 17:50:19','2025-02-15 17:50:55'),(705,'+23276487731',NULL,0,NULL,1,'$2a$10$6B4vz8642dGa/Kyu/r3l9.xtz.G1S27rJpkoqTaKnxhENnbOIMi7e',NULL,1,'2025-02-15 18:23:30',1,1,0,NULL,NULL,'KC-ISAKOR525','2025-02-15 18:23:04','2025-02-15 18:23:30'),(706,'+23299420443',NULL,0,NULL,1,'$2a$10$hw4OAJa1eimZLF05oGaqrOb0MAEJb0hczh5kZBDyaPZ3/A.g4N.hy',NULL,1,'2025-02-15 18:37:54',1,1,0,NULL,NULL,'KC-ISAKOR525','2025-02-15 18:37:33','2025-02-15 18:37:53'),(707,'+23276623690',NULL,0,NULL,1,'$2a$10$P7bAVZjQMtDIKb3gUaIvE.of6mRXZrkHcbqbE43EGPCYi0evTde6e',NULL,1,'2025-02-15 18:55:43',1,1,0,NULL,NULL,'KC-ISAKOR525','2025-02-15 18:53:45','2025-02-15 18:55:43'),(708,'+23279793602',NULL,0,NULL,1,'$2a$10$b1fcS19t9MOHd5aU2Pw86.YyEnuaMbFmIWx8E3wzHbnjr0eesToY.',NULL,1,'2025-02-15 19:13:16',1,1,0,NULL,NULL,'KC-MARKAL971','2025-02-15 19:12:39','2025-02-15 19:13:15'),(709,'+23277744558',NULL,0,NULL,1,'$2a$10$1YqpQVq81g45VjIqY0Zvwe0GZMWUBM0q3vImN3SOvAnHLxcHRbXqa','941505',0,NULL,1,0,0,NULL,NULL,'KC-CLEKAM426','2025-02-16 17:45:06','2025-02-16 17:45:06'),(710,'+23274942940',NULL,0,NULL,1,'$2a$10$ihWOHlTbsiQprUdVftsFburUTNDF0FLV9c.JYel0qmMedIUW3N5GS',NULL,1,'2025-02-16 17:51:42',1,1,0,NULL,NULL,'KC-CLEKAM426','2025-02-16 17:50:53','2025-02-16 17:51:42'),(711,'+23279421559',NULL,0,NULL,1,'$2a$10$Zft.aOBRRvGPX3wrItdT6e2483EJwEUFcEeEQ8UIQT8qd005MPOB2',NULL,1,'2025-02-16 17:56:02',1,1,0,NULL,NULL,'KC-CLEKAM426','2025-02-16 17:55:39','2025-02-16 17:56:02'),(712,'+23230544230',NULL,0,NULL,1,'$2a$10$oNa.MPJQ5.33WsD2fiEr0.jbXnSdDPRilOBVwIFqhaUIwU5.ZpTaS','490816',0,NULL,1,0,0,NULL,NULL,'KC-CLEKAM426','2025-02-16 18:03:53','2025-02-16 18:03:53'),(713,'+23231668744',NULL,0,NULL,1,'$2a$10$2kOMLZChV.OuytvONfB9FOKrppD/h2TPkIJlKXjYwxATH454CtR4G',NULL,1,'2025-02-16 18:12:09',1,1,0,NULL,NULL,'KC-CLEKAM426','2025-02-16 18:11:31','2025-02-16 18:12:09'),(714,'+23280952304',NULL,0,NULL,1,'$2a$10$x9YrGjKwtVh1tk8qfYF8fe0trDwe3kRGa3rPWPZDcfoA2XkwacoTS',NULL,1,'2025-02-17 09:35:26',1,1,0,NULL,NULL,'KC-ISAKOR525','2025-02-17 09:34:57','2025-02-17 09:35:26'),(715,'+23276943364','drvictoriae@gmail.com',0,NULL,2,'$2a$10$fc0KclQ0xBpFI1786Wl/Ku56IL2Ckm2G0Tim.WqgUVIBvvigpC6BC',NULL,1,'2025-02-18 11:09:35',1,1,0,NULL,NULL,'KC-DAUKAM729','2025-02-18 11:09:03','2025-02-18 11:09:35'),(716,'+23238001465','solomoncaster523@gmail.com',0,NULL,2,'$2a$10$47yof/N9O8uxClFMdbKn5OQIbx2bQ8CzxmF9XF4nOuFLe4kTSuE7i','317471',0,NULL,1,0,0,NULL,NULL,NULL,'2025-02-18 11:18:49','2025-02-18 11:18:49'),(726,'+23290209286',NULL,0,NULL,1,'$2a$10$V2dNYVTsjUtNI.cXdWdLnuNQMBSS5TklUMHUVePRFYqivfY58PjZ2',NULL,1,'2025-02-18 15:03:43',1,1,0,NULL,NULL,'KC-ISAKOR525','2025-02-18 15:03:19','2025-02-18 15:03:43'),(727,'+23275531922',NULL,0,NULL,1,'$2a$10$Tpo68k/1oDMSi4wpVN.xfu0tJ9iTfdEmoTWn.LB3H.EhkJtBtw1ry',NULL,1,'2025-02-18 16:18:08',1,1,0,NULL,NULL,'KC-DAUKAM729','2025-02-18 16:17:31','2025-02-18 16:18:07'),(728,'+23272275274',NULL,0,NULL,1,'$2a$10$E7sj30KYAqGofItw0ttMXOCZfaLQQWQMHarWXynr6SGyA7CIdbKuW',NULL,1,'2025-02-18 16:35:47',1,1,0,NULL,NULL,'KC-ISAKOR525','2025-02-18 16:35:09','2025-02-18 16:35:46'),(730,'+23230512428',NULL,0,NULL,1,'$2a$10$B2qn7gVmqFBb5oXAGXHtgeMu4l9nyoojyC6Ssk8hpMlZhP0xFWoim',NULL,1,'2025-02-18 17:51:24',1,1,0,NULL,NULL,'KC-ISAKOR525','2025-02-18 17:50:35','2025-02-18 17:51:24'),(731,'+23276203600','rosefornah93@gmail.com',0,NULL,2,'$2a$10$jMdjJN2QeCg/eY.TJzP43e/ZdV2Ev5dbKYUmKJrlwNoRU3f3kwgi6',NULL,1,'2025-02-18 19:34:14',1,1,0,NULL,NULL,'KC-DAUKAM729','2025-02-18 19:33:46','2025-02-18 19:34:13'),(732,'+23277232289',NULL,0,NULL,1,'$2a$10$Nf9bVZ379QgzwXy17Wlj8eW8nLybPz1KJNfgT1rteAkug1MEXAjgm',NULL,1,'2025-02-18 22:02:57',1,1,0,NULL,NULL,'KC-ISAKOR525','2025-02-18 22:02:29','2025-02-18 22:02:56'),(733,'+23288389038',NULL,0,NULL,1,'$2a$10$lYND36jkWaem1ScvipBpv.lV9HqIuTqaKOIfLfugID6fzVAn5/N32',NULL,1,'2025-02-18 22:07:26',1,1,0,NULL,NULL,'KC-ISAKOR525','2025-02-18 22:06:40','2025-02-18 22:07:26'),(734,'+23276470299',NULL,0,NULL,1,'$2a$10$jm2..n1KDifiWGIQjO7OS.9L/77dJrX6/6UyCx0ovNfpzSnvYzaem',NULL,1,'2025-02-18 22:12:09',1,1,0,NULL,NULL,'KC-ISAKOR525','2025-02-18 22:11:43','2025-02-18 22:12:08'),(735,'+23232456535',NULL,0,NULL,1,'$2a$10$JzJ13ISD2VufpWwHQiYwmugmyuMsLR8jJPUzQ9bChFLYFxcDuU0vC',NULL,1,'2025-02-18 22:15:44',1,1,0,NULL,NULL,'KC-ISAKOR525','2025-02-18 22:15:16','2025-02-18 22:15:44'),(737,'+23288425525',NULL,0,NULL,1,'$2a$10$BhGQtrWRSCpH03gctdvla.jc0IsiIYegPuHxGY4QuKhuLfGGLpNuy',NULL,1,'2025-02-20 08:09:09',1,1,0,NULL,NULL,'KC-CLEKAM426','2025-02-20 08:08:44','2025-02-20 08:09:08'),(738,'+23275421280',NULL,0,NULL,1,'$2a$10$XgDVK1WpiuXB3f9sWRidFuNT6GkeUKwgxdh4TdYoKRhuHfS1u2k26',NULL,1,'2025-02-20 08:12:42',1,1,0,NULL,NULL,'KC-CLEKAM426','2025-02-20 08:12:06','2025-02-20 08:12:42'),(739,'+23230136923',NULL,0,NULL,1,'$2a$10$JagPpzZJGnh6QIwOlUBtIulSZilfhJZXbMcmY8ehFfPV482dUkUqG',NULL,1,'2025-02-20 11:51:31',1,1,0,NULL,NULL,'KC-MARKAL971','2025-02-20 11:47:32','2025-02-20 11:51:30'),(744,'+23275299053','solomoncaster523@outlook.com',0,NULL,2,'$2a$10$p4W7EVaNC0ax5LJnNk.lG.qA4/WtQ/ByCrlNx7LH4MQZNsN/muZ8a',NULL,1,'2025-02-20 13:31:00',1,1,0,NULL,NULL,NULL,'2025-02-20 13:30:41','2025-02-20 13:31:00');
/*!40000 ALTER TABLE `users` ENABLE KEYS */;
UNLOCK TABLES;

--
-- Table structure for table `withdrawal_requests`
--

DROP TABLE IF EXISTS `withdrawal_requests`;
/*!40101 SET @saved_cs_client     = @@character_set_client */;
/*!50503 SET character_set_client = utf8mb4 */;
CREATE TABLE `withdrawal_requests` (
  `request_id` int NOT NULL AUTO_INCREMENT,
  `doctor_id` int NOT NULL,
  `requested_amount` decimal(10,2) NOT NULL,
  `payment_method` varchar(50) NOT NULL,
  `mobile_money_number` varchar(30) DEFAULT NULL,
  `bank_name` varchar(150) DEFAULT NULL,
  `bank_account_name` varchar(150) DEFAULT NULL,
  `bank_account_number` varchar(150) DEFAULT NULL,
  `request_status` enum('pending','approved','declined') NOT NULL DEFAULT 'pending',
  `processed_by` int DEFAULT NULL,
  `comments` varchar(1000) DEFAULT NULL,
  `created_at` timestamp NULL DEFAULT CURRENT_TIMESTAMP,
  `updated_at` timestamp NULL DEFAULT CURRENT_TIMESTAMP ON UPDATE CURRENT_TIMESTAMP,
  PRIMARY KEY (`request_id`),
  KEY `fk_request_doctor` (`doctor_id`),
  KEY `fk_request_processor` (`processed_by`),
  CONSTRAINT `fk_request_doctor` FOREIGN KEY (`doctor_id`) REFERENCES `doctors` (`doctor_id`) ON DELETE CASCADE ON UPDATE CASCADE,
  CONSTRAINT `fk_request_processor` FOREIGN KEY (`processed_by`) REFERENCES `admins` (`admin_id`) ON DELETE CASCADE ON UPDATE CASCADE
) ENGINE=InnoDB AUTO_INCREMENT=4 DEFAULT CHARSET=utf8mb4 COLLATE=utf8mb4_0900_ai_ci;
/*!40101 SET character_set_client = @saved_cs_client */;

--
-- Dumping data for table `withdrawal_requests`
--

LOCK TABLES `withdrawal_requests` WRITE;
/*!40000 ALTER TABLE `withdrawal_requests` DISABLE KEYS */;
/*!40000 ALTER TABLE `withdrawal_requests` ENABLE KEYS */;
UNLOCK TABLES;

--
-- Table structure for table `zoom_meetings`
--

DROP TABLE IF EXISTS `zoom_meetings`;
/*!40101 SET @saved_cs_client     = @@character_set_client */;
/*!50503 SET character_set_client = utf8mb4 */;
CREATE TABLE `zoom_meetings` (
  `meeting_id` int NOT NULL AUTO_INCREMENT,
  `zoom_id` varchar(50) DEFAULT NULL,
  `zoom_uuid` varchar(250) DEFAULT NULL,
  `meeting_topic` text,
  `join_url` varchar(250) DEFAULT NULL,
  `start_url` varchar(500) DEFAULT NULL,
  `encrypted_password` varchar(150) DEFAULT NULL,
  `created_at` timestamp NULL DEFAULT CURRENT_TIMESTAMP,
  `updated_at` timestamp NULL DEFAULT CURRENT_TIMESTAMP ON UPDATE CURRENT_TIMESTAMP,
  PRIMARY KEY (`meeting_id`)
) ENGINE=InnoDB AUTO_INCREMENT=41 DEFAULT CHARSET=utf8mb4 COLLATE=utf8mb4_0900_ai_ci;
/*!40101 SET character_set_client = @saved_cs_client */;

--
-- Dumping data for table `zoom_meetings`
--

LOCK TABLES `zoom_meetings` WRITE;
/*!40000 ALTER TABLE `zoom_meetings` DISABLE KEYS */;
INSERT INTO `zoom_meetings` VALUES (1,'78518927238','TW/Ng4dcTe6lpjUTJpnnSw==','chinedum eke Meidical Appointment with Dr. Nyalema Moiwa','https://us04web.zoom.us/j/78518927238?pwd=yB3jX7oamxFg9t0E2uB9XY3zDTIDUM.1','https://us04web.zoom.us/s/78518927238?zak=eyJ0eXAiOiJKV1QiLCJzdiI6IjAwMDAwMSIsInptX3NrbSI6InptX28ybSIsImFsZyI6IkhTMjU2In0.eyJhdWQiOiJjbGllbnRzbSIsInVpZCI6Inl4LVM5U0F3UjBtNGpLZGJ6dGFURGciLCJpc3MiOiJ3ZWIiLCJzayI6IjAiLCJzdHkiOjEwMCwid2NkIjoidXMwNCIsImNsdCI6MCwibW51bSI6Ijc4NTE4OTI3MjM4IiwiZXhwIjoxNzA5MzIxMjk4LCJpYXQiOjE3MDkzMTQwOTgsImFpZCI6Ik5hNFZWc0JpU05XZHUtWlhHNVNya3ciLCJjaWQiOiIifQ.DsaAD3SpXuD1Kt0GtB1yVdjD1GDVwf3QOrlYkH_tB7E','yB3jX7oamxFg9t0E2uB9XY3zDTIDUM.1','2024-03-01 17:28:18','2024-03-01 17:28:18'),(2,'77209650751','uXZO13hVSwqXtd0kedlmAA==','judah Meidical Appointment with Dr. Nyalema Moiwa','https://us04web.zoom.us/j/77209650751?pwd=Ii4EaeeOiJSx7IAN7Tj1xgMDOAbrY3.1','https://us04web.zoom.us/s/77209650751?zak=eyJ0eXAiOiJKV1QiLCJzdiI6IjAwMDAwMSIsInptX3NrbSI6InptX28ybSIsImFsZyI6IkhTMjU2In0.eyJhdWQiOiJjbGllbnRzbSIsInVpZCI6Inl4LVM5U0F3UjBtNGpLZGJ6dGFURGciLCJpc3MiOiJ3ZWIiLCJzayI6IjAiLCJzdHkiOjEwMCwid2NkIjoidXMwNCIsImNsdCI6MCwibW51bSI6Ijc3MjA5NjUwNzUxIiwiZXhwIjoxNzEwNzgxMzMzLCJpYXQiOjE3MTA3NzQxMzMsImFpZCI6Ik5hNFZWc0JpU05XZHUtWlhHNVNya3ciLCJjaWQiOiIifQ.dzGOf63ceSs0WqNKkLg1-x15x_N9eqPT1VIVAILpjPc','Ii4EaeeOiJSx7IAN7Tj1xgMDOAbrY3.1','2024-03-18 15:02:13','2024-03-18 15:02:13'),(3,'79137347614','WrlP2kvaRYq+gQsIT9I4PA==','judah Meidical Appointment with Dr. Nyalema Moiwa','https://us04web.zoom.us/j/79137347614?pwd=pOJtmmGsTaj37ceWb3dtEvIfCVSlIW.1','https://us04web.zoom.us/s/79137347614?zak=eyJ0eXAiOiJKV1QiLCJzdiI6IjAwMDAwMSIsInptX3NrbSI6InptX28ybSIsImFsZyI6IkhTMjU2In0.eyJhdWQiOiJjbGllbnRzbSIsInVpZCI6Inl4LVM5U0F3UjBtNGpLZGJ6dGFURGciLCJpc3MiOiJ3ZWIiLCJzayI6IjAiLCJzdHkiOjEwMCwid2NkIjoidXMwNCIsImNsdCI6MCwibW51bSI6Ijc5MTM3MzQ3NjE0IiwiZXhwIjoxNzEwODc2MzAxLCJpYXQiOjE3MTA4NjkxMDEsImFpZCI6Ik5hNFZWc0JpU05XZHUtWlhHNVNya3ciLCJjaWQiOiIifQ.byN0tuLiJwFQjVjTY9t3PlnK0pR-km88iURVDXdhMbw','pOJtmmGsTaj37ceWb3dtEvIfCVSlIW.1','2024-03-19 17:25:01','2024-03-19 17:25:01'),(4,'72258390639','uwjDqxGkTwaMm6dOhppJtw==','judah Meidical Appointment with Dr. Nyalema Moiwa','https://us04web.zoom.us/j/72258390639?pwd=MiaPk1kbDIWvU2wUDbmcyl8TuS3xyH.1','https://us04web.zoom.us/s/72258390639?zak=eyJ0eXAiOiJKV1QiLCJzdiI6IjAwMDAwMSIsInptX3NrbSI6InptX28ybSIsImFsZyI6IkhTMjU2In0.eyJhdWQiOiJjbGllbnRzbSIsInVpZCI6Inl4LVM5U0F3UjBtNGpLZGJ6dGFURGciLCJpc3MiOiJ3ZWIiLCJzayI6IjAiLCJzdHkiOjEwMCwid2NkIjoidXMwNCIsImNsdCI6MCwibW51bSI6IjcyMjU4MzkwNjM5IiwiZXhwIjoxNzEwODc2MzM3LCJpYXQiOjE3MTA4NjkxMzcsImFpZCI6Ik5hNFZWc0JpU05XZHUtWlhHNVNya3ciLCJjaWQiOiIifQ.FGJVMYfnQ86nOup0B8b1iZW5nNASPMBPm61gMB8emt0','MiaPk1kbDIWvU2wUDbmcyl8TuS3xyH.1','2024-03-19 17:25:37','2024-03-19 17:25:37'),(5,'74831591152','R6Bckk6KRZ+wj0dR53l+oA==','jad Meidical Appointment with Dr. Nyalema Moiwa','https://us04web.zoom.us/j/74831591152?pwd=kY3NxintuMGHkKOL7fb4KbCAIdoSJb.1','https://us04web.zoom.us/s/74831591152?zak=eyJ0eXAiOiJKV1QiLCJzdiI6IjAwMDAwMSIsInptX3NrbSI6InptX28ybSIsImFsZyI6IkhTMjU2In0.eyJhdWQiOiJjbGllbnRzbSIsInVpZCI6Inl4LVM5U0F3UjBtNGpLZGJ6dGFURGciLCJpc3MiOiJ3ZWIiLCJzayI6IjAiLCJzdHkiOjEwMCwid2NkIjoidXMwNCIsImNsdCI6MCwibW51bSI6Ijc0ODMxNTkxMTUyIiwiZXhwIjoxNzEwODc3MDQwLCJpYXQiOjE3MTA4Njk4NDAsImFpZCI6Ik5hNFZWc0JpU05XZHUtWlhHNVNya3ciLCJjaWQiOiIifQ.jzaFisQA9kyugbSO4y73YfLlcerka9Sz9IKuj23yHDI','kY3NxintuMGHkKOL7fb4KbCAIdoSJb.1','2024-03-19 17:37:20','2024-03-19 17:37:20'),(6,'72332833340','aAIipRICRp+Pl3yISu9OOQ==','chinedum eke Meidical Appointment with Dr. Nathaniel Williams','https://us04web.zoom.us/j/72332833340?pwd=V3AQAhuAN60A9lhnTaQIn1bmkadHnR.1','https://us04web.zoom.us/s/72332833340?zak=eyJ0eXAiOiJKV1QiLCJzdiI6IjAwMDAwMSIsInptX3NrbSI6InptX28ybSIsImFsZyI6IkhTMjU2In0.eyJhdWQiOiJjbGllbnRzbSIsInVpZCI6Inl4LVM5U0F3UjBtNGpLZGJ6dGFURGciLCJpc3MiOiJ3ZWIiLCJzayI6IjAiLCJzdHkiOjEwMCwid2NkIjoidXMwNCIsImNsdCI6MCwibW51bSI6IjcyMzMyODMzMzQwIiwiZXhwIjoxNzExNTY1MDg2LCJpYXQiOjE3MTE1NTc4ODYsImFpZCI6Ik5hNFZWc0JpU05XZHUtWlhHNVNya3ciLCJjaWQiOiIifQ.FM5zT_i3TEd-fXxO5_VsNu6BINQmXQUrTUMHH7ZfRT8','V3AQAhuAN60A9lhnTaQIn1bmkadHnR.1','2024-03-27 16:44:46','2024-03-27 16:44:46'),(7,'74056139694','kjOxleCaSMONcfq79TvRGg==','john karbg Meidical Appointment with Dr. Nyalema Moiwa','https://us04web.zoom.us/j/74056139694?pwd=sXPWpi1MOB3XhVNlCk5NIfMES9lT4C.1','https://us04web.zoom.us/s/74056139694?zak=eyJ0eXAiOiJKV1QiLCJzdiI6IjAwMDAwMSIsInptX3NrbSI6InptX28ybSIsImFsZyI6IkhTMjU2In0.eyJhdWQiOiJjbGllbnRzbSIsInVpZCI6Inl4LVM5U0F3UjBtNGpLZGJ6dGFURGciLCJpc3MiOiJ3ZWIiLCJzayI6IjAiLCJzdHkiOjEwMCwid2NkIjoidXMwNCIsImNsdCI6MCwibW51bSI6Ijc0MDU2MTM5Njk0IiwiZXhwIjoxNzExOTg0NjE4LCJpYXQiOjE3MTE5Nzc0MTgsImFpZCI6Ik5hNFZWc0JpU05XZHUtWlhHNVNya3ciLCJjaWQiOiIifQ.WgcWvRpHU_mY73nbXNMr4Ep4nUMz-Ty4-9P73R6KdVw','sXPWpi1MOB3XhVNlCk5NIfMES9lT4C.1','2024-04-01 13:16:58','2024-04-01 13:16:58'),(8,'79431789833','SRcsdDx6RHKG4vpPeUtyZA==','john karbg Meidical Appointment with Dr. Nyalema Moiwa','https://us04web.zoom.us/j/79431789833?pwd=5flGqTiLpzDMUK5qvc7TsJkUnw4oWz.1','https://us04web.zoom.us/s/79431789833?zak=eyJ0eXAiOiJKV1QiLCJzdiI6IjAwMDAwMSIsInptX3NrbSI6InptX28ybSIsImFsZyI6IkhTMjU2In0.eyJhdWQiOiJjbGllbnRzbSIsInVpZCI6Inl4LVM5U0F3UjBtNGpLZGJ6dGFURGciLCJpc3MiOiJ3ZWIiLCJzayI6IjAiLCJzdHkiOjEwMCwid2NkIjoidXMwNCIsImNsdCI6MCwibW51bSI6Ijc5NDMxNzg5ODMzIiwiZXhwIjoxNzExOTg0NjE4LCJpYXQiOjE3MTE5Nzc0MTgsImFpZCI6Ik5hNFZWc0JpU05XZHUtWlhHNVNya3ciLCJjaWQiOiIifQ.sotsk9vdTun10TROYnjthJ-6QS1wL1_t0G34yg8xbnA','5flGqTiLpzDMUK5qvc7TsJkUnw4oWz.1','2024-04-01 13:16:58','2024-04-01 13:16:58'),(9,'74728643885','j7RUORfTQoGRcLvl3gOvUg==','john karbg Meidical Appointment with Dr. Nyalema Moiwa','https://us04web.zoom.us/j/74728643885?pwd=vXUKYuwaCnOnYEQAU2YeQWVR9yKhu5.1','https://us04web.zoom.us/s/74728643885?zak=eyJ0eXAiOiJKV1QiLCJzdiI6IjAwMDAwMSIsInptX3NrbSI6InptX28ybSIsImFsZyI6IkhTMjU2In0.eyJhdWQiOiJjbGllbnRzbSIsInVpZCI6Inl4LVM5U0F3UjBtNGpLZGJ6dGFURGciLCJpc3MiOiJ3ZWIiLCJzayI6IjAiLCJzdHkiOjEwMCwid2NkIjoidXMwNCIsImNsdCI6MCwibW51bSI6Ijc0NzI4NjQzODg1IiwiZXhwIjoxNzExOTg0NjE4LCJpYXQiOjE3MTE5Nzc0MTgsImFpZCI6Ik5hNFZWc0JpU05XZHUtWlhHNVNya3ciLCJjaWQiOiIifQ.3zXqD-6h67xj8CjzX_Qx19b5tV4-kPMrlYz5BsD4OPs','vXUKYuwaCnOnYEQAU2YeQWVR9yKhu5.1','2024-04-01 13:16:58','2024-04-01 13:16:58'),(10,'71854650304','ZQU/q+2iRvKCjula9r2b4g==','john karbg Meidical Appointment with Dr. Nyalema Moiwa','https://us04web.zoom.us/j/71854650304?pwd=es2bRkRw49tFR5FVKX4nTbSiZJ4VsE.1','https://us04web.zoom.us/s/71854650304?zak=eyJ0eXAiOiJKV1QiLCJzdiI6IjAwMDAwMSIsInptX3NrbSI6InptX28ybSIsImFsZyI6IkhTMjU2In0.eyJhdWQiOiJjbGllbnRzbSIsInVpZCI6Inl4LVM5U0F3UjBtNGpLZGJ6dGFURGciLCJpc3MiOiJ3ZWIiLCJzayI6IjAiLCJzdHkiOjEwMCwid2NkIjoidXMwNCIsImNsdCI6MCwibW51bSI6IjcxODU0NjUwMzA0IiwiZXhwIjoxNzExOTg0NjE4LCJpYXQiOjE3MTE5Nzc0MTgsImFpZCI6Ik5hNFZWc0JpU05XZHUtWlhHNVNya3ciLCJjaWQiOiIifQ.IOeUaMMfkjKjCXY_Ee3NwLwWZNGTOH_4zvYfoGkmg8E','es2bRkRw49tFR5FVKX4nTbSiZJ4VsE.1','2024-04-01 13:16:58','2024-04-01 13:16:58'),(11,'72361398359','S7Fw2dSsTqOhlOjYx7w9aw==','john karbg Meidical Appointment with Dr. Nyalema Moiwa','https://us04web.zoom.us/j/72361398359?pwd=D9xYL2kwoUlU39HcGWzbl1zH9PvbZr.1','https://us04web.zoom.us/s/72361398359?zak=eyJ0eXAiOiJKV1QiLCJzdiI6IjAwMDAwMSIsInptX3NrbSI6InptX28ybSIsImFsZyI6IkhTMjU2In0.eyJhdWQiOiJjbGllbnRzbSIsInVpZCI6Inl4LVM5U0F3UjBtNGpLZGJ6dGFURGciLCJpc3MiOiJ3ZWIiLCJzayI6IjAiLCJzdHkiOjEwMCwid2NkIjoidXMwNCIsImNsdCI6MCwibW51bSI6IjcyMzYxMzk4MzU5IiwiZXhwIjoxNzExOTg0NjE4LCJpYXQiOjE3MTE5Nzc0MTgsImFpZCI6Ik5hNFZWc0JpU05XZHUtWlhHNVNya3ciLCJjaWQiOiIifQ.1fT6nQi604NiIbr50X1XZb7t1HhALFBjUdeTulX-HlQ','D9xYL2kwoUlU39HcGWzbl1zH9PvbZr.1','2024-04-01 13:16:58','2024-04-01 13:16:58'),(12,'76092129972','1eMbo0VeQRuP2tTE/oA4ow==','john karbg Meidical Appointment with Dr. Nyalema Moiwa','https://us04web.zoom.us/j/76092129972?pwd=Aee2g9hTWHzoXaPUmW1lyYkuF1d2cG.1','https://us04web.zoom.us/s/76092129972?zak=eyJ0eXAiOiJKV1QiLCJzdiI6IjAwMDAwMSIsInptX3NrbSI6InptX28ybSIsImFsZyI6IkhTMjU2In0.eyJhdWQiOiJjbGllbnRzbSIsInVpZCI6Inl4LVM5U0F3UjBtNGpLZGJ6dGFURGciLCJpc3MiOiJ3ZWIiLCJzayI6IjAiLCJzdHkiOjEwMCwid2NkIjoidXMwNCIsImNsdCI6MCwibW51bSI6Ijc2MDkyMTI5OTcyIiwiZXhwIjoxNzExOTg0NjE4LCJpYXQiOjE3MTE5Nzc0MTgsImFpZCI6Ik5hNFZWc0JpU05XZHUtWlhHNVNya3ciLCJjaWQiOiIifQ.WLn3v_gLYdqzIO45hR-fI_ZtdyuQKCkOZCxJUWVlieo','Aee2g9hTWHzoXaPUmW1lyYkuF1d2cG.1','2024-04-01 13:16:58','2024-04-01 13:16:58'),(13,'79940890960','fvRDYyuWSBKVMcCibyRtXw==','manso sesay Meidical Appointment with Dr. Nyalema Moiwa','https://us04web.zoom.us/j/79940890960?pwd=ltSXzj4TKquyJJGbwiQYBapjO5R6VZ.1','https://us04web.zoom.us/s/79940890960?zak=eyJ0eXAiOiJKV1QiLCJzdiI6IjAwMDAwMSIsInptX3NrbSI6InptX28ybSIsImFsZyI6IkhTMjU2In0.eyJhdWQiOiJjbGllbnRzbSIsInVpZCI6Inl4LVM5U0F3UjBtNGpLZGJ6dGFURGciLCJpc3MiOiJ3ZWIiLCJzayI6IjAiLCJzdHkiOjEwMCwid2NkIjoidXMwNCIsImNsdCI6MCwibW51bSI6Ijc5OTQwODkwOTYwIiwiZXhwIjoxNzExOTg4ODUzLCJpYXQiOjE3MTE5ODE2NTMsImFpZCI6Ik5hNFZWc0JpU05XZHUtWlhHNVNya3ciLCJjaWQiOiIifQ.rEj3tbsYdEAC3GM-iS5RLQGNe5nOjVk1gAVxdafuZnE','ltSXzj4TKquyJJGbwiQYBapjO5R6VZ.1','2024-04-01 14:27:33','2024-04-01 14:27:33'),(14,'73624633705','QMPNiKH5QG+ZzkfYLbuWwA==','manso sesay Meidical Appointment with Dr. Nyalema Moiwa','https://us04web.zoom.us/j/73624633705?pwd=rwavBYJgO8dIyFlDHGLdzZx9a4Sa2M.1','https://us04web.zoom.us/s/73624633705?zak=eyJ0eXAiOiJKV1QiLCJzdiI6IjAwMDAwMSIsInptX3NrbSI6InptX28ybSIsImFsZyI6IkhTMjU2In0.eyJhdWQiOiJjbGllbnRzbSIsInVpZCI6Inl4LVM5U0F3UjBtNGpLZGJ6dGFURGciLCJpc3MiOiJ3ZWIiLCJzayI6IjAiLCJzdHkiOjEwMCwid2NkIjoidXMwNCIsImNsdCI6MCwibW51bSI6IjczNjI0NjMzNzA1IiwiZXhwIjoxNzExOTg4ODUzLCJpYXQiOjE3MTE5ODE2NTMsImFpZCI6Ik5hNFZWc0JpU05XZHUtWlhHNVNya3ciLCJjaWQiOiIifQ.94Q8PT5_AZFUkb8-aUBEw8YrOMDXJfm9PREDmsj1CnM','rwavBYJgO8dIyFlDHGLdzZx9a4Sa2M.1','2024-04-01 14:27:33','2024-04-01 14:27:33'),(15,'78395368733','hr2ySZ3lQymJymZOg/b6Hg==','manso sesay Meidical Appointment with Dr. Nyalema Moiwa','https://us04web.zoom.us/j/78395368733?pwd=2YZuJLCQSXw5yRk2sSlLKYL5pFrqEI.1','https://us04web.zoom.us/s/78395368733?zak=eyJ0eXAiOiJKV1QiLCJzdiI6IjAwMDAwMSIsInptX3NrbSI6InptX28ybSIsImFsZyI6IkhTMjU2In0.eyJhdWQiOiJjbGllbnRzbSIsInVpZCI6Inl4LVM5U0F3UjBtNGpLZGJ6dGFURGciLCJpc3MiOiJ3ZWIiLCJzayI6IjAiLCJzdHkiOjEwMCwid2NkIjoidXMwNCIsImNsdCI6MCwibW51bSI6Ijc4Mzk1MzY4NzMzIiwiZXhwIjoxNzExOTg4ODUzLCJpYXQiOjE3MTE5ODE2NTMsImFpZCI6Ik5hNFZWc0JpU05XZHUtWlhHNVNya3ciLCJjaWQiOiIifQ.jiGUaX6yV3PEsYS0v7cYn8DQ3tZJy0hllRYXB1D9szk','2YZuJLCQSXw5yRk2sSlLKYL5pFrqEI.1','2024-04-01 14:27:33','2024-04-01 14:27:33'),(16,'73230917636','0hbMPl4mRfy1VE8cavlV/A==','manso sesay Meidical Appointment with Dr. Nyalema Moiwa','https://us04web.zoom.us/j/73230917636?pwd=bQCTp1aLZKFxCZmaJqtsDDBJgbEV6Y.1','https://us04web.zoom.us/s/73230917636?zak=eyJ0eXAiOiJKV1QiLCJzdiI6IjAwMDAwMSIsInptX3NrbSI6InptX28ybSIsImFsZyI6IkhTMjU2In0.eyJhdWQiOiJjbGllbnRzbSIsInVpZCI6Inl4LVM5U0F3UjBtNGpLZGJ6dGFURGciLCJpc3MiOiJ3ZWIiLCJzayI6IjAiLCJzdHkiOjEwMCwid2NkIjoidXMwNCIsImNsdCI6MCwibW51bSI6IjczMjMwOTE3NjM2IiwiZXhwIjoxNzExOTg4ODUzLCJpYXQiOjE3MTE5ODE2NTMsImFpZCI6Ik5hNFZWc0JpU05XZHUtWlhHNVNya3ciLCJjaWQiOiIifQ.FDJVfmVyLgukDDfB4GQNIXnIB3mV79XI5PF-0_Y30Wk','bQCTp1aLZKFxCZmaJqtsDDBJgbEV6Y.1','2024-04-01 14:27:33','2024-04-01 14:27:33'),(17,'71791202581','MIV8q/BeTK+P9vlTCFrsZw==','manso sesay Meidical Appointment with Dr. Nyalema Moiwa','https://us04web.zoom.us/j/71791202581?pwd=8QmQvEb2B5SKsapbqCgQOqBUUOxGYQ.1','https://us04web.zoom.us/s/71791202581?zak=eyJ0eXAiOiJKV1QiLCJzdiI6IjAwMDAwMSIsInptX3NrbSI6InptX28ybSIsImFsZyI6IkhTMjU2In0.eyJhdWQiOiJjbGllbnRzbSIsInVpZCI6Inl4LVM5U0F3UjBtNGpLZGJ6dGFURGciLCJpc3MiOiJ3ZWIiLCJzayI6IjAiLCJzdHkiOjEwMCwid2NkIjoidXMwNCIsImNsdCI6MCwibW51bSI6IjcxNzkxMjAyNTgxIiwiZXhwIjoxNzExOTg4ODUzLCJpYXQiOjE3MTE5ODE2NTMsImFpZCI6Ik5hNFZWc0JpU05XZHUtWlhHNVNya3ciLCJjaWQiOiIifQ.QPQ4QLBSAnp_-trVRNxd48Pq1RdWfAGnAbHBQNd-jCo','8QmQvEb2B5SKsapbqCgQOqBUUOxGYQ.1','2024-04-01 14:27:33','2024-04-01 14:27:33'),(18,'74762895669','U0uG4CEhSvGMGmosE9DLYQ==','manso sesay Meidical Appointment with Dr. Nyalema Moiwa','https://us04web.zoom.us/j/74762895669?pwd=esLjirgHk6Fljz9K1KvMC3BPEAOTTs.1','https://us04web.zoom.us/s/74762895669?zak=eyJ0eXAiOiJKV1QiLCJzdiI6IjAwMDAwMSIsInptX3NrbSI6InptX28ybSIsImFsZyI6IkhTMjU2In0.eyJhdWQiOiJjbGllbnRzbSIsInVpZCI6Inl4LVM5U0F3UjBtNGpLZGJ6dGFURGciLCJpc3MiOiJ3ZWIiLCJzayI6IjAiLCJzdHkiOjEwMCwid2NkIjoidXMwNCIsImNsdCI6MCwibW51bSI6Ijc0NzYyODk1NjY5IiwiZXhwIjoxNzExOTg4ODUzLCJpYXQiOjE3MTE5ODE2NTMsImFpZCI6Ik5hNFZWc0JpU05XZHUtWlhHNVNya3ciLCJjaWQiOiIifQ.mn1Ahqmr-c6E6VnBdhe_FgaZ0D62aitPVanl4mDPueA','esLjirgHk6Fljz9K1KvMC3BPEAOTTs.1','2024-04-01 14:27:33','2024-04-01 14:27:33'),(19,'71894893764','xRRJEKyrQuWUNavjTyoEzg==','manso sesay Meidical Appointment with Dr. Nyalema Moiwa','https://us04web.zoom.us/j/71894893764?pwd=Ml6yfyxTkxccRE9JqXRxzqNceVGab4.1','https://us04web.zoom.us/s/71894893764?zak=eyJ0eXAiOiJKV1QiLCJzdiI6IjAwMDAwMSIsInptX3NrbSI6InptX28ybSIsImFsZyI6IkhTMjU2In0.eyJhdWQiOiJjbGllbnRzbSIsInVpZCI6Inl4LVM5U0F3UjBtNGpLZGJ6dGFURGciLCJpc3MiOiJ3ZWIiLCJzayI6IjAiLCJzdHkiOjEwMCwid2NkIjoidXMwNCIsImNsdCI6MCwibW51bSI6IjcxODk0ODkzNzY0IiwiZXhwIjoxNzExOTg4ODc5LCJpYXQiOjE3MTE5ODE2NzksImFpZCI6Ik5hNFZWc0JpU05XZHUtWlhHNVNya3ciLCJjaWQiOiIifQ.noD8YHPl03qHcKtMAAbfvfhKmjZCHXbLejQwFdixmq0','Ml6yfyxTkxccRE9JqXRxzqNceVGab4.1','2024-04-01 14:27:59','2024-04-01 14:27:59'),(20,'76204551793','guLskduPTJelRIULvM/VeA==','manso sesay Meidical Appointment with Dr. Nyalema Moiwa','https://us04web.zoom.us/j/76204551793?pwd=OeQ3hqJMnIrEDWgW38agqacsqPgGdM.1','https://us04web.zoom.us/s/76204551793?zak=eyJ0eXAiOiJKV1QiLCJzdiI6IjAwMDAwMSIsInptX3NrbSI6InptX28ybSIsImFsZyI6IkhTMjU2In0.eyJhdWQiOiJjbGllbnRzbSIsInVpZCI6Inl4LVM5U0F3UjBtNGpLZGJ6dGFURGciLCJpc3MiOiJ3ZWIiLCJzayI6IjAiLCJzdHkiOjEwMCwid2NkIjoidXMwNCIsImNsdCI6MCwibW51bSI6Ijc2MjA0NTUxNzkzIiwiZXhwIjoxNzExOTg4ODc5LCJpYXQiOjE3MTE5ODE2NzksImFpZCI6Ik5hNFZWc0JpU05XZHUtWlhHNVNya3ciLCJjaWQiOiIifQ.Aie-kWJa1EMF5aQwQW57NkvZm48MNGaYj3n5zQPk1IE','OeQ3hqJMnIrEDWgW38agqacsqPgGdM.1','2024-04-01 14:27:59','2024-04-01 14:27:59'),(21,'74566290899','7g4osNMgRRyeeR/Ilki3sA==','manso sesay Meidical Appointment with Dr. Nyalema Moiwa','https://us04web.zoom.us/j/74566290899?pwd=44s7jM0ocwBSWoEtrI8zrbQJl2aadh.1','https://us04web.zoom.us/s/74566290899?zak=eyJ0eXAiOiJKV1QiLCJzdiI6IjAwMDAwMSIsInptX3NrbSI6InptX28ybSIsImFsZyI6IkhTMjU2In0.eyJhdWQiOiJjbGllbnRzbSIsInVpZCI6Inl4LVM5U0F3UjBtNGpLZGJ6dGFURGciLCJpc3MiOiJ3ZWIiLCJzayI6IjAiLCJzdHkiOjEwMCwid2NkIjoidXMwNCIsImNsdCI6MCwibW51bSI6Ijc0NTY2MjkwODk5IiwiZXhwIjoxNzExOTg4ODc5LCJpYXQiOjE3MTE5ODE2NzksImFpZCI6Ik5hNFZWc0JpU05XZHUtWlhHNVNya3ciLCJjaWQiOiIifQ.GsOwkbxaxQdY1VmsicJHXyM_Om5Ae17Yby-rSCF6KR0','44s7jM0ocwBSWoEtrI8zrbQJl2aadh.1','2024-04-01 14:27:59','2024-04-01 14:27:59'),(22,'74649860421','fplJ/GkMRMSuarkF80DRjA==','manso sesay Meidical Appointment with Dr. Nyalema Moiwa','https://us04web.zoom.us/j/74649860421?pwd=Mo0cfuwAWKFlXZLUwfgTAEpCuY7zQr.1','https://us04web.zoom.us/s/74649860421?zak=eyJ0eXAiOiJKV1QiLCJzdiI6IjAwMDAwMSIsInptX3NrbSI6InptX28ybSIsImFsZyI6IkhTMjU2In0.eyJhdWQiOiJjbGllbnRzbSIsInVpZCI6Inl4LVM5U0F3UjBtNGpLZGJ6dGFURGciLCJpc3MiOiJ3ZWIiLCJzayI6IjAiLCJzdHkiOjEwMCwid2NkIjoidXMwNCIsImNsdCI6MCwibW51bSI6Ijc0NjQ5ODYwNDIxIiwiZXhwIjoxNzExOTg4ODc5LCJpYXQiOjE3MTE5ODE2NzksImFpZCI6Ik5hNFZWc0JpU05XZHUtWlhHNVNya3ciLCJjaWQiOiIifQ.RLvxmpR94CQJxJfXvNw3gn4_zxXdM9PVD6Z8_Gatju0','Mo0cfuwAWKFlXZLUwfgTAEpCuY7zQr.1','2024-04-01 14:27:59','2024-04-01 14:27:59'),(23,'71345462129','7vYeBhbqR+qIgBmjV3Pd/g==','manso moiwa Meidical Appointment with Dr. Nyalema Moiwa','https://us04web.zoom.us/j/71345462129?pwd=wcVmnVW5rWNP1vJ26NkbGEgwz5X2A8.1','https://us04web.zoom.us/s/71345462129?zak=eyJ0eXAiOiJKV1QiLCJzdiI6IjAwMDAwMSIsInptX3NrbSI6InptX28ybSIsImFsZyI6IkhTMjU2In0.eyJhdWQiOiJjbGllbnRzbSIsInVpZCI6Inl4LVM5U0F3UjBtNGpLZGJ6dGFURGciLCJpc3MiOiJ3ZWIiLCJzayI6IjAiLCJzdHkiOjEwMCwid2NkIjoidXMwNCIsImNsdCI6MCwibW51bSI6IjcxMzQ1NDYyMTI5IiwiZXhwIjoxNzExOTkwOTQ5LCJpYXQiOjE3MTE5ODM3NDksImFpZCI6Ik5hNFZWc0JpU05XZHUtWlhHNVNya3ciLCJjaWQiOiIifQ.M1Bf9xmvnqaqhdnWOJN6FFMoqo9vnqcCDlfleOZfN4E','wcVmnVW5rWNP1vJ26NkbGEgwz5X2A8.1','2024-04-01 15:02:29','2024-04-01 15:02:29'),(24,'73650637812','zEfG2U7aTSWPUaCuM0TXKg==','hassan moiwa Meidical Appointment with Dr. Nyalema Moiwa','https://us04web.zoom.us/j/73650637812?pwd=rBbaTKbKX1S95AHzNQ9NNhYhseSGWC.1','https://us04web.zoom.us/s/73650637812?zak=eyJ0eXAiOiJKV1QiLCJzdiI6IjAwMDAwMSIsInptX3NrbSI6InptX28ybSIsImFsZyI6IkhTMjU2In0.eyJhdWQiOiJjbGllbnRzbSIsInVpZCI6Inl4LVM5U0F3UjBtNGpLZGJ6dGFURGciLCJpc3MiOiJ3ZWIiLCJzayI6IjAiLCJzdHkiOjEwMCwid2NkIjoidXMwNCIsImNsdCI6MCwibW51bSI6IjczNjUwNjM3ODEyIiwiZXhwIjoxNzEyMTU4OTQyLCJpYXQiOjE3MTIxNTE3NDIsImFpZCI6Ik5hNFZWc0JpU05XZHUtWlhHNVNya3ciLCJjaWQiOiIifQ.Xge-D09RGGa9oxr8izniPnrLeLROZm9AHbrbK6t38B0','rBbaTKbKX1S95AHzNQ9NNhYhseSGWC.1','2024-04-03 13:42:22','2024-04-03 13:42:22'),(25,'74033865859','mjdEBykXQvegeaABTH/viA==','alfred kamara Meidical Appointment with Dr. Nyalema Moiwa','https://us04web.zoom.us/j/74033865859?pwd=nKoo8apKiydfPwQ952Q6iZG5LAHalh.1','https://us04web.zoom.us/s/74033865859?zak=eyJ0eXAiOiJKV1QiLCJzdiI6IjAwMDAwMSIsInptX3NrbSI6InptX28ybSIsImFsZyI6IkhTMjU2In0.eyJhdWQiOiJjbGllbnRzbSIsInVpZCI6Inl4LVM5U0F3UjBtNGpLZGJ6dGFURGciLCJpc3MiOiJ3ZWIiLCJzayI6IjAiLCJzdHkiOjEwMCwid2NkIjoidXMwNCIsImNsdCI6MCwibW51bSI6Ijc0MDMzODY1ODU5IiwiZXhwIjoxNzEyOTMzNjIyLCJpYXQiOjE3MTI5MjY0MjIsImFpZCI6Ik5hNFZWc0JpU05XZHUtWlhHNVNya3ciLCJjaWQiOiIifQ.1916vvcCNvv9j8zuA6KuTlHDY0T9Ybbi0izo1IrjQ-8','nKoo8apKiydfPwQ952Q6iZG5LAHalh.1','2024-04-12 12:53:42','2024-04-12 12:53:42'),(26,'79744984245','3my9Ib44QTqHworz5ygQCg==','gf Meidical Appointment with Dr. Nyalema Moiwa','https://us04web.zoom.us/j/79744984245?pwd=fiSAp4a4alMmx1BetVLBMWqCOojgQo.1','https://us04web.zoom.us/s/79744984245?zak=eyJ0eXAiOiJKV1QiLCJzdiI6IjAwMDAwMSIsInptX3NrbSI6InptX28ybSIsImFsZyI6IkhTMjU2In0.eyJhdWQiOiJjbGllbnRzbSIsInVpZCI6Inl4LVM5U0F3UjBtNGpLZGJ6dGFURGciLCJpc3MiOiJ3ZWIiLCJzayI6IjAiLCJzdHkiOjEwMCwid2NkIjoidXMwNCIsImNsdCI6MCwibW51bSI6Ijc5NzQ0OTg0MjQ1IiwiZXhwIjoxNzE1NjA2NzA4LCJpYXQiOjE3MTU1OTk1MDgsImFpZCI6Ik5hNFZWc0JpU05XZHUtWlhHNVNya3ciLCJjaWQiOiIifQ._j2LN6LPS4piTXoBmM9A0TxIeLNKWtK4554AwDUO6jM','fiSAp4a4alMmx1BetVLBMWqCOojgQo.1','2024-05-13 11:25:08','2024-05-13 11:25:08'),(27,'72642953450','4U431ka9RiaN3hEOvyTkRw==','manso sesay Meidical Appointment with Dr. Nyalema Moiwa','https://us04web.zoom.us/j/72642953450?pwd=aDqC5q6zSalr36GcS8iVJZMawqg8On.1','https://us04web.zoom.us/s/72642953450?zak=eyJ0eXAiOiJKV1QiLCJzdiI6IjAwMDAwMSIsInptX3NrbSI6InptX28ybSIsImFsZyI6IkhTMjU2In0.eyJhdWQiOiJjbGllbnRzbSIsInVpZCI6Inl4LVM5U0F3UjBtNGpLZGJ6dGFURGciLCJpc3MiOiJ3ZWIiLCJzayI6IjAiLCJzdHkiOjEwMCwid2NkIjoidXMwNCIsImNsdCI6MCwibW51bSI6IjcyNjQyOTUzNDUwIiwiZXhwIjoxNzE1NzA4MDQ0LCJpYXQiOjE3MTU3MDA4NDQsImFpZCI6Ik5hNFZWc0JpU05XZHUtWlhHNVNya3ciLCJjaWQiOiIifQ.jLVv87NDuOi7oKF0e0Z6loy9UssTLk9GsMQtvhs3cd4','aDqC5q6zSalr36GcS8iVJZMawqg8On.1','2024-05-14 15:34:04','2024-05-14 15:34:04'),(28,'78551150888','4RtdAdsTRT6nyZuNzubiEw==','alex kamara Meidical Appointment with Dr. Amarachi Eke','https://us04web.zoom.us/j/78551150888?pwd=mzCfwf7U0yJAAYTIgCvYfMPoEeWA39.1','https://us04web.zoom.us/s/78551150888?zak=eyJ0eXAiOiJKV1QiLCJzdiI6IjAwMDAwMSIsInptX3NrbSI6InptX28ybSIsImFsZyI6IkhTMjU2In0.eyJpc3MiOiJ3ZWIiLCJjbHQiOjAsIm1udW0iOiI3ODU1MTE1MDg4OCIsImF1ZCI6ImNsaWVudHNtIiwidWlkIjoieXgtUzlTQXdSMG00aktkYnp0YVREZyIsInppZCI6ImQzMjkxNmVhMWYzNTRlMGQ4NzQzMmVjNDJmZDk3YmVlIiwic2siOiIwIiwic3R5IjoxMDAsIndjZCI6InVzMDQiLCJleHAiOjE3MTk1MTMyODcsImlhdCI6MTcxOTUwNjA4NywiYWlkIjoiTmE0VlZzQmlTTldkdS1aWEc1U3JrdyIsImNpZCI6IiJ9.LtyitI0Jw3gCHFGoaJUaQig4v8wHjdtbKMsxztVOo4w','mzCfwf7U0yJAAYTIgCvYfMPoEeWA39.1','2024-06-27 16:34:47','2024-06-27 16:34:47'),(29,'71784458155','2MsOjZ1gSyuckKeT06Ds+Q==','zainab eke Meidical Appointment with Dr. Amarachi Eke','https://us04web.zoom.us/j/71784458155?pwd=DBvRB5VCtu5a5IGasYGVuipSbXIXlY.1','https://us04web.zoom.us/s/71784458155?zak=eyJ0eXAiOiJKV1QiLCJzdiI6IjAwMDAwMSIsInptX3NrbSI6InptX28ybSIsImFsZyI6IkhTMjU2In0.eyJpc3MiOiJ3ZWIiLCJjbHQiOjAsIm1udW0iOiI3MTc4NDQ1ODE1NSIsImF1ZCI6ImNsaWVudHNtIiwidWlkIjoieXgtUzlTQXdSMG00aktkYnp0YVREZyIsInppZCI6IjZkYWY5YTRmZDIzMDQxNDM5Yzc4MWZmOGQxY2RiNGZhIiwic2siOiIwIiwic3R5IjoxMDAsIndjZCI6InVzMDQiLCJleHAiOjE3MjEyNDE1ODYsImlhdCI6MTcyMTIzNDM4NiwiYWlkIjoiTmE0VlZzQmlTTldkdS1aWEc1U3JrdyIsImNpZCI6IiJ9.b8aZnmWYvobkH6OyRchA6MXJRKqmawV0y-ZZwssRUJw','DBvRB5VCtu5a5IGasYGVuipSbXIXlY.1','2024-07-17 16:39:46','2024-07-17 16:39:46'),(30,'75360545116','g57GRizJRpiYYjZZvzIB7Q==','mo forana Meidical Appointment with Dr. Nyalema Moiwa','https://us04web.zoom.us/j/75360545116?pwd=7r4eusfgO0zpipgNdUrLDeNYZSZ6Gb.1','https://us04web.zoom.us/s/75360545116?zak=eyJ0eXAiOiJKV1QiLCJzdiI6IjAwMDAwMSIsInptX3NrbSI6InptX28ybSIsImFsZyI6IkhTMjU2In0.eyJpc3MiOiJ3ZWIiLCJjbHQiOjAsIm1udW0iOiI3NTM2MDU0NTExNiIsImF1ZCI6ImNsaWVudHNtIiwidWlkIjoieXgtUzlTQXdSMG00aktkYnp0YVREZyIsInppZCI6IjdkNmZlOGE0NDkyNDRiZDQ5NDRjZDJjYWYzYzQwYjUyIiwic2siOiIwIiwic3R5IjoxMDAsIndjZCI6InVzMDQiLCJleHAiOjE3MjE5NzczNjcsImlhdCI6MTcyMTk3MDE2NywiYWlkIjoiTmE0VlZzQmlTTldkdS1aWEc1U3JrdyIsImNpZCI6IiJ9.jkd5A5E7IQQd9Unuc14WtD6JdTjFuRSLxnu7boUQC7Q','7r4eusfgO0zpipgNdUrLDeNYZSZ6Gb.1','2024-07-26 05:02:47','2024-07-26 05:02:47'),(31,'72255641736','XOJq3sNhRd+LbB9XMYcCWg==','judah Meidical Appointment with Dr. Amarachi Eke','https://us04web.zoom.us/j/72255641736?pwd=tJVV8UJcpQjrQPvBY45yCWWEpgaQaJ.1','https://us04web.zoom.us/s/72255641736?zak=eyJ0eXAiOiJKV1QiLCJzdiI6IjAwMDAwMSIsInptX3NrbSI6InptX28ybSIsImFsZyI6IkhTMjU2In0.eyJpc3MiOiJ3ZWIiLCJjbHQiOjAsIm1udW0iOiI3MjI1NTY0MTczNiIsImF1ZCI6ImNsaWVudHNtIiwidWlkIjoieXgtUzlTQXdSMG00aktkYnp0YVREZyIsInppZCI6ImZlYjk0YmQ4ODEzZDQ5MWFhMWNhMDRkODg2NDFkNTgwIiwic2siOiIwIiwic3R5IjoxMDAsIndjZCI6InVzMDQiLCJleHAiOjE3MjczNjQzNzAsImlhdCI6MTcyNzM1NzE3MCwiYWlkIjoiTmE0VlZzQmlTTldkdS1aWEc1U3JrdyIsImNpZCI6IiJ9.Qiy1maKkbw7t8aD4FOTDW2UQCM2YvMy5aTmgsbr0xGU','tJVV8UJcpQjrQPvBY45yCWWEpgaQaJ.1','2024-09-26 13:26:10','2024-09-26 13:26:10'),(32,'76853741438','7mYEqZQgQS+KIJhMcdUL7A==','chinedum roland eke Meidical Appointment with Dr. Amarachi Eke','https://us04web.zoom.us/j/76853741438?pwd=832u6wmHih9SR0nWDznbsNgzG2IPoH.1','https://us04web.zoom.us/s/76853741438?zak=eyJ0eXAiOiJKV1QiLCJzdiI6IjAwMDAwMSIsInptX3NrbSI6InptX28ybSIsImFsZyI6IkhTMjU2In0.eyJpc3MiOiJ3ZWIiLCJjbHQiOjAsIm1udW0iOiI3Njg1Mzc0MTQzOCIsImF1ZCI6ImNsaWVudHNtIiwidWlkIjoieXgtUzlTQXdSMG00aktkYnp0YVREZyIsInppZCI6IjgyM2FhNzNlOTRiYTQxNGU5NThkMzYwMThlMDA1NGViIiwic2siOiIwIiwic3R5IjoxMDAsIndjZCI6InVzMDQiLCJleHAiOjE3Mjg5MTI1MjQsImlhdCI6MTcyODkwNTMyNCwiYWlkIjoiTmE0VlZzQmlTTldkdS1aWEc1U3JrdyIsImNpZCI6IiJ9.JeMSU6cPyvDmAxUy1ICQf2MBxVgYl5U8on5hN0WbYnI','832u6wmHih9SR0nWDznbsNgzG2IPoH.1','2024-10-14 11:28:44','2024-10-14 11:28:44'),(33,'75749658108','5K6cK/wARj602G+PE9DmDQ==','jad Meidical Appointment with Dr. Amarachi Eke','https://us04web.zoom.us/j/75749658108?pwd=4r6nOj0VxMFrKzQ3wNm6CDyzLCibU3.1','https://us04web.zoom.us/s/75749658108?zak=eyJ0eXAiOiJKV1QiLCJzdiI6IjAwMDAwMSIsInptX3NrbSI6InptX28ybSIsImFsZyI6IkhTMjU2In0.eyJpc3MiOiJ3ZWIiLCJjbHQiOjAsIm1udW0iOiI3NTc0OTY1ODEwOCIsImF1ZCI6ImNsaWVudHNtIiwidWlkIjoieXgtUzlTQXdSMG00aktkYnp0YVREZyIsInppZCI6IjgxMzEzZjFjMTYxOTQ1YzY4YTFlZjBkNmQ3OGNiM2IxIiwic2siOiIwIiwic3R5IjoxMDAsIndjZCI6InVzMDQiLCJleHAiOjE3MjkwMDEzNDEsImlhdCI6MTcyODk5NDE0MSwiYWlkIjoiTmE0VlZzQmlTTldkdS1aWEc1U3JrdyIsImNpZCI6IiJ9.d1dLwJvrcxK4aaeKkqAeikOLRCT_KOVH12afbNj2bYc','4r6nOj0VxMFrKzQ3wNm6CDyzLCibU3.1','2024-10-15 12:09:01','2024-10-15 12:09:01'),(34,'76058316177','G8wUb8SvQIyBphbegzataw==','john doe Meidical Appointment with Dr. Amarachi Eke','https://us04web.zoom.us/j/76058316177?pwd=bywgpMfucgdKIvbPvyGVjyym6hbaM7.1','https://us04web.zoom.us/s/76058316177?zak=eyJ0eXAiOiJKV1QiLCJzdiI6IjAwMDAwMSIsInptX3NrbSI6InptX28ybSIsImFsZyI6IkhTMjU2In0.eyJpc3MiOiJ3ZWIiLCJjbHQiOjAsIm1udW0iOiI3NjA1ODMxNjE3NyIsImF1ZCI6ImNsaWVudHNtIiwidWlkIjoieXgtUzlTQXdSMG00aktkYnp0YVREZyIsInppZCI6IjM2ODgxNDI5YjI4NjRhMmNhZDZjOTA5NzRmODczNmI2Iiwic2siOiIwIiwic3R5IjoxMDAsIndjZCI6InVzMDQiLCJleHAiOjE3MzI2NDA4MjEsImlhdCI6MTczMjYzMzYyMSwiYWlkIjoiTmE0VlZzQmlTTldkdS1aWEc1U3JrdyIsImNpZCI6IiJ9.yL0sG1Kk0rr5AFw2uROArFS7Fnrrr6TMKzqThJtj5po','bywgpMfucgdKIvbPvyGVjyym6hbaM7.1','2024-11-26 15:07:01','2024-11-26 15:07:01'),(35,'77874150898','TPG1IefaTl2qcWEOm692QQ==','rebecca faith conteh Meidical Appointment with Dr. Nyalema Moiwa','https://us04web.zoom.us/j/77874150898?pwd=gseBb1NX8m6aDVUnaaO119eVPAL0Ej.1','https://us04web.zoom.us/s/77874150898?zak=eyJ0eXAiOiJKV1QiLCJzdiI6IjAwMDAwMSIsInptX3NrbSI6InptX28ybSIsImFsZyI6IkhTMjU2In0.eyJpc3MiOiJ3ZWIiLCJjbHQiOjAsIm1udW0iOiI3Nzg3NDE1MDg5OCIsImF1ZCI6ImNsaWVudHNtIiwidWlkIjoieXgtUzlTQXdSMG00aktkYnp0YVREZyIsInppZCI6ImE5MWIwOTI0NmMxMTQwYTU5ZDJjMzAyNzdmZTUxM2FjIiwic2siOiIwIiwic3R5IjoxMDAsIndjZCI6InVzMDQiLCJleHAiOjE3MzI4MTQ1MDgsImlhdCI6MTczMjgwNzMwOCwiYWlkIjoiTmE0VlZzQmlTTldkdS1aWEc1U3JrdyIsImNpZCI6IiJ9.cC3stxMaPsWw9x-UGJdkIyiwuGKe8my3gNMrZGJmR50','gseBb1NX8m6aDVUnaaO119eVPAL0Ej.1','2024-11-28 15:21:48','2024-11-28 15:21:48'),(36,'72284403488','ZIrpkQqgSV+jFcMO1iuIaQ==','matthew diouf Meidical Appointment with Dr. Nyalema Moiwa','https://us04web.zoom.us/j/72284403488?pwd=az6cg6U93zaoUATwyCvkcY3LWthCnr.1','https://us04web.zoom.us/s/72284403488?zak=eyJ0eXAiOiJKV1QiLCJzdiI6IjAwMDAwMSIsInptX3NrbSI6InptX28ybSIsImFsZyI6IkhTMjU2In0.eyJpc3MiOiJ3ZWIiLCJjbHQiOjAsIm1udW0iOiI3MjI4NDQwMzQ4OCIsImF1ZCI6ImNsaWVudHNtIiwidWlkIjoieXgtUzlTQXdSMG00aktkYnp0YVREZyIsInppZCI6ImMwNTdlMmQ0ZWViZjQyYjA4OThiNmZjZWYxNDU1ODhkIiwic2siOiIwIiwic3R5IjoxMDAsIndjZCI6InVzMDQiLCJleHAiOjE3MzI4MTQ1NDksImlhdCI6MTczMjgwNzM0OSwiYWlkIjoiTmE0VlZzQmlTTldkdS1aWEc1U3JrdyIsImNpZCI6IiJ9.VAdHZ03EDnN05h7zMOhmRJ5aM55uQq8GmxOcedxWtTU','az6cg6U93zaoUATwyCvkcY3LWthCnr.1','2024-11-28 15:22:29','2024-11-28 15:22:29'),(37,'75463145244','FiuJhf6mRlWvDhgl/8AtFA==','rebecca faith conteh Meidical Appointment with Dr. Nyalema Moiwa','https://us04web.zoom.us/j/75463145244?pwd=W2p3X9yJMT5llGS0qw8mCj9GZhSt3f.1','https://us04web.zoom.us/s/75463145244?zak=eyJ0eXAiOiJKV1QiLCJzdiI6IjAwMDAwMSIsInptX3NrbSI6InptX28ybSIsImFsZyI6IkhTMjU2In0.eyJpc3MiOiJ3ZWIiLCJjbHQiOjAsIm1udW0iOiI3NTQ2MzE0NTI0NCIsImF1ZCI6ImNsaWVudHNtIiwidWlkIjoieXgtUzlTQXdSMG00aktkYnp0YVREZyIsInppZCI6ImYxMTRhZGJiZGExNjQ1ZDhiYzlhNzFmYmIxYjgxOWEwIiwic2siOiIwIiwic3R5IjoxMDAsIndjZCI6InVzMDQiLCJleHAiOjE3MzI4MTUyMzUsImlhdCI6MTczMjgwODAzNSwiYWlkIjoiTmE0VlZzQmlTTldkdS1aWEc1U3JrdyIsImNpZCI6IiJ9.13CtIIbOFjYpz1gr55qn3_1TTtJOh3QbwVKibj6a-d4','W2p3X9yJMT5llGS0qw8mCj9GZhSt3f.1','2024-11-28 15:33:55','2024-11-28 15:33:55'),(38,'74393337782','sa7WR3BoS2mwKxoJIehHsQ==','chinedum roland eke Meidical Appointment with Dr. Amarachi Eke','https://us04web.zoom.us/j/74393337782?pwd=nIF8zhbSOTziOKcZSPrK07dlVveUaQ.1','https://us04web.zoom.us/s/74393337782?zak=eyJ0eXAiOiJKV1QiLCJzdiI6IjAwMDAwMSIsInptX3NrbSI6InptX28ybSIsImFsZyI6IkhTMjU2In0.eyJpc3MiOiJ3ZWIiLCJjbHQiOjAsIm1udW0iOiI3NDM5MzMzNzc4MiIsImF1ZCI6ImNsaWVudHNtIiwidWlkIjoieXgtUzlTQXdSMG00aktkYnp0YVREZyIsInppZCI6ImJmZWMxMDE3ODMxMDRjM2NiODg4MTQyODY1ZjQyMzdmIiwic2siOiIwIiwic3R5IjoxMDAsIndjZCI6InVzMDQiLCJleHAiOjE3MzY3MDQ5NTMsImlhdCI6MTczNjY5Nzc1MywiYWlkIjoiTmE0VlZzQmlTTldkdS1aWEc1U3JrdyIsImNpZCI6IiJ9.xUssm9ZFbr28cX-_lRgKK5cgLiTjAde2z97mmP6oJ7Q','nIF8zhbSOTziOKcZSPrK07dlVveUaQ.1','2025-01-12 16:02:33','2025-01-12 16:02:33'),(39,'78598802159','+lXkr4tbTEa3IozAPPzZzQ==','janet cane Meidical Appointment with Dr. Amarachi Eke','https://us04web.zoom.us/j/78598802159?pwd=WKtBG4sdEHvo7IU4kFzpvQYqE9TGe5.1','https://us04web.zoom.us/s/78598802159?zak=eyJ0eXAiOiJKV1QiLCJzdiI6IjAwMDAwMSIsInptX3NrbSI6InptX28ybSIsImFsZyI6IkhTMjU2In0.eyJpc3MiOiJ3ZWIiLCJjbHQiOjAsIm1udW0iOiI3ODU5ODgwMjE1OSIsImF1ZCI6ImNsaWVudHNtIiwidWlkIjoieXgtUzlTQXdSMG00aktkYnp0YVREZyIsInppZCI6IjM2YjIwNGRkNDgwMzQ0N2JiNTkyODE1NzgyYmQ1ODE0Iiwic2siOiIwIiwic3R5IjoxMDAsIndjZCI6InVzMDQiLCJleHAiOjE3MzY3NTc5MTIsImlhdCI6MTczNjc1MDcxMiwiYWlkIjoiTmE0VlZzQmlTTldkdS1aWEc1U3JrdyIsImNpZCI6IiJ9.7Dp1fSAy5HRonxietrFS1Lfl9bOX03Z1mC2eBLxPM9I','WKtBG4sdEHvo7IU4kFzpvQYqE9TGe5.1','2025-01-13 06:45:12','2025-01-13 06:45:12'),(40,'75795918748','ZI5+4SOlR/q/DM33LypM2g==','chinedum eke Meidical Appointment with Dr. Amarachi Eke','https://us04web.zoom.us/j/75795918748?pwd=EQ0HJP09sjREaCuiKg7vr13bAohaKH.1','https://us04web.zoom.us/s/75795918748?zak=eyJ0eXAiOiJKV1QiLCJzdiI6IjAwMDAwMSIsInptX3NrbSI6InptX28ybSIsImFsZyI6IkhTMjU2In0.eyJpc3MiOiJ3ZWIiLCJjbHQiOjAsIm1udW0iOiI3NTc5NTkxODc0OCIsImF1ZCI6ImNsaWVudHNtIiwidWlkIjoieXgtUzlTQXdSMG00aktkYnp0YVREZyIsInppZCI6IjdiMmY4NWVlYTZhNDQ4MWZiZWFiY2EzY2NhYjhiZmQ0Iiwic2siOiIwIiwic3R5IjoxMDAsIndjZCI6InVzMDQiLCJleHAiOjE3MzY3NzE5MTIsImlhdCI6MTczNjc2NDcxMiwiYWlkIjoiTmE0VlZzQmlTTldkdS1aWEc1U3JrdyIsImNpZCI6IiJ9.gwMQTsrnv97jo-sz9PfzaH_0lRu6tT5bQR09tJ212Xk','EQ0HJP09sjREaCuiKg7vr13bAohaKH.1','2025-01-13 10:38:32','2025-01-13 10:38:32');
/*!40000 ALTER TABLE `zoom_meetings` ENABLE KEYS */;
UNLOCK TABLES;
/*!40103 SET TIME_ZONE=@OLD_TIME_ZONE */;

/*!40101 SET SQL_MODE=@OLD_SQL_MODE */;
/*!40014 SET FOREIGN_KEY_CHECKS=@OLD_FOREIGN_KEY_CHECKS */;
/*!40014 SET UNIQUE_CHECKS=@OLD_UNIQUE_CHECKS */;
/*!40101 SET CHARACTER_SET_CLIENT=@OLD_CHARACTER_SET_CLIENT */;
/*!40101 SET CHARACTER_SET_RESULTS=@OLD_CHARACTER_SET_RESULTS */;
/*!40101 SET COLLATION_CONNECTION=@OLD_COLLATION_CONNECTION */;
/*!40111 SET SQL_NOTES=@OLD_SQL_NOTES */;

-- Dump completed on 2025-05-27 11:43:46
